51243e,53c206,529202,53bc39,time
16.25,22.687,22.062,18.25,1783098785.2280521
15.875,22.625,22.062,18.312,1783098844.5880635
15.625,22.625,22.062,18.312,1783098904.944067
15.75,22.625,22.062,18.312,1783098965.3240545
15.625,22.687,22.062,18.375,1783099024.6840634
14.812,22.625,22.062,18.312,1783099085.0999732
14.875,22.625,22.062,18.125,1783099144.4600608
14.875,22.687,22.062,18.187,1783099204.8120499
14.625,22.687,22.062,18.187,1783099265.1960557
15.375,22.687,22.125,18.25,1783099324.556057
14.75,22.687,22.125,18.312,1783099384.908059
14.937,22.687,22.125,18.312,1783099445.2600577
15.25,22.687,22.125,18.375,1783099504.6520727
14.875,22.687,22.125,18.437,1783099565.0039804
15.187,22.687,22.125,18.5,1783099624.3640525
14.875,22.75,22.125,18.5,1783099684.7160666
15.062,22.75,22.125,18.437,1783099745.0679715
15.312,22.75,22.125,18.5,1783099804.4920595
15.375,22.75,22.125,18.562,1783099864.8440514
15.562,22.75,22.125,18.625,1783099925.1960719
15.125,22.75,22.125,18.625,1783099984.5560582
14.875,22.75,22.125,18.562,1783100044.8444886
15.187,22.75,22.187,18.562,1783100105.2280617
15.312,22.75,22.187,18.562,1783100164.6520534
15.062,22.75,22.187,18.687,1783100225.035985
14.625,22.687,22.187,18.5,1783100284.3960514
13.5,22.75,22.187,18.25,1783100344.7480679
13.562,22.75,22.187,18,1783100405.1000633
13.937,22.75,22.187,17.875,1783100464.4600692
14.812,22.812,22.187,17.875,1783100524.8760638
13.875,22.812,22.187,17.875,1783100585.232063
13.812,22.812,22.187,17.812,1783100644.5245106
13.687,22.812,22.25,17.812,1783100704.908513
13.5,22.812,22.25,17.875,1783100765.2285786
13.25,22.75,22.187,17.812,1783100824.5880537
13.625,22.812,22.187,17.937,1783100885.0039961
13.687,22.75,22.25,18.187,1783100944.3320613
13.312,22.75,22.25,18.5,1783101004.6840649
13.375,22.75,22.25,18.687,1783101065.0359802
13.312,22.75,22.25,18.812,1783101124.396055
13.375,22.687,22.25,18.937,1783101184.6840668
13.187,22.687,22.25,19.125,1783101244.9720538
13.062,22.687,22.187,19.125,1783101305.3880727
13.75,22.687,22.25,19.25,1783101364.7480571
14.687,22.687,22.25,19.375,1783101425.0999775
15.437,22.687,22.25,19.437,1783101484.3965607
15.312,22.625,22.25,19.625,1783101544.7160637
14.812,22.562,22.187,19.75,1783101605.0039861
14.812,22.625,22.25,19.75,1783101664.396057
15.375,22.625,22.187,19.625,1783101724.7480626
15.437,22.625,22.187,19.75,1783101785.1319683
15.187,22.625,22.187,19.937,1783101844.4920533
14.875,22.625,22.187,19.937,1783101904.8440545
15,22.625,22.25,20,1783101965.1960678
15.625,22.625,22.187,20,1783102024.6200645
16.125,22.625,22.187,20.187,1783102084.9720511
16.125,22.562,22.187,20.25,1783102145.3240654
15.312,22.562,22.187,20.187,1783102204.6840627
15.375,22.625,22.25,20.25,1783102265.0359802
15.25,22.625,22.187,20.187,1783102324.396053
14.812,22.562,22.187,20.25,1783102384.812068
15.187,22.625,22.187,20.312,1783102445.1639853
15.187,22.562,22.187,20.437,1783102504.5240564
14.687,22.562,22.187,20.625,1783102564.8760588
14.125,22.562,22.187,20.625,1783102625.1643732
14.5,22.562,22.187,20.625,1783102684.556055
14.437,22.562,22.187,20.625,1783102744.972051
15,22.562,22.125,20.75,1783102805.324058
15.187,22.562,22.125,20.937,1783102864.684517
15.5,22.562,22.187,21,1783102925.0683692
16,22.562,22.125,21.125,1783102984.460056
16.25,22.625,22.187,21.375,1783103044.7480526
16.375,22.625,22.125,21.375,1783103105.1639726
16.375,22.625,22.187,21.437,1783103164.5240576
15.687,22.625,22.125,21.437,1783103224.876067
15.812,22.562,22.125,21.5,1783103285.2320495
15.75,22.562,22.187,21.375,1783103344.5880558
16.25,22.625,22.125,21.375,1783103404.940055
14.75,22.625,22.125,21.375,1783103465.2600539
16.062,22.625,22.125,21.437,1783103524.6520681
15.875,22.625,22.125,21.5,1783103585.0039945
16.5,22.625,22.187,21.625,1783103644.364059
16,22.687,22.125,21.687,1783103704.7160702
15.937,22.625,22.125,21.687,1783103765.0679812
16.437,22.625,22.187,21.625,1783103824.4920664
16.375,22.625,22.125,21.5,1783103884.8440719
16.625,22.687,22.125,21.625,1783103945.1960618
15.875,22.687,22.125,21.687,1783104004.5560632
16.125,22.625,22.125,21.75,1783104064.9080608
16.375,22.625,22.125,21.812,1783104125.1960793
16.375,22.625,22.125,21.875,1783104184.620391
16.062,22.625,22.125,21.75,1783104245.0040038
15.812,22.625,22.125,21.687,1783104304.3004751
16.125,22.625,22.125,21.562,1783104364.6845002
15.937,22.625,22.125,21.562,1783104425.0679877
15.562,22.625,22.125,21.5,1783104484.3640573
15.75,22.625,22.125,21.562,1783104544.7800632
16.625,22.625,22.125,21.625,1783104605.1319828
16.25,22.625,22.125,21.812,1783104664.492064
16.625,22.625,22.125,21.937,1783104724.8440733
16.5,22.625,22.125,22,1783104785.196064
17.062,22.625,22.125,22,1783104844.5560527
17.125,22.625,22.125,22.125,1783104904.972048
16.562,22.625,22.062,22.125,1783104965.3240595
16.062,22.625,22.125,22.062,1783105024.6840577
16.187,22.625,22.125,22.062,1783105084.972495
16.25,22.625,22.125,22.062,1783105144.268071
16,22.625,22.062,22.125,1783105204.6200697
16.375,22.625,22.125,22.125,1783105265.0359817
15.937,22.625,22.125,22.125,1783105324.3960562
15.625,22.625,22.125,22.062,1783105384.7480552
15.5,22.687,22.125,22,1783105445.0999782
15.437,22.687,22.125,22,1783105504.4600585
15.75,22.687,22.125,22.062,1783105564.7480657
16.125,22.75,22.125,22.125,1783105625.0999746
15.812,22.687,22.125,22.125,1783105684.4920602
15.5,22.687,22.125,22,1783105744.8440497
15.687,22.687,22.062,22,1783105805.1960578
16.375,22.687,22.125,22.125,1783105864.5560539
16,22.75,22.125,22.187,1783105924.9080532
15.562,22.75,22.125,22.062,1783105985.260057
15.375,22.75,22.125,22.062,1783106044.6840591
16.125,22.75,22.125,22.062,1783106105.0359857
15.812,22.75,22.125,22.125,1783106164.3960547
15.687,22.812,22.125,22.062,1783106225
15.437,22.812,22.125,22,1783106285.099973
15.312,22.875,22.125,22,1783106344.460052
15.437,22.875,22.125,21.937,1783106404.876067
15.187,22.875,22.125,21.937,1783106465.2360656
15.812,22.875,22.125,21.937,1783106524.5880723
15.812,22.937,22.125,22,1783106584.940046
15.437,22.937,22.125,22,1783106645.292065
15.375,22.875,22.125,22.062,1783106704.652055
15.625,22.812,22.125,22.125,1783106765.0679746
16.062,22.812,22.125,22.187,1783106824.4280493
15.437,22.812,22.125,22.187,1783106884.7800574
15.875,22.812,22.125,22.125,1783106945.1319745
16.312,22.812,22.125,22.25,1783107004
16.187,22.812,22.125,22.25,1783107064.8440676
15.875,22.812,22.125,22.187,1783107125.163985
15.937,22.812,22.125,22.125,1783107184.5560577
15.312,22.812,22.125,22.062,1783107244.908068
16.062,22.812,22.187,22.125,1783107305.2600539
15.375,22.812,22.125,22.187,1783107364.6200612
15.687,22.812,22.125,22.25,1783107424.972054
15.5,22.875,22.125,22.187,1783107485.3240669
15.562,22.875,22.125,22.187,1783107544.7480648
15.5,22.875,22.125,22.125,1783107605.0999804
15.625,22.875,22.125,22.187,1783107664.4600525
15.75,22.812,22.125,22.312,1783107724.7485244
15.312,22.812,22.125,22.437,1783107785.1319795
15.187,22.812,22.125,22.437,1783107844.4920533
15.5,22.875,22.125,22.375,1783107904.9080648
15.875,22.875,22.187,22.375,1783107965.260066
16.5,22.812,22.187,22.437,1783108024.6200564
15.937,22.875,22.125,22.5,1783108084.9720511
15.937,22.875,22.187,22.5,1783108145.3240726
16.187,22.875,22.125,22.5,1783108204.6200707
16.437,22.875,22.187,22.625,1783108265.0359871
15.687,22.812,22.125,22.625,1783108324.3960555
15.25,22.812,22.125,22.625,1783108384.7480683
15.875,22.812,22.125,22.375,1783108445.0999792
15.75,22.812,22.125,22.562,1783108504.4600587
15.937,22.875,22.125,22.625,1783108564.8120716
14.687,22.875,22.125,22.375,1783108625.1639755
14.75,22.875,22.125,22.062,1783108684.5560668
15.437,22.812,22.125,22.187,1783108744.9084852
15.312,22.75,22.125,22.375,1783108805.2285304
15.5,22.812,22.187,22.437,1783108864.5880527
15.687,22.812,22.125,22.5,1783108924.8760686
15.812,22.812,22.187,22.562,1783108985.1639879
15.437,22.875,22.125,22.437,1783109044.556058
14.937,22.812,22.187,22.375,1783109104.940066
15.062,22.75,22.187,22.187,1783109165.2285647
14.937,22.812,22.187,22.25,1783109224.6200597
14.937,22.812,22.187,22.25,1783109284.9080546
15.062,22.812,22.187,22.25,1783109345.2323618
15.187,22.75,22.187,22.375,1783109404.652055
15.687,22.812,22.187,22.437,1783109465.0039992
15.437,22.812,22.187,22.5,1783109524.3640628
15.25,22.812,22.187,22.5,1783109584.7160566
14.937,22.875,22.187,22.5,1783109645.0679777
14.875,22.875,22.187,22.375,1783109704.4280484
15.187,22.875,22.187,22.375,1783109764.8760552
15.5,22.875,22.187,22.562,1783109825.2360544
15,22.875,22.187,22.5,1783109884.5245411
14.812,22.812,22.187,22.312,1783109944.9080577
15.375,22.812,22.187,22.312,1783110005.1965387
15.25,22.812,22.187,22.562,1783110064.5880544
14.75,22.75,22.187,22.562,1783110125
15.625,22.875,22.187,22.5,1783110184.3640583
16.5,22.812,22.187,22.625,1783110244.7160702
15.437,22.875,22.187,22.687,1783110305.004472
16,22.812,22.187,22.687,1783110364.3960588
15.437,22.875,22.187,22.687,1783110424.684069
14.812,22.812,22.187,22.562,1783110485.003999
15.187,22.875,22.187,22.437,1783110544.3960593
16.187,22.875,22.187,22.5,1783110604.7480595
15.375,22.875,22.25,22.562,1783110665.0999775
15.437,22.875,22.187,22.5,1783110724.4600658
15.375,22.937,22.25,22.5,1783110784.8120692
15.687,22.937,22.25,22.5,1783110845.1639798
15.25,22.875,22.25,22.625,1783110904.5880516
15.25,22.937,22.187,22.5,1783110964.940065
15.312,22.937,22.25,22.5,1783111025
15.25,22.937,22.25,22.5,1783111084.684059
15.375,22.937,22.25,22.5,1783111145.035979
15.375,22.937,22.25,22.437,1783111204.3960571
15.25,22.937,22.187,22.5,1783111264.8120668
15.062,22.937,22.25,22.437,1783111325.1639886
14.687,22.937,22.25,22.375,1783111384.5240583
14.875,23,22.25,22.25,1783111444.876057
15.312,23,22.25,22.25,1783111505.2280512
15.25,22.937,22.25,22.375,1783111564.5880566
15.437,22.937,22.25,22.375,1783111625.0039961
15.125,22.875,22.187,22.312,1783111684.3640494
15.562,22.875,22.25,22.312,1783111744.7160652
15.375,22.875,22.25,22.375,1783111805.0044885
15.187,22.875,22.187,22.437,1783111864.332423
15,22.875,22.25,22.312,1783111924.6520617
14.937,22.875,22.25,22.25,1783111985.0679743
14.875,22.937,22.25,22.25,1783112044.4280682
15,22.875,22.25,22.187,1783112104.7800524
15.125,22.875,22.25,22.187,1783112165.1319766
14.625,22.812,22.25,22.187,1783112224.4920568
14.812,22.812,22.25,22.437,1783112284.7800524
15,22.812,22.25,22.562,1783112345.0999763
15.437,22.812,22.25,22.625,1783112404.4920712
14.687,22.875,22.25,22.562,1783112464.844068
15.312,22.875,22.25,22.562,1783112525.1323738
15.312,22.937,22.25,22.562,1783112584.4604928
15.187,22.875,22.25,22.5,1783112644.7800617
15.375,22.875,22.25,22.437,1783112705.1319802
15.187,22.875,22.25,22.437,1783112764.5560575
15.812,22.937,22.25,22.312,1783112824.9080608
15.125,22.812,22.25,22.25,1783112885.2600558
14.75,22.875,22.25,22.125,1783112945
14.937,22.875,22.25,22.125,1783113004.9720476
14.812,22.875,22.25,22.125,1783113065.3560684
15.25,22.875,22.25,22.125,1783113124.7800632
14.812,22.812,22.312,22.062,1783113185.1319876
14.687,22.875,22.25,22,1783113244.492065
14.687,22.812,22.25,21.875,1783113304.780499
14.937,22.75,22.25,21.812,1783113365.1003714
14.875,22.75,22.25,21.812,1783113424.4600556
15.187,22.75,22.25,21.937,1783113484.8760722
14.875,22.75,22.25,21.875,1783113545.2320476
14.875,22.75,22.25,21.812,1783113604.5880578
15.5,22.687,22.25,21.875,1783113664.9400487
15.187,22.75,22.25,22.062,1783113725.292068
14.937,22.687,22.25,22.25,1783113784.6525156
15.312,22.687,22.25,22.25,1783113845.0999777
15,22.687,22.25,22.312,1783113904.4600694
14.875,22.75,22.25,22.125,1783113964.8440664
15,22.687,22.25,21.937,1783114025.1960804
14.5,22.687,22.312,21.875,1783114084.492507
14.812,22.687,22.25,21.812,1783114144.8760712
14.875,22.687,22.25,21.75,1783114205.1960785
14.125,22.687,22.25,21.625,1783114264.5880678
14.437,22.687,22.25,21.625,1783114324.9400704
14.437,22.625,22.25,21.75,1783114385.292066
14.562,22.625,22.25,21.812,1783114444.620065
14.25,22.625,22.25,21.75,1783114504.9720483
14.125,22.625,22.25,21.625,1783114565.3240533
14,22.625,22.25,21.5,1783114624.7480648
13.625,22.562,22.25,21.437,1783114685.099982
12.875,22.562,22.25,21.312,1783114744.4600594
12.625,22.562,22.25,21.25,1783114804.812053
12.562,22.562,22.25,21.25,1783114865.163983
12,22.5,22.25,21.187,1783114924.460068
11.875,22.5,22.25,21.187,1783114984.8760693
11.812,22.5,22.25,21.187,1783115045.2320657
11.75,22.5,22.187,21.125,1783115104.5244064
11.812,22.5,22.187,21.062,1783115164.908055
12.125,22.437,22.187,21,1783115225.1968238
11.812,22.437,22.187,20.812,1783115284.5560663
11.687,22.437,22.187,20.562,1783115344.9720523
11.625,22.375,22.187,20.187,1783115405.3240602
11.562,22.375,22.187,19.812,1783115464.6840682
11.437,22.375,22.187,19.437,1783115525.035983
11.75,22.375,22.187,19.062,1783115584
11.687,22.312,22.187,18.75,1783115644.7480595
11.625,22.312,22.187,18.5,1783115705.1639764
11.5,22.312,22.187,18.312,1783115764.5240583
11.562,22.312,22.187,18.062,1783115824.876048
11.562,22.312,22.187,17.937,1783115885.164371
11.5,22.312,22.187,17.687,1783115944.4925096
11.5,22.312,22.187,17.562,1783116004.876057
11.5,22.312,22.125,17.437,1783116065.2360573
11.375,22.25,22.125,17.375,1783116124.6200747
11.5,22.25,22.187,17.25,1783116184.972051
11.5,22.25,22.125,17.187,1783116245.3240633
11.437,22.25,22.125,17.125,1783116304.6840677
11.437,22.25,22.125,17,1783116365.035978
11.375,22.25,22.125,16.937,1783116424.4600558
11.437,22.25,22.125,16.875,1783116484.8120594
11.375,22.187,22.125,16.812,1783116545.1639767
11.375,22.25,22.125,16.75,1783116604.524049
11.312,22.25,22.125,16.687,1783116664.8124824
11.312,22.25,22.125,16.687,1783116725.1960611
11.25,22.25,22.125,16.625,1783116784.6200533
11.375,22.187,22.125,16.562,1783116844.9720514
11,22.187,22.125,16.5,1783116905.3240707
11.187,22.25,22.062,16.437,1783116964.684067
11.187,22.187,22.125,16.375,1783117025.0359807
11.187,22.187,22.062,16.312,1783117084.396062
11.125,22.187,22.125,16.25,1783117144.812058
10.875,22.187,22.125,16.187,1783117205.1639767
10.875,22.187,22.125,16.125,1783117264.5240633
10.937,22.187,22.062,16.062,1783117324.8760588
10.812,22.187,22.062,16,1783117385.2320468
10.875,22.187,22.062,15.937,1783117444.5880508
10.875,22.187,22.125,15.937,1783117505.0039926
10.875,22.187,22.062,15.875,1783117564.3640568
10.937,22.187,22.062,15.75,1783117624.7160716
11,22.187,22.062,15.687,1783117685.0045323
10.937,22.125,22.062,15.625,1783117744.3640556
11,22.187,22.062,15.625,1783117804.6520522
10.937,22.125,22.062,15.625,1783117864.9720466
10.937,22.125,22.062,15.562,1783117925.3880694
10.75,22.125,22.062,15.562,1783117984.7480555
10.875,22.187,22.062,15.5,1783118045
10.875,22.125,22.062,15.437,1783118104.4600563
10.875,22.125,22.062,15.375,1783118164.8120706
10.875,22.125,22.062,15.25,1783118225.1639864
10.812,22.125,22.062,15.187,1783118284.5560696
10.75,22.125,22.062,15.125,1783118344.9080622
10.75,22.125,22.062,15.125,1783118405.196779
10.687,22.125,22.062,15.062,1783118464.588059
10.687,22.125,22.062,15,1783118524.8760633
10.625,22.125,22,14.937,1783118585.2600648
10.562,22.125,22.062,14.937,1783118644.6840606
10.5,22.125,22,14.875,1783118705.035992
10.562,22.125,22,14.875,1783118764.3960688
10.562,22.125,22,14.812,1783118824.7480688
10.625,22.125,22,14.75,1783118885.0999842
10.625,22.062,22,14.687,1783118944.4600573
10.562,22.125,22,14.625,1783119004.8760633
10.5,22.125,22,14.562,1783119065.2320457
10.562,22.125,22,14.562,1783119124.5880558
10.625,22.062,22,14.562,1783119184.9400504
10.562,22,22,14.5,1783119245.2920563
10.562,22.062,22,14.437,1783119304.6520574
10.562,22.062,22,14.375,1783119365.0679817
10.625,22.062,22,14.312,1783119424.4280517
10.625,22.062,22,14.25,1783119484.780072
10.687,22.062,22,14.187,1783119545.1319757
10.562,22.062,22,14.187,1783119604.4920566
10.5,22.062,22,14.187,1783119664.844055
10.625,22,22,14.125,1783119725.1639822
10.562,22.062,21.937,14.062,1783119784.556065
10.562,22.062,22,14,1783119844.908048
10.5,22,21.937,14,1783119905.2600522
10.5,22.062,22,14,1783119964.6200566
10.5,22,22,13.937,1783120024.9720418
10.437,22,21.937,13.937,1783120085.3240523
10.437,22,21.937,13.875,1783120144.748069
10.437,22,21.937,13.875,1783120205.0999882
10.5,22,21.937,13.875,1783120264.3965147
10.437,22,21.937,13.875,1783120324.7800505
10.375,22,21.937,13.875,1783120385.1319828
10.312,22,21.937,13.875,1783120444.4920516
10.375,22,21.937,13.875,1783120504.9080648
10.375,22,21.937,13.812,1783120565.2600586
10.312,22,21.937,13.812,1783120624.6200674
10.375,22,21.937,13.75,1783120684.9720438
10.375,22,21.937,13.687,1783120745.3240566
10.312,22,21.937,13.687,1783120804.6840682
10.25,22,21.937,13.625,1783120865.1003597
10.312,22,21.937,13.562,1783120924.4920511
10.375,21.937,21.937,13.562,1783120984.844063
10.25,21.937,21.875,13.562,1783121045.1960788
10.312,21.937,21.875,13.5,1783121104.4925218
10.25,21.937,21.937,13.5,1783121164.876065
10.125,21.937,21.875,13.5,1783121225.2320535
10,21.937,21.875,13.5,1783121285
10.25,21.937,21.937,13.437,1783121344.9720514
10.125,21.937,21.875,13.437,1783121405.3240654
10.125,21.937,21.875,13.437,1783121464.6840677
10.187,21.937,21.937,13.375,1783121524.9720478
10.25,21.937,21.875,13.375,1783121585.3240588
10.187,21.875,21.875,13.312,1783121644.7480574
10.25,21.937,21.875,13.25,1783121705.099974
10.187,21.937,21.875,13.25,1783121764.4600554
10.125,21.937,21.937,13.25,1783121824.812051
10.125,21.937,21.875,13.187,1783121885.100369
10,21.875,21.875,13.125,1783121944.4280574
10.125,21.937,21.875,13.125,1783122004.876057
10.062,21.937,21.875,13.062,1783122065.2320495
10.125,21.937,21.875,13.062,1783122125
10.125,21.937,21.875,13,1783122184.876476
10.062,21.875,21.875,13,1783122245.2605038
10.125,21.875,21.875,13,1783122304.5560527
10.062,21.937,21.875,12.875,1783122364.972044
10.062,21.875,21.875,12.875,1783122425.3240545
10,21.875,21.875,12.937,1783122484.6840737
10,21.875,21.875,12.875,1783122545.0359933
10.062,21.875,21.875,12.875,1783122604.3960643
10.125,21.875,21.875,12.812,1783122664.748067
10.062,21.875,21.875,12.812,1783122725.1639733
10.062,21.875,21.875,12.75,1783122784.5240505
10.125,21.937,21.875,12.812,1783122844.8760567
10.125,21.875,21.875,12.75,1783122905.2280567
10,21.875,21.875,12.75,1783122964.588055
10,21.875,21.875,12.687,1783123024.9400723
9.937,21.875,21.875,12.687,1783123085.292071
10.062,21.875,21.875,12.687,1783123144.6520667
10.062,21.875,21.875,12.687,1783123205.0039968
10.062,21.875,21.875,12.687,1783123264.3640537
9.937,21.875,21.875,12.687,1783123324.7160537
9.875,21.875,21.875,12.687,1783123385.067981
9.812,21.875,21.875,12.687,1783123444
9.812,21.875,21.875,12.687,1783123504.8440583
9.812,21.875,21.875,12.687,1783123565.1960666
9.812,21.875,21.812,12.687,1783123624.556501
9.812,21.875,21.812,12.625,1783123684.9400697
9.812,21.812,21.812,12.625,1783123745.2920606
9.812,21.875,21.812,12.562,1783123804.7165124
9.812,21.875,21.875,12.562,1783123865.0999858
9.812,21.875,21.812,12.5,1783123924.460057
9.75,21.812,21.812,12.5,1783123984.8120573
9.875,21.875,21.812,12.437,1783124045.1639853
9.812,21.875,21.812,12.437,1783124104.524058
9.812,21.812,21.812,12.437,1783124164.9400566
9.875,21.875,21.812,12.375,1783124225.292067
9.812,21.875,21.875,12.437,1783124284.5885046
9.812,21.875,21.812,12.375,1783124344.9720473
9.812,21.875,21.812,12.375,1783124405.3240576
9.875,21.812,21.812,12.375,1783124464.6200674
9.75,21.812,21.812,12.312,1783124525.0359912
9.687,21.875,21.812,12.312,1783124584.3960564
9.562,21.875,21.812,12.312,1783124644.7480645
9.5,21.812,21.812,12.312,1783124705.0999694
9.625,21.812,21.812,12.25,1783124764.3965447
9.562,21.812,21.812,12.25,1783124824.7800555
9.437,21.812,21.812,12.187,1783124885.131975
9.375,21.812,21.812,12.187,1783124944.524065
9.375,21.812,21.812,12.125,1783125004.8760576
9.375,21.812,21.812,12.125,1783125065.228072
9.375,21.812,21.812,12.125,1783125124.5880568
9.375,21.875,21.812,12.125,1783125184.940054
9.25,21.812,21.812,12.125,1783125245.292066
9.25,21.812,21.812,12.062,1783125304.716516
9.312,21.812,21.812,12.062,1783125365.0999985
9.375,21.812,21.812,12,1783125424.396477
9.312,21.812,21.812,12,1783125484.7800555
9.312,21.812,21.812,12,1783125545.1319842
9.312,21.812,21.812,11.937,1783125604.4925058
9.25,21.812,21.812,11.937,1783125664.9400659
9.25,21.812,21.812,11.937,1783125725.292066
9.312,21.875,21.812,11.937,1783125784.6520586
9.312,21.875,21.812,11.875,1783125845.0040028
9.25,21.812,21.812,11.875,1783125904.3640568
9.187,21.812,21.812,11.875,1783125964.7160609
9.25,21.812,21.75,11.875,1783126025.1319776
9.312,21.812,21.75,11.812,1783126084.4920561
9.25,21.812,21.812,11.812,1783126144.8440642
9.25,21.812,21.812,11.75,1783126205.1960802
9.25,21.812,21.812,11.75,1783126264.5563965
9.312,21.812,21.812,11.687,1783126324.8760588
9.25,21.812,21.75,11.687,1783126385.1960824
9.25,21.812,21.812,11.687,1783126444.5880625
9.187,21.812,21.812,11.625,1783126504.9400535
9.187,21.812,21.75,11.625,1783126565.2324493
9.25,21.812,21.812,11.625,1783126624.588057
9.25,21.812,21.75,11.625,1783126684.8760703
9.187,21.812,21.75,11.625,1783126745
9.25,21.75,21.75,11.625,1783126804.6520557
9.25,21.812,21.75,11.562,1783126865.0040028
9.25,21.812,21.75,11.562,1783126924.3640537
9.312,21.812,21.75,11.562,1783126984.6524925
9.25,21.812,21.75,11.562,1783127045.0359879
9.187,21.75,21.75,11.562,1783127104.396068
9.187,21.75,21.812,11.562,1783127164.8120592
9.187,21.812,21.75,11.562,1783127225.1639807
9.187,21.812,21.75,11.5,1783127284.460496
9.187,21.812,21.75,11.5,1783127344.8440547
9.25,21.812,21.75,11.5,1783127405.1960602
9.187,21.812,21.75,11.5,1783127464.5560672
9.062,21.75,21.75,11.5,1783127524.9720514
9.125,21.812,21.75,11.5,1783127585.3280754
9,21.75,21.75,11.5,1783127644.6840682
9,21.75,21.75,11.5,1783127705.035985
9.062,21.75,21.75,11.437,1783127764.3320527
9.062,21.75,21.75,11.437,1783127824.6840513
9,21.75,21.75,11.437,1783127885.0999842
9.062,21.812,21.75,11.437,1783127944
9,21.75,21.75,11.437,1783128005
9,21.75,21.75,11.437,1783128065.1639829
9.062,21.75,21.75,11.375,1783128124.5240557
9.062,21.75,21.75,11.375,1783128184.8120713
9,21.75,21.75,11.375,1783128245.1960757
9.062,21.75,21.75,11.375,1783128304.5560696
9.062,21.75,21.75,11.375,1783128364.9080708
9,21.75,21.75,11.312,1783128425.2600586
9,21.75,21.75,11.312,1783128484.6200647
9.062,21.75,21.75,11.312,1783128544.972047
9.062,21.75,21.75,11.312,1783128605
9,21.75,21.75,11.312,1783128664.7480626
9,21.75,21.75,11.25,1783128725.0999742
9.062,21.75,21.75,11.25,1783128784.460056
9.125,21.75,21.75,11.25,1783128844.8120708
9.062,21.75,21.75,11.25,1783128905.163994
9.062,21.75,21.75,11.187,1783128964.4920495
9,21.75,21.75,11.187,1783129024.9080596
9,21.75,21.75,11.187,1783129085.2600648
8.875,21.75,21.687,11.187,1783129144.6200657
9,21.687,21.75,11.187,1783129204.908519
9.062,21.687,21.75,11.187,1783129265.2920609
9,21.687,21.687,11.187,1783129324.6525068
9,21.75,21.687,11.187,1783129385.099982
8.937,21.687,21.687,11.125,1783129444.4600573
9,21.687,21.75,11.125,1783129505
9.062,21.75,21.687,11.125,1783129565.1639748
9,21.687,21.687,11.125,1783129624.5240595
9,21.687,21.687,11.062,1783129684.8760653
8.937,21.687,21.75,11.062,1783129745.1960742
8.875,21.687,21.75,11.062,1783129804.5880644
8.937,21.687,21.687,11.062,1783129864.940056
8.875,21.687,21.687,11.062,1783129925.228641
8.875,21.687,21.75,11.062,1783129984.5564067
8.875,21.687,21.687,11.062,1783130044.8760695
8.875,21.687,21.687,11,1783130105.2280662
8.875,21.687,21.687,11,1783130164.6524844
8.875,21.687,21.687,11,1783130225.0359862
8.875,21.687,21.687,11,1783130284.3960621
8.937,21.75,21.75,10.937,1783130344.7480626
8.875,21.687,21.687,10.937,1783130405.0999808
8.875,21.75,21.687,10.937,1783130464.4600554
8.75,21.687,21.687,10.937,1783130524.908068
8.75,21.687,21.687,10.937,1783130585.2600682
8.75,21.687,21.687,10.937,1783130644.5564978
8.812,21.687,21.687,10.937,1783130704.8765182
8.75,21.687,21.687,10.937,1783130765.1965604
8.812,21.687,21.687,10.875,1783130824.5880556
8.812,21.687,21.687,10.875,1783130885.003995
8.875,21.687,21.687,10.812,1783130944.3640728
8.812,21.687,21.75,10.812,1783131004.7480586
8.812,21.687,21.687,10.812,1783131065.0363898
8.812,21.625,21.687,10.75,1783131124.4280524
8.812,21.687,21.687,10.812,1783131184.7800632
8.75,21.687,21.687,10.75,1783131245.0999782
8.75,21.687,21.687,10.75,1783131304.4920597
8.812,21.687,21.687,10.75,1783131364.8440697
8.812,21.687,21.687,10.75,1783131425.132401
8.812,21.687,21.687,10.687,1783131484.4603784
8.812,21.687,21.687,10.687,1783131544.8440554
8.812,21.687,21.687,10.687,1783131605.196118
8.812,21.687,21.687,10.687,1783131664.6205413
8.812,21.625,21.687,10.687,1783131725.0039961
8.812,21.625,21.687,10.625,1783131784.364052
8.75,21.687,21.687,10.625,1783131844.6525197
8.75,21.687,21.687,10.625,1783131904.9725218
8.75,21.625,21.687,10.625,1783131964.3640633
8.75,21.687,21.687,10.687,1783132024.7800567
8.687,21.687,21.687,10.625,1783132085.1319795
8.687,21.625,21.687,10.687,1783132144.428502
8.75,21.625,21.625,10.625,1783132204.748485
8.75,21.625,21.687,10.625,1783132265.068374
8.812,21.625,21.687,10.625,1783132324.4280543
8.812,21.687,21.625,10.562,1783132384.844072
8.75,21.625,21.687,10.625,1783132445.2001588
8.75,21.625,21.625,10.625,1783132504.5560715
8.812,21.687,21.625,10.562,1783132564.9080565
8.812,21.625,21.625,10.562,1783132625.2600732
8.812,21.625,21.687,10.625,1783132684.6200657
8.75,21.687,21.687,10.625,1783132745.035985
8.75,21.687,21.687,10.625,1783132804.396069
8.75,21.625,21.625,10.562,1783132864.7480562
8.75,21.687,21.625,10.625,1783132925
8.75,21.625,21.625,10.562,1783132984.4600616
8.812,21.687,21.625,10.562,1783133044.812069
8.875,21.625,21.625,10.562,1783133105.1639864
8.812,21.687,21.687,10.562,1783133164.5560563
8.75,21.625,21.625,10.562,1783133224.9080696
8.812,21.687,21.687,10.562,1783133285.2600706
8.812,21.625,21.625,10.562,1783133344.620072
8.812,21.625,21.625,10.562,1783133405
8.812,21.625,21.625,10.562,1783133465.3240676
8.75,21.625,21.625,10.562,1783133524.748076
8.75,21.625,21.625,10.562,1783133585.0999737
8.75,21.625,21.625,10.562,1783133644.4600568
8.75,21.625,21.625,10.562,1783133704.8120697
8.812,21.625,21.625,10.562,1783133765.1639776
8.75,21.625,21.625,10.562,1783133824.5240579
8.75,21.625,21.625,10.562,1783133884.9400659
8.75,21.625,21.625,10.625,1783133945.2920563
8.75,21.625,21.625,10.625,1783134004.6520612
8.75,21.625,21.625,10.625,1783134065.0044713
8.75,21.687,21.625,10.625,1783134124.3960674
8.812,21.687,21.625,10.625,1783134184.7480671
8.812,21.625,21.625,10.625,1783134245.1639752
8.75,21.625,21.625,10.625,1783134304.524494
8.812,21.687,21.625,10.562,1783134364.9080691
8.812,21.625,21.625,10.562,1783134425.260065
8.812,21.625,21.625,10.562,1783134484.5565493
8.812,21.625,21.625,10.562,1783134544.8760726
8.812,21.625,21.625,10.562,1783134605.2600663
8.812,21.625,21.625,10.5,1783134664.6520689
8.75,21.625,21.625,10.562,1783134725
8.75,21.625,21.625,10.5,1783134784.3640695
8.75,21.562,21.625,10.5,1783134844.7160542
8.687,21.625,21.625,10.562,1783134905.0679755
8.562,21.625,21.625,10.5,1783134964.4920526
8.562,21.562,21.625,10.5,1783135024.8440676
8.625,21.562,21.625,10.437,1783135085.196064
8.625,21.625,21.625,10.437,1783135144.556057
8.562,21.625,21.625,10.375,1783135204.9080715
8.562,21.562,21.562,10.375,1783135265.2600543
8.625,21.562,21.625,10.375,1783135324.6840734
8.625,21.625,21.562,10.375,1783135385.035984
8.562,21.562,21.625,10.375,1783135444.3960545
8.562,21.625,21.625,10.375,1783135504.7480745
8.625,21.625,21.625,10.375,1783135565.0999823
8.75,21.625,21.625,10.312,1783135624.4600558
8.687,21.625,21.562,10.312,1783135684.876062
8.687,21.625,21.625,10.312,1783135745.2360585
8.687,21.625,21.562,10.312,1783135804.5880537
8.687,21.562,21.625,10.312,1783135864.8765223
8.625,21.562,21.562,10.312,1783135925.2600656
8.687,21.625,21.562,10.25,1783135984.6200612
8.687,21.625,21.562,10.312,1783136045.0359867
8.625,21.562,21.625,10.25,1783136104.396058
8.625,21.562,21.562,10.25,1783136164.7480714
8.562,21.562,21.562,10.25,1783136225.0999668
8.562,21.625,21.562,10.25,1783136284.4600585
8.562,21.625,21.562,10.187,1783136344.8120697
8.5,21.625,21.625,10.187,1783136405.1319737
8.375,21.625,21.562,10.125,1783136465
8.437,21.625,21.562,10.187,1783136524.8760512
8.437,21.562,21.562,10.187,1783136585.2320619
8.437,21.625,21.562,10.187,1783136644.5880554
8.5,21.562,21.562,10.125,1783136704.9400454
8.437,21.562,21.562,10.125,1783136765.2920532
8.375,21.625,21.562,10.125,1783136824.7160692
8.437,21.625,21.562,10.125,1783136885.067983
8.375,21.625,21.562,10.062,1783136944.428058
8.375,21.562,21.562,10.125,1783137004.780056
8.312,21.562,21.562,10.125,1783137065.131972
8.312,21.625,21.562,10.062,1783137124.4920683
8.312,21.625,21.562,10.062,1783137184.9080648
8.375,21.562,21.562,10.062,1783137245.2920732
8.375,21.562,21.562,10.062,1783137304.6520646
8.375,21.562,21.562,10,1783137365.003999
8.375,21.562,21.562,10.062,1783137424.3640559
8.312,21.562,21.562,10,1783137484.716052
8.375,21.562,21.562,10.062,1783137545.1319742
8.437,21.562,21.562,10,1783137604.4920526
8.375,21.562,21.562,10,1783137664.8440628
8.375,21.562,21.562,10.062,1783137725.1967964
8.312,21.562,21.562,10,1783137784.5880606
8.375,21.562,21.562,10,1783137844.9400532
8.375,21.562,21.562,10,1783137905.2920613
8.375,21.562,21.562,10,1783137964.6845055
8.375,21.625,21.562,10,1783138025.0679712
8.437,21.625,21.562,10,1783138084.364375
8.437,21.562,21.562,10,1783138144.7480621
8.437,21.562,21.5,10,1783138205.0999787
8.437,21.562,21.562,10,1783138264.5240653
8.5,21.562,21.562,10,1783138324.8760688
8.437,21.5,21.562,10,1783138385.2320468
8.375,21.562,21.562,9.937,1783138445
8.375,21.562,21.562,9.937,1783138504.940059
8.375,21.562,21.562,9.937,1783138565.2920532
8.375,21.562,21.5,9.937,1783138624.684055
8.375,21.562,21.562,9.875,1783138685.0359836
8.437,21.562,21.562,9.875,1783138744.3960555
8.375,21.562,21.5,9.875,1783138804.7480595
8.375,21.562,21.5,9.875,1783138865.0999877
8.437,21.562,21.562,9.875,1783138924.4600527
8.437,21.562,21.562,9.875,1783138984.8760676
8.375,21.562,21.5,9.875,1783139045.232064
8.437,21.562,21.562,9.875,1783139104.5880585
8.437,21.562,21.562,9.875,1783139164.9400496
8.437,21.562,21.562,9.875,1783139225.2920532
8.437,21.562,21.5,9.875,1783139284.652056
8.437,21.562,21.562,9.875,1783139345
8.437,21.562,21.562,9.875,1783139404.4600592
8.437,21.562,21.562,9.875,1783139464.8120558
8.437,21.562,21.562,9.812,1783139525.163978
8.437,21.562,21.5,9.875,1783139584.5240545
8.5,21.562,21.562,9.875,1783139644.8760545
8.5,21.562,21.5,9.875,1783139705.236054
8.5,21.562,21.5,9.875,1783139764.6204991
8.5,21.562,21.562,9.812,1783139825.0039945
8.437,21.562,21.5,9.875,1783139884.3004425
8.437,21.562,21.562,9.875,1783139944.6840699
8.437,21.562,21.5,9.875,1783140004.9720483
8.437,21.562,21.5,9.875,1783140065.2600598
8.437,21.562,21.5,9.875,1783140124.6840692
8.437,21.562,21.5,9.812,1783140185.0359757
8.375,21.562,21.5,9.875,1783140244.3960662
8.375,21.562,21.5,9.812,1783140304.684483
8.375,21.562,21.5,9.812,1783140365.067978
8.375,21.562,21.5,9.812,1783140424.4280512
8.375,21.562,21.5,9.812,1783140484.8440547
8.375,21.562,21.5,9.812,1783140545.196076
8.437,21.562,21.5,9.812,1783140604.4925156
8.437,21.562,21.5,9.812,1783140664.8125138
8.437,21.562,21.5,9.812,1783140725.1960583
8.437,21.562,21.5,9.812,1783140784
8.437,21.625,21.5,9.812,1783140844.9080706
8.437,21.562,21.5,9.812,1783140905.260064
8.437,21.562,21.5,9.812,1783140964.6200545
8.437,21.562,21.5,9.812,1783141024.9720435
8.437,21.562,21.5,9.812,1783141085.2604368
8.437,21.562,21.5,9.812,1783141144.6200566
8.5,21.562,21.5,9.812,1783141205.0359828
8.5,21.562,21.5,9.812,1783141264.3960555
8.437,21.562,21.5,9.75,1783141324.7480645
8.5,21.562,21.5,9.812,1783141385.0999832
8.5,21.562,21.5,9.812,1783141444.4600523
8.437,21.562,21.5,9.812,1783141504.8120625
8.437,21.562,21.5,9.812,1783141565.1639776
8.312,21.5,21.5,9.812,1783141624.5560653
8.375,21.5,21.5,9.75,1783141684.9080539
8.375,21.562,21.5,9.812,1783141745.2644956
8.375,21.562,21.5,9.75,1783141804.588512
8.375,21.562,21.5,9.812,1783141864.908054
8.437,21.562,21.5,9.812,1783141925.260053
8.437,21.562,21.5,9.812,1783141984.684522
8.437,21.562,21.5,9.812,1783142045
8.437,21.562,21.5,9.812,1783142104.4280565
8.5,21.562,21.437,9.812,1783142164.8120697
8.312,21.562,21.5,9.812,1783142225.164373
8.375,21.562,21.5,9.812,1783142284.5564904
8.375,21.562,21.5,9.812,1783142345.0039988
8.375,21.562,21.5,9.812,1783142404.3640568
8.375,21.562,21.5,9.812,1783142464.7160578
8.375,21.5,21.5,9.812,1783142525.0999835
8.312,21.562,21.5,9.812,1783142584.3965125
8.375,21.5,21.437,9.812,1783142644.7800572
8.312,21.562,21.5,9.812,1783142705.1319811
8.375,21.5,21.5,9.812,1783142764.5244935
8.437,21.562,21.5,9.812,1783142824.908061
8.437,21.562,21.5,9.812,1783142885.1968074
8.375,21.562,21.437,9.812,1783142944.5880556
8.375,21.562,21.5,9.812,1783143004.9400692
8.437,21.562,21.5,9.812,1783143065.292054
8.437,21.562,21.5,9.812,1783143124.6840596
8.5,21.562,21.5,9.812,1783143185.0363975
8.562,21.562,21.5,9.812,1783143244.4280522
8.562,21.5,21.437,9.875,1783143304.7165022
8.562,21.5,21.437,9.812,1783143365.067974
8.5,21.5,21.5,9.875,1783143424.4280653
8.562,21.562,21.5,9.875,1783143484.844054
8.5,21.5,21.5,9.875,1783143545.1960638
8.562,21.5,21.5,9.875,1783143604.5560524
8.625,21.562,21.5,9.812,1783143664.9085288
8.562,21.5,21.5,9.875,1783143725.2920647
8.562,21.5,21.437,9.875,1783143784.588057
8.562,21.5,21.5,9.875,1783143845.0039985
8.562,21.5,21.437,9.812,1783143904.3640587
8.562,21.5,21.437,9.812,1783143964.7160683
8.625,21.5,21.437,9.812,1783144025.0679853
8.562,21.5,21.437,9.812,1783144084.3645184
8.562,21.5,21.437,9.812,1783144144.7480707
8.562,21.5,21.437,9.812,1783144205
8.562,21.5,21.437,9.812,1783144264.4600587
8.562,21.5,21.437,9.812,1783144325
8.562,21.5,21.437,9.812,1783144385.1003816
8.625,21.5,21.437,9.812,1783144444.4284947
8.5,21.5,21.437,9.812,1783144504.812052
8.5,21.562,21.437,9.812,1783144565.0999823
8.5,21.5,21.437,9.812,1783144624.524055
8.5,21.562,21.437,9.812,1783144684.8760576
8.5,21.5,21.437,9.812,1783144745.2285366
8.437,21.562,21.437,9.812,1783144804.5880558
8.375,21.562,21.437,9.812,1783144864.9400542
8.437,21.562,21.437,9.812,1783144925.2360523
8.312,21.5,21.437,9.812,1783144984.6520662
8.375,21.5,21.437,9.812,1783145045.004006
8.312,21.5,21.437,9.812,1783145104.300426
8.312,21.562,21.437,9.812,1783145164.684067
8.375,21.5,21.437,9.812,1783145225.035979
8.437,21.5,21.437,9.812,1783145284.3960645
8.375,21.562,21.437,9.812,1783145344.8120778
8.437,21.562,21.437,9.812,1783145405.1639812
8.5,21.5,21.437,9.812,1783145464.5240607
8.5,21.562,21.437,9.812,1783145525
8.5,21.5,21.437,9.812,1783145585.196078
8.562,21.5,21.437,9.875,1783145644.556067
8.625,21.5,21.437,9.875,1783145704.9720464
8.625,21.5,21.437,9.875,1783145765.3240561
8.562,21.5,21.437,9.875,1783145824.684057
8.562,21.5,21.437,9.875,1783145885.0360007
8.625,21.5,21.437,9.875,1783145944.3960533
8.562,21.5,21.437,9.875,1783146004.7484913
8.625,21.5,21.437,9.875,1783146065.1960793
8.562,21.5,21.437,9.937,1783146124.5560608
8.625,21.5,21.437,9.937,1783146184.9080577
8.625,21.5,21.437,9.937,1783146245.2600687
8.625,21.5,21.437,9.937,1783146304.5565178
8.687,21.5,21.437,9.937,1783146364.8760734
8.75,21.5,21.437,9.937,1783146425.2920609
8.75,21.5,21.437,9.937,1783146484.6200666
8.687,21.5,21.437,9.937,1783146544.972055
8.625,21.5,21.437,10,1783146605.3240678
8.5,21.5,21.437,9.937,1783146664.620503
8.687,21.5,21.437,9.937,1783146724.9400673
8.687,21.5,21.437,9.937,1783146785.2920501
8.625,21.562,21.437,9.937,1783146844.6845083
8.625,21.5,21.437,9.937,1783146905.0679824
8.625,21.5,21.437,9.937,1783146964.4280584
8.562,21.5,21.437,9.937,1783147024.780055
8.562,21.5,21.437,9.937,1783147085.0679834
8.562,21.5,21.437,9.937,1783147144.4920504
8.562,21.5,21.375,9.937,1783147204.8440554
8.5,21.5,21.437,9.937,1783147265.1960812
8.562,21.5,21.437,9.937,1783147324.4925146
8.5,21.5,21.437,9.937,1783147384.8124979
8.625,21.5,21.437,9.937,1783147445.1960542
8.625,21.562,21.437,9.937,1783147504.6520681
8.625,21.5,21.437,9.937,1783147565.0360014
8.562,21.562,21.375,9.875,1783147624.3960571
8.562,21.5,21.437,9.937,1783147684.7480555
8.562,21.562,21.375,9.937,1783147745.0999782
8.5,21.5,21.437,9.937,1783147804.4600565
8.562,21.5,21.437,9.937,1783147864.8760583
8.625,21.5,21.437,9.937,1783147925.232057
8.687,21.5,21.437,9.937,1783147984.5245008
8.75,21.5,21.375,10,1783148044.9080615
8.625,21.5,21.375,10,1783148105.2600524
8.687,21.5,21.375,10,1783148164.6200662
8.625,21.5,21.437,10,1783148225.035983
8.625,21.5,21.437,10,1783148284.396055
8.75,21.5,21.375,10,1783148344.7480505
8.812,21.5,21.437,10,1783148405.0999796
8.875,21.5,21.375,10.062,1783148464.460051
8.937,21.5,21.375,10.062,1783148524.8125076
8.937,21.437,21.375,10.062,1783148585.163973
8.937,21.5,21.437,10.125,1783148644.556067
8.875,21.5,21.437,10.062,1783148704.908057
8.937,21.5,21.375,10.062,1783148765.260055
8.937,21.5,21.375,10.062,1783148824.6200576
8.937,21.5,21.437,10.062,1783148884.908053
8.875,21.5,21.375,10.125,1783148945.2001603
8.875,21.5,21.375,10.062,1783149004.5880613
8.812,21.5,21.375,10.125,1783149064.9400525
8.875,21.5,21.375,10.062,1783149125.2324944
8.937,21.5,21.375,10.062,1783149184.6200674
8.937,21.5,21.375,10.125,1783149244.908056
8.812,21.5,21.375,10.125,1783149305.2001562
8.75,21.5,21.375,10.125,1783149364.6200585
8.812,21.5,21.375,10.125,1783149424.9720538
8.75,21.5,21.375,10.125,1783149485.3240533
8.812,21.5,21.375,10.125,1783149544.6840665
8.875,21.437,21.375,10.125,1783149605.0359836
9,21.5,21.375,10.125,1783149664.3960574
9.062,21.5,21.375,10.125,1783149724.8120558
9.062,21.5,21.375,10.187,1783149785
9.062,21.5,21.375,10.187,1783149844.5240607
9.062,21.5,21.375,10.187,1783149904.876055
9,21.5,21.375,10.187,1783149965.2280507
8.937,21.562,21.375,10.187,1783150024.5880585
8.937,21.5,21.375,10.187,1783150085.003997
8.875,21.5,21.375,10.187,1783150144.364071
8.937,21.5,21.375,10.187,1783150204.7160676
9,21.5,21.375,10.187,1783150265.0044746
9.125,21.5,21.375,10.25,1783150324.3960536
9.062,21.5,21.375,10.25,1783150384.6840544
9,21.5,21.375,10.187,1783150445.035979
9,21.5,21.375,10.187,1783150504.4280612
9.062,21.5,21.375,10.187,1783150564.7800598
9.062,21.5,21.375,10.25,1783150625.0683844
9.062,21.5,21.375,10.25,1783150684.4600534
9,21.437,21.312,10.187,1783150744.8125226
9.062,21.5,21.375,10.25,1783150805.1319754
9.187,21.5,21.375,10.25,1783150864.556054
9.187,21.5,21.375,10.25,1783150925
9.25,21.5,21.375,10.312,1783150985.260053
9.25,21.5,21.375,10.312,1783151044.6200583
9.125,21.5,21.375,10.312,1783151104.972054
9.125,21.5,21.375,10.312,1783151165
9.187,21.5,21.375,10.312,1783151224.6840718
9.25,21.437,21.375,10.312,1783151285.0363863
9.312,21.437,21.375,10.312,1783151344.3645158
9.312,21.437,21.375,10.312,1783151404.684489
9.312,21.437,21.312,10.312,1783151465.0044818
9.187,21.5,21.375,10.375,1783151524.3320622
9.125,21.5,21.375,10.375,1783151584.7480667
9.187,21.437,21.375,10.375,1783151645.0999854
9.125,21.437,21.375,10.312,1783151704.4600704
9.25,21.437,21.375,10.375,1783151764.8120704
9.25,21.437,21.375,10.312,1783151825.1639783
9.125,21.5,21.312,10.375,1783151884.5244925
9.25,21.5,21.375,10.375,1783151944.9720438
9.375,21.5,21.375,10.375,1783152005.3240693
9.375,21.5,21.312,10.375,1783152064.6840668
9.375,21.437,21.375,10.375,1783152125.0359826
9.25,21.437,21.375,10.375,1783152184.3320534
9.187,21.437,21.312,10.375,1783152244.6840544
9.125,21.437,21.375,10.375,1783152305.099979
9.187,21.437,21.375,10.375,1783152364.460069
9.25,21.437,21.375,10.375,1783152424.8120677
9.375,21.5,21.375,10.375,1783152485.1639707
9.25,21.5,21.375,10.375,1783152544.5244992
9.125,21.5,21.312,10.437,1783152604.844066
9.312,21.5,21.312,10.375,1783152665.1319797
9.25,21.5,21.375,10.375,1783152724.524059
9.25,21.5,21.312,10.437,1783152784.8760693
9.312,21.5,21.375,10.437,1783152845.1643782
9.375,21.5,21.312,10.5,1783152904.4924037
9.375,21.5,21.312,10.5,1783152964.8120537
9.5,21.437,21.312,10.5,1783153025.1639774
9.5,21.437,21.312,10.5,1783153084.588068
9.5,21.5,21.312,10.5,1783153144.9400702
9.562,21.437,21.312,10.5,1783153205.2920554
9.437,21.5,21.375,10.562,1783153264.652506
9.437,21.5,21.375,10.562,1783153325.0359805
9.375,21.5,21.312,10.562,1783153384.3960655
9.25,21.5,21.375,10.5,1783153444.8120658
9.25,21.5,21.312,10.5,1783153505.1639748
9.312,21.5,21.312,10.5,1783153564.5240746
9.375,21.5,21.312,10.562,1783153624.8125145
9.375,21.5,21.312,10.562,1783153685.1323817
9.437,21.437,21.312,10.562,1783153744.492056
9.5,21.437,21.312,10.562,1783153804.9080653
9.5,21.437,21.312,10.562,1783153865.2600584
9.5,21.437,21.312,10.562,1783153924.620055
9.375,21.5,21.312,10.562,1783153984.9085104
9.375,21.437,21.312,10.625,1783154045.2920637
9.375,21.437,21.312,10.625,1783154104.620067
9.437,21.437,21.375,10.562,1783154165.0359852
9.375,21.437,21.312,10.625,1783154224.3960667
9.375,21.437,21.312,10.625,1783154284.748053
9.375,21.5,21.312,10.625,1783154345.099977
9.5,21.5,21.312,10.625,1783154404.3965018
9.562,21.437,21.312,10.625,1783154464.7800524
9.625,21.5,21.312,10.687,1783154525.131974
9.625,21.5,21.312,10.687,1783154584.5240707
9.562,21.5,21.312,10.687,1783154644.8760715
9.562,21.5,21.312,10.687,1783154705.2280567
9.5,21.437,21.312,10.687,1783154764.5880609
9.562,21.437,21.312,10.687,1783154824.940055
9.562,21.437,21.312,10.687,1783154885.292046
9.687,21.5,21.312,10.687,1783154944.7165136
9.5,21.5,21.312,10.687,1783155005.0999815
9.75,21.5,21.312,10.75,1783155064.4600592
9.75,21.437,21.312,10.75,1783155124.812069
9.812,21.437,21.312,10.812,1783155185.1639836
9.75,21.437,21.25,10.812,1783155244.4925332
9.75,21.437,21.312,10.875,1783155304.9400654
9.75,21.437,21.312,10.875,1783155365.2920558
9.812,21.437,21.312,10.875,1783155424.6520646
9.937,21.437,21.312,10.937,1783155485.0040042
10,21.437,21.312,11,1783155544.3640563
9.875,21.437,21.312,11,1783155604.7160637
10,21.437,21.312,11.062,1783155665.1319766
10.125,21.437,21.312,11.062,1783155724.4920547
10.25,21.437,21.312,11.125,1783155784.8440564
10.062,21.437,21.312,11.187,1783155845.1960638
10,21.437,21.312,11.187,1783155904.5240703
9.875,21.437,21.312,11.187,1783155964.876071
9.875,21.437,21.312,11.187,1783156025.2001886
10,21.437,21.312,11.187,1783156084.588067
10.062,21.437,21.312,11.187,1783156144.9400625
10.187,21.437,21.312,11.187,1783156205.232451
10.25,21.437,21.312,11.25,1783156264.5880702
10.312,21.437,21.312,11.25,1783156324.876054
10.187,21.437,21.312,11.25,1783156385.2320633
10.062,21.437,21.312,11.25,1783156444.652069
10.125,21.437,21.25,11.25,1783156505.0039933
10.187,21.437,21.312,11.312,1783156564.3640523
10.25,21.437,21.25,11.312,1783156624.716065
10.312,21.437,21.312,11.437,1783156685.0679784
10.375,21.437,21.25,11.437,1783156744.3640509
10.25,21.437,21.25,11.5,1783156804.7800572
10.25,21.437,21.312,11.5,1783156865.1319807
10.312,21.437,21.312,11.562,1783156924.492053
10.25,21.437,21.25,11.5,1783156984.8440702
10,21.437,21.312,11.5,1783157045.1960638
10,21.437,21.25,11.437,1783157104.5240588
10,21.437,21.25,11.5,1783157164.9400558
10.125,21.437,21.312,11.437,1783157225.2920587
10.062,21.437,21.312,11.437,1783157284.6520646
10.062,21.437,21.25,11.5,1783157345.004002
10.125,21.437,21.312,11.437,1783157404.3000724
10.062,21.437,21.25,11.437,1783157464.6520689
10.25,21.437,21.312,11.437,1783157525.0679793
10.312,21.437,21.25,11.437,1783157584.4280498
10.437,21.437,21.312,11.5,1783157644.7800505
10.5,21.437,21.312,11.562,1783157705.1319764
10.687,21.437,21.25,11.625,1783157764.4920578
10.625,21.437,21.312,11.687,1783157824.8440638
10.875,21.437,21.312,11.75,1783157885.1968288
10.812,21.5,21.312,11.812,1783157945
10.687,21.437,21.25,11.875,1783158004.972049
10.625,21.5,21.25,11.875,1783158065.2604082
10.812,21.5,21.312,11.937,1783158124.6200595
10.875,21.437,21.312,12,1783158184.9080591
10.937,21.437,21.25,12.062,1783158245.2600582
11,21.437,21.25,12.125,1783158304.6840694
11,21.437,21.25,12.25,1783158365.0359917
10.75,21.5,21.25,12.187,1783158424.3960555
10.437,21.437,21.312,12.187,1783158484.7480662
10.562,21.437,21.25,12.062,1783158545.0999765
10.562,21.437,21.25,12.062,1783158604.4600563
10.687,21.5,21.25,12.062,1783158664.876069
10.687,21.5,21.25,12.062,1783158725.228069
10.75,21.437,21.25,12.062,1783158784.5880601
10.75,21.437,21.25,12,1783158844.9400487
10.5,21.437,21.25,12,1783158905.228494
10.437,21.437,21.312,11.937,1783158964.5880687
10.625,21.437,21.25,11.937,1783159025.0039918
10.437,21.437,21.25,11.937,1783159084.3640695
10.437,21.437,21.312,11.937,1783159144.716069
10.5,21.437,21.25,12,1783159205.0679777
10.562,21.437,21.25,12,1783159264.4280562
10.687,21.437,21.312,12,1783159324.7160559
10.75,21.437,21.25,12,1783159385.0679777
10.812,21.437,21.25,12.062,1783159444.460053
10.687,21.437,21.312,12.062,1783159504.8120654
10.5,21.437,21.25,12.062,1783159565.1003785
10.375,21.437,21.25,12.062,1783159624.4920497
10.375,21.437,21.25,12,1783159684.8440506
10.437,21.437,21.25,12,1783159745.1960557
10.5,21.437,21.312,12,1783159804.6200616
10.625,21.437,21.25,12,1783159864.9720411
10.625,21.437,21.25,12,1783159925.3240473
10.437,21.5,21.25,12,1783159984.6204963
10.312,21.5,21.312,11.937,1783160044.9405186
10.312,21.5,21.25,11.937,1783160105.324068
10.437,21.437,21.25,11.875,1783160164.7480586
10.562,21.5,21.25,11.875,1783160225.0999784
10.625,21.5,21.25,11.937,1783160284.3964887
10.562,21.5,21.25,11.937,1783160344.7800558
10.562,21.5,21.312,11.937,1783160405.0683863
10.75,21.5,21.25,12,1783160464.4280512
10.625,21.5,21.25,11.937,1783160524.8760643
10.375,21.5,21.312,11.937,1783160585.2600682
10.437,21.5,21.25,11.937,1783160644.620057
10.25,21.5,21.312,11.875,1783160704.972045
10.25,21.5,21.312,11.875,1783160765.3240657
10.5,21.5,21.25,11.875,1783160824.6840694
10.687,21.5,21.25,11.875,1783160885.0999854
10.75,21.437,21.25,11.937,1783160944.4600596
10.75,21.5,21.25,11.937,1783161004.8120592
10.625,21.5,21.25,11.937,1783161065.1003616
10.687,21.437,21.25,11.937,1783161124.492495
10.625,21.5,21.25,11.937,1783161184.8760538
10.625,21.5,21.25,11.937,1783161245.1961207
10.875,21.437,21.25,11.937,1783161304.5880673
10.687,21.5,21.25,11.937,1783161364.940071
10.562,21.5,21.25,11.937,1783161425.292064
10.5,21.437,21.25,11.937,1783161484.652068
10.562,21.5,21.25,11.937,1783161544.9400492
10.375,21.5,21.25,11.937,1783161605.2920554
10.562,21.437,21.25,11.937,1783161664.716497
10.625,21.5,21.25,11.937,1783161725.0999758
10.625,21.5,21.25,12,1783161784.4600499
10.625,21.5,21.25,12.062,1783161844.7484841
10.562,21.5,21.25,12.062,1783161905.1319776
10.562,21.5,21.25,12.062,1783161964.4920566
10.5,21.437,21.25,12,1783162024.9080555
10.5,21.5,21.25,12,1783162085.2600646
10.375,21.5,21.25,11.937,1783162144.6200547
10.312,21.5,21.25,11.937,1783162204.9720523
10.437,21.5,21.25,11.937,1783162265.3240526
10.625,21.5,21.25,11.937,1783162324.6840694
10.687,21.5,21.25,12,1783162385.0999837
10.5,21.5,21.25,12.062,1783162444.4600513
10.562,21.5,21.25,12,1783162504.8120596
10.562,21.5,21.25,12,1783162565.1639788
10.437,21.5,21.25,12,1783162624.5240443
10.5,21.5,21.25,11.937,1783162684.876068
10.5,21.5,21.25,11.937,1783162745.2320511
10.687,21.5,21.25,11.937,1783162804.6200583
10.625,21.5,21.25,11.937,1783162864.9720407
10.75,21.5,21.25,11.937,1783162925.324054
10.687,21.5,21.25,12,1783162984.6840625
10.875,21.5,21.25,12,1783163044.972043
10.812,21.5,21.25,12,1783163105
10.75,21.5,21.25,12,1783163164.7480476
10.812,21.5,21.25,12.062,1783163225.0999732
10.812,21.5,21.25,12.062,1783163284.4600592
10.812,21.5,21.25,12.062,1783163344.7484548
10.687,21.5,21.25,12.062,1783163405.131976
10.625,21.5,21.25,12,1783163464.4280505
10.562,21.5,21.25,12,1783163524.844062
10.562,21.5,21.25,11.937,1783163585.200173
10.562,21.5,21.25,11.937,1783163644.5560627
10.437,21.5,21.25,11.937,1783163704.908064
10.5,21.5,21.25,11.937,1783163765.2600527
10.375,21.5,21.25,11.937,1783163824.620067
10.5,21.5,21.25,12,1783163885.0359855
10.687,21.5,21.25,12,1783163944.3960464
10.812,21.5,21.25,12,1783164004.7480588
10.937,21.5,21.25,12.062,1783164065.0999768
10.687,21.437,21.25,12.062,1783164124.4600537
10.75,21.5,21.25,12,1783164184.8120637
10.937,21.5,21.25,12.062,1783164245.131981
10.75,21.5,21.25,12.062,1783164304.5240698
10.687,21.5,21.25,12,1783164364.8760617
10.437,21.437,21.25,11.937,1783164425.2280722
10.562,21.5,21.25,11.937,1783164484.5880654
10.5,21.5,21.25,11.937,1783164544.9400609
10.5,21.5,21.25,11.937,1783164605.2920647
10.562,21.5,21.25,11.937,1783164664.7165492
10.437,21.5,21.312,11.937,1783164725.099979
10.375,21.5,21.25,11.875,1783164784.4600585
10.437,21.5,21.25,11.875,1783164844.8120549
10.5,21.5,21.25,11.875,1783164905.1639721
10.437,21.5,21.25,11.875,1783164964.5240521
10.437,21.5,21.25,11.875,1783165024.940066
10.375,21.5,21.25,11.812,1783165085.3240588
10.312,21.5,21.25,11.812,1783165144.6840658
10.5,21.5,21.25,11.812,1783165205.0359862
10.312,21.5,21.25,11.75,1783165264.396066
10.125,21.5,21.25,11.75,1783165324.7480686
10.375,21.5,21.25,11.75,1783165385.1639736
10.562,21.5,21.25,11.812,1783165444.5240679
10.562,21.5,21.25,11.812,1783165504.876066
10.687,21.5,21.25,11.812,1783165565.232061
10.687,21.5,21.25,11.812,1783165624.588064
10.562,21.5,21.312,11.812,1783165684.940056
10.5,21.437,21.25,11.812,1783165745.2600665
10.625,21.5,21.25,11.812,1783165804.652066
10.562,21.5,21.25,11.812,1783165865.0040002
10.625,21.5,21.25,11.812,1783165924.3003983
10.5,21.5,21.25,11.875,1783165984.6840653
10.5,21.437,21.25,11.875,1783166045.0359979
10.437,21.437,21.25,11.812,1783166104.4600644
10.375,21.5,21.25,11.812,1783166164.812056
10.625,21.5,21.25,11.812,1783166225.163979
10.812,21.5,21.25,11.875,1783166284.5240533
10.937,21.5,21.25,11.875,1783166344.8760583
10.75,21.437,21.25,11.875,1783166405.232071
10.75,21.5,21.25,11.875,1783166464.652071
10.687,21.5,21.312,11.875,1783166525.003996
10.312,21.5,21.25,11.875,1783166584.300378
10.187,21.5,21.25,11.812,1783166644.6840677
10.312,21.5,21.25,11.812,1783166705.0359905
10.562,21.5,21.25,11.812,1783166764.3960717
10.687,21.437,21.187,11.875,1783166824.8120668
10.75,21.437,21.25,11.875,1783166885.1639822
10.625,21.5,21.25,11.875,1783166944.4604917
10.625,21.5,21.25,11.875,1783167004.8440711
10.5,21.5,21.25,11.875,1783167065.1323924
10.687,21.5,21.25,11.875,1783167124.492058
10.75,21.5,21.25,11.875,1783167184.9080708
10.75,21.437,21.25,11.875,1783167245.2600687
10.687,21.5,21.25,11.937,1783167304.6200562
10.625,21.437,21.25,11.937,1783167364.972048
10.625,21.5,21.25,11.937,1783167425.3240526
10.687,21.5,21.25,11.875,1783167484.6840663
10.687,21.5,21.25,11.875,1783167545.0999749
10.875,21.5,21.25,11.937,1783167604.460496
10.625,21.5,21.25,11.937,1783167664.844047
10.625,21.5,21.25,11.875,1783167725.1960757
10.687,21.5,21.25,11.937,1783167784.5560627
10.75,21.5,21.25,11.875,1783167844.9080684
10.875,21.5,21.25,11.937,1783167905.2600489
10.875,21.5,21.25,11.937,1783167964.6520529
10.812,21.437,21.25,11.937,1783168025.0039973
10.937,21.5,21.25,11.875,1783168084.364059
11,21.5,21.25,11.937,1783168144.7160573
10.937,21.5,21.25,11.937,1783168205.0039964
11,21.5,21.25,11.937,1783168264.4280584
10.937,21.5,21.25,11.937,1783168324.7800627
11.062,21.5,21.25,11.937,1783168385.1319773
11.125,21.5,21.25,11.937,1783168444.492057
11.187,21.5,21.25,12,1783168504.780492
10.937,21.5,21.25,12,1783168565.099978
10.875,21.5,21.25,11.937,1783168624.5240686
10.75,21.5,21.25,11.937,1783168684.8760555
10.687,21.5,21.25,11.875,1783168745.232048
10.937,21.437,21.25,11.875,1783168804.5880537
10.875,21.5,21.25,11.937,1783168864.9400494
10.812,21.5,21.25,11.937,1783168925.2320611
10.75,21.5,21.25,11.875,1783168984.6520581
10.625,21.5,21.25,11.875,1783169045.0040019
10.5,21.5,21.25,11.812,1783169104.3004434
10.5,21.5,21.25,11.75,1783169164.6840694
10.5,21.5,21.25,11.75,1783169224.9724865
10.75,21.5,21.25,11.812,1783169284.364049
10.875,21.5,21.25,11.812,1783169344.7800493
10.687,21.5,21.25,11.875,1783169405.1359825
10.875,21.5,21.25,11.875,1783169464.4920642
10.75,21.437,21.25,11.875,1783169524.8440566
10.937,21.5,21.25,11.875,1783169585.1960816
10.75,21.5,21.25,11.875,1783169644.492068
10.75,21.5,21.25,11.875,1783169704.9080656
10.687,21.5,21.25,11.875,1783169765
10.812,21.5,21.25,11.875,1783169824.6200733
10.75,21.5,21.25,11.875,1783169885
10.812,21.5,21.25,11.875,1783169945.3240697
11,21.5,21.25,11.937,1783170004.684066
11.187,21.5,21.25,12,1783170065.099982
10.937,21.5,21.25,12,1783170124.460057
10.875,21.5,21.25,12,1783170184.8120503
10.812,21.5,21.25,12,1783170245.163981
10.687,21.5,21.25,11.937,1783170304.5240576
10.812,21.5,21.25,11.937,1783170364.8760674
11,21.5,21.25,12,1783170425.2360475
11.187,21.5,21.25,12.062,1783170484.6200595
11.125,21.5,21.25,12.062,1783170544.9720466
10.75,21.437,21.25,12.062,1783170605.3560646
10.687,21.5,21.25,12.062,1783170664.7165112
10.75,21.5,21.25,12,1783170725.0359857
10.75,21.5,21.25,12,1783170784.4600506
10.937,21.5,21.25,12,1783170844.812058
11,21.437,21.25,12,1783170905.1639762
10.875,21.437,21.25,12.062,1783170964.5240514
10.937,21.5,21.25,12,1783171024.8760655
11.062,21.5,21.25,12.062,1783171085.228058
11,21.5,21.25,12.062,1783171144.6520524
11,21.5,21.25,12.062,1783171205.004002
11,21.5,21.25,12.062,1783171264.3004007
10.937,21.5,21.25,12.062,1783171324.6840677
11,21.562,21.25,12.062,1783171384.9724925
10.875,21.5,21.25,12.062,1783171444.3640707
10.812,21.5,21.25,12.062,1783171504.7800682
10.75,21.5,21.25,12,1783171565.1319716
10.937,21.5,21.25,12.062,1783171624.492056
10.937,21.5,21.25,12.062,1783171684.8440628
10.625,21.5,21.25,12,1783171745.1323788
10.625,21.5,21.25,12,1783171804.4600565
10.687,21.5,21.25,11.937,1783171864.876055
10.562,21.5,21.25,11.875,1783171925.232062
10.625,21.5,21.25,11.875,1783171984.5244954
10.5,21.5,21.25,11.875,1783172044.9080682
10.875,21.5,21.25,11.937,1783172105.2600615
11,21.5,21.25,11.937,1783172164.5560699
11.062,21.5,21.25,12,1783172224.9720495
10.937,21.5,21.25,11.937,1783172285.3240616
11.187,21.5,21.25,12,1783172344.6840649
11.187,21.5,21.25,12.062,1783172405.0359774
11,21.5,21.25,12.062,1783172464
11,21.5,21.25,12.062,1783172524.7480457
11.125,21.5,21.25,12.062,1783172585.1639738
11.25,21.5,21.312,12.125,1783172644.5240557
11.25,21.5,21.25,12.25,1783172704.876056
11.25,21.5,21.25,12.25,1783172765.2280607
11.375,21.5,21.187,12.312,1783172824.5880523
11.375,21.5,21.25,12.375,1783172884.9400702
11.187,21.5,21.25,12.312,1783172945.2920706
11.187,21.5,21.25,12.312,1783173005
11.062,21.5,21.25,12.312,1783173065.0679917
11,21.5,21.25,12.25,1783173124.4280555
10.937,21.5,21.25,12.125,1783173184.7804992
10.937,21.5,21.25,12.125,1783173245.1639838
11.062,21.5,21.25,12.125,1783173304.5883768
11.125,21.5,21.25,12.125,1783173364.9720473
11,21.5,21.25,12.125,1783173425.3240628
11.187,21.5,21.25,12.062,1783173484.620485
11.187,21.5,21.25,12.125,1783173544.9404979
11.062,21.5,21.25,12.125,1783173605.3240528
11.125,21.5,21.25,12.062,1783173664.748052
11.187,21.5,21.25,12.062,1783173725.0999796
11,21.5,21.25,12.062,1783173784.4600587
11,21.5,21.25,12,1783173844.8120458
11,21.5,21.25,12,1783173905.1960576
11.062,21.562,21.25,12.062,1783173964.5560644
11.062,21.5,21.25,12,1783174024.9720447
10.875,21.5,21.25,12.062,1783174085.3240678
11,21.5,21.25,12.062,1783174144.6840668
10.875,21.5,21.25,12,1783174204.9724758
10.812,21.5,21.25,12,1783174264.3000517
10.75,21.5,21.25,12,1783174324.6520524
10.875,21.5,21.25,11.937,1783174385.0679789
10.812,21.5,21.25,11.937,1783174444.428058
10.937,21.5,21.25,11.937,1783174504.7800612
11.125,21.5,21.25,11.937,1783174565.1639771
11,21.5,21.25,11.937,1783174624.4604957
10.812,21.5,21.25,11.937,1783174685
10.812,21.5,21.25,11.937,1783174745.1319766
10.625,21.5,21.25,11.875,1783174804.5240571
10.812,21.5,21.25,11.937,1783174864.876066
10.625,21.5,21.25,11.875,1783174925.2280617
10.875,21.5,21.25,11.875,1783174984.5880628
11,21.5,21.25,11.875,1783175044.9400682
11.187,21.5,21.25,11.875,1783175105.292068
11.125,21.5,21.25,11.875,1783175164.716512
10.875,21.5,21.25,11.875,1783175225.0999813
11,21.5,21.25,11.875,1783175284.460052
11.062,21.5,21.25,11.937,1783175344.812058
11.125,21.5,21.25,11.937,1783175405.1639717
10.937,21.5,21.25,11.875,1783175464.5240676
10.812,21.5,21.25,11.875,1783175524.940516
10.75,21.5,21.25,11.812,1783175585.3240669
11.125,21.5,21.25,11.812,1783175644.6840603
11.187,21.5,21.25,11.875,1783175705.0359902
11,21.5,21.25,11.875,1783175764.3960695
11,21.5,21.25,11.875,1783175824.7480621
10.812,21.437,21.25,11.812,1783175885.164378
11.062,21.5,21.25,11.812,1783175944.524072
11.187,21.5,21.25,11.875,1783176004.876522
11.25,21.5,21.25,11.875,1783176065.2605286
11.125,21.5,21.25,11.875,1783176124.6200614
11.312,21.5,21.25,11.875,1783176184.972044
11.062,21.5,21.25,11.875,1783176245.2920601
10.75,21.5,21.25,11.875,1783176304.6845279
10.875,21.5,21.25,11.812,1783176365.0679784
10.812,21.5,21.25,11.812,1783176424.4280512
10.875,21.5,21.25,11.812,1783176484.7800546
10.875,21.5,21.25,11.812,1783176545.1319816
10.75,21.5,21.25,11.812,1783176604.5560586
10.937,21.5,21.25,11.75,1783176664.9080715
11,21.5,21.25,11.75,1783176725.2600632
10.937,21.5,21.25,11.75,1783176784.556512
10.812,21.5,21.25,11.687,1783176844.9404964
10.875,21.5,21.25,11.687,1783176905.3240597
11.812,21.5,21.25,11.75,1783176964.7480505
12.75,21.5,21.25,11.687,1783177025.0999894
13.187,21.5,21.25,11.812,1783177084.4600532
13.5,21.5,21.25,12,1783177144.8120654
13.437,21.5,21.25,12.125,1783177205.1004329
13.187,21.5,21.25,12.25,1783177264.492062
13.25,21.5,21.25,12.375,1783177324.9080648
13.75,21.5,21.25,12.437,1783177385.2600646
13.437,21.5,21.25,12.562,1783177444.6200688
13.375,21.5,21.25,12.687,1783177504.9720535
13.687,21.437,21.25,12.75,1783177565.2604365
14.125,21.5,21.25,12.812,1783177624.5560508
14.375,21.5,21.25,12.875,1783177684.9720469
14.062,21.5,21.25,12.937,1783177745.3240721
13.812,21.5,21.25,12.937,1783177804.6840532
13.312,21.5,21.25,13,1783177865.035982
14,21.5,21.25,13,1783177924.3960652
14.437,21.5,21.25,13.062,1783177984.7480624
13.937,21.5,21.25,13.062,1783178045.1639786
14.25,21.5,21.25,13.125,1783178104.524067
14.5,21.5,21.25,13.187,1783178164.876062
14.312,21.5,21.25,13.25,1783178225.2360568
13.937,21.5,21.25,13.25,1783178284.5880585
13.5,21.5,21.25,13.25,1783178344.9400668
13.937,21.5,21.25,13.25,1783178405.2920582
14.5,21.5,21.25,13.312,1783178464.6840694
14.375,21.5,21.25,13.375,1783178525.0359895
14.375,21.5,21.25,13.437,1783178584.332407
14.062,21.5,21.312,13.437,1783178644.6525338
14.187,21.5,21.25,13.5,1783178705.0359874
14.062,21.437,21.25,13.562,1783178764.460056
13.687,21.5,21.25,13.562,1783178824.844064
13.875,21.5,21.25,13.562,1783178885.1960845
13.375,21.5,21.25,13.562,1783178944.5560577
13.25,21.562,21.25,13.562,1783179004.9080577
13.812,21.5,21.25,13.562,1783179065.2600558
13.75,21.5,21.25,13.687,1783179124.6840549
14.437,21.5,21.25,13.687,1783179185.0359805
14.5,21.5,21.25,13.75,1783179244.3325036
14,21.5,21.25,13.75,1783179304.7160573
14.5,21.5,21.25,13.812,1783179365.0044622
14.75,21.5,21.25,13.875,1783179424.3320465
14.375,21.5,21.25,13.937,1783179484.748055
14,21.5,21.25,13.937,1783179545.0999863
13.875,21.5,21.25,14,1783179604.460057
13.937,21.5,21.25,14,1783179664.748471
14.125,21.5,21.25,14.062,1783179725.068385
14.062,21.5,21.25,14.125,1783179784.4600565
13.75,21.5,21.25,14.125,1783179844.8760645
13.812,21.5,21.25,14.125,1783179905.2280703
13.937,21.5,21.25,14.125,1783179964.588057
13.625,21.5,21.25,14.125,1783180024.9720583
13.937,21.5,21.25,14.125,1783180085.3240676
14.125,21.5,21.25,14.125,1783180144.6200569
14,21.5,21.25,14.187,1783180205.035992
13.75,21.5,21.25,14.187,1783180264.3960612
13.687,21.5,21.25,14.187,1783180324.7480626
13.75,21.5,21.25,14.25,1783180385.099988
13.937,21.5,21.25,14.25,1783180444.4600573
13.812,21.5,21.25,14.312,1783180504.8120527
13.437,21.5,21.25,14.312,1783180565.0999813
13.437,21.5,21.25,14.25,1783180624.4920733
14,21.5,21.25,14.312,1783180684.8440561
13.75,21.5,21.25,14.312,1783180745.1960802
14,21.5,21.25,14.312,1783180804.4925272
13.625,21.5,21.25,14.437,1783180864.8760705
13.812,21.5,21.25,14.437,1783180925.2320607
13.687,21.5,21.25,14.562,1783180984.6520538
13.625,21.5,21.25,14.562,1783181045.0039983
13.375,21.5,21.25,14.562,1783181104.364057
13.562,21.5,21.25,14.625,1783181164.7160523
13.75,21.5,21.25,14.625,1783181225.099975
14.062,21.562,21.25,14.687,1783181284.460051
14,21.5,21.25,14.687,1783181344.8760552
13.687,21.5,21.25,14.687,1783181405.2320473
13.562,21.562,21.25,14.75,1783181465
13.687,21.562,21.25,14.75,1783181524.940067
13.875,21.5,21.25,14.812,1783181585.2920592
14.062,21.5,21.312,14.875,1783181644.6520538
14.375,21.5,21.25,14.937,1783181705.0679748
14.125,21.562,21.25,15,1783181764.4280565
14.187,21.562,21.25,15,1783181824.7800577
14.375,21.562,21.25,15.062,1783181885.1319747
13.875,21.562,21.25,15.187,1783181944.492054
14.187,21.562,21.25,15.187,1783182004.8440564
14.687,21.562,21.25,15.25,1783182065.1639755
13.687,21.562,21.25,15.312,1783182124.5564961
13.5,21.562,21.25,15.25,1783182184.9400682
14.187,21.562,21.25,15.312,1783182245.228537
13.937,21.562,21.25,15.312,1783182305
13.75,21.562,21.25,15.312,1783182364.8760586
13.375,21.562,21.25,15.312,1783182425.1639872
13.562,21.562,21.25,15.312,1783182484.5560555
13.75,21.562,21.25,15.375,1783182544.9080715
13.437,21.562,21.25,15.375,1783182605.2600632
13.5,21.562,21.25,15.437,1783182664.620058
13.5,21.562,21.25,15.437,1783182724.9720473
13.75,21.562,21.25,15.437,1783182785.3240633
13.937,21.562,21.25,15.5,1783182844.7480662
14.25,21.562,21.25,15.687,1783182905.1319706
14.062,21.562,21.25,15.687,1783182964.4920568
14,21.625,21.25,15.687,1783183024.844073
14,21.562,21.25,15.75,1783183085.2320564
14.187,21.562,21.25,15.75,1783183145
14.312,21.562,21.25,15.812,1783183205.0044749
14.687,21.562,21.25,15.937,1783183264.3640563
14.5,21.562,21.25,16.062,1783183325
14.312,21.562,21.25,16.125,1783183385.0679824
14.25,21.562,21.25,16.125,1783183444.428068
13.937,21.625,21.25,16.125,1783183504.7800612
13.687,21.625,21.25,16.125,1783183565.1000013
13.812,21.625,21.25,16.125,1783183624.492061
13.937,21.625,21.25,16.125,1783183684.8440676
13.937,21.562,21.25,16.187,1783183745.1323695
13.937,21.625,21.25,16.187,1783183804.5245016
14,21.625,21.312,16.25,1783183865
14.062,21.625,21.25,16.25,1783183925.1319695
14,21.625,21.25,16.312,1783183984.556059
14.5,21.625,21.25,16.312,1783184044.908068
14.875,21.625,21.25,16.437,1783184105.260058
14.687,21.625,21.25,16.562,1783184164.6200542
14.375,21.625,21.25,16.562,1783184224.9720545
14.187,21.625,21.312,16.562,1783184285.3560572
14.125,21.625,21.25,16.562,1783184344.7800565
14.562,21.625,21.312,16.625,1783184405.131974
14.25,21.625,21.312,16.687,1783184464.4284983
14.25,21.687,21.312,16.687,1783184524.8120575
14.5,21.687,21.25,16.75,1783184585.1639807
14.187,21.687,21.312,16.75,1783184644.460069
14.562,21.687,21.25,16.812,1783184704.876068
14.5,21.687,21.312,16.875,1783184765.228068
14,21.687,21.312,16.937,1783184824.524512
13.562,21.687,21.25,16.875,1783184884.8445146
13.937,21.687,21.312,16.875,1783184945.2280717
14.187,21.687,21.312,16.937,1783185004.5880578
14.5,21.687,21.312,17,1783185065.0039992
14,21.687,21.25,17.062,1783185124.3640532
13.75,21.687,21.312,17,1783185184.716062
14.187,21.687,21.312,17.062,1783185245.0044754
14.25,21.687,21.312,17.062,1783185304.3960483
14.062,21.687,21.312,17.062,1783185364.748058
14.312,21.75,21.312,17.187,1783185425.0999727
14.25,21.687,21.312,17.25,1783185484.4920592
14.187,21.687,21.312,17.312,1783185544.844059
14.187,21.687,21.312,17.312,1783185605.1323764
13.937,21.75,21.312,17.25,1783185664.5240579
13.875,21.75,21.312,17.25,1783185724.8760722
14.437,21.75,21.312,17.312,1783185785.228066
14.562,21.75,21.25,17.437,1783185844.6520612
14.125,21.75,21.312,17.5,1783185905.0040014
14,21.75,21.312,17.437,1783185964.3640625
13.75,21.812,21.312,17.437,1783186024.7160664
13.625,21.75,21.312,17.375,1783186085.067987
13.5,21.75,21.312,17.25,1783186144.4280488
13.625,21.812,21.312,17.062,1783186204.8440685
13.687,21.75,21.312,17.062,1783186265.2001543
13.625,21.75,21.312,17,1783186324.5560672
14.187,21.812,21.312,17.062,1783186384.9080555
14.25,21.75,21.312,17.187,1783186445.2600543
14.312,21.75,21.312,17.375,1783186504.620062
14.937,21.75,21.312,17.562,1783186565.0359774
14.812,21.75,21.312,17.687,1783186624.3960717
14.687,21.812,21.312,17.812,1783186684.7480648
15.062,21.812,21.312,18,1783186745.0999737
14.812,21.812,21.312,18.125,1783186804.3965306
15,21.875,21.312,18.25,1783186864.7800622
14.937,21.875,21.312,18.375,1783186925.099982
14.937,21.875,21.312,18.375,1783186984.4920635
15.062,21.875,21.375,18.437,1783187044.8440611
14.75,21.875,21.312,18.5,1783187105.1324112
14.437,21.937,21.375,18.5,1783187164.5240693
14.312,21.937,21.375,18.437,1783187224.8760722
13.687,21.937,21.312,18.625,1783187285.2320638
12.937,21.937,21.375,18.562,1783187344.6524887
12.5,21.875,21.375,18.562,1783187405.0359967
12,21.937,21.375,18.562,1783187464.3960557
12.187,21.937,21.375,18.562,1783187524.7484744
12.437,21.937,21.375,18.562,1783187585.1319838
12.5,21.875,21.375,18.687,1783187644.4920704
12.437,21.937,21.375,18.625,1783187704.9080591
12.812,21.937,21.375,18.687,1783187765.2600727
13.437,21.937,21.375,18.812,1783187824.620054
13.5,22,21.375,18.75,1783187884.9720535
13.75,21.937,21.375,18.75,1783187945.3240683
13.937,21.937,21.375,18.75,1783188004.6840537
14.312,21.937,21.375,18.875,1783188065
13.875,21.937,21.375,19,1783188124
13.937,21.937,21.375,18.937,1783188184.8120563
13.687,21.937,21.375,19,1783188245.1003628
13.562,21.937,21.375,19.125,1783188304.4284995
14.125,21.937,21.375,19.187,1783188364.8120515
14.75,21.875,21.375,19.25,1783188425.1639845
14.75,21.875,21.375,19.375,1783188484.5560732
14.562,21.937,21.375,19.437,1783188544.908053
14.75,21.937,21.375,19.562,1783188605.2600563
14.25,21.937,21.375,19.562,1783188664.6200604
14.5,21.937,21.375,19.5,1783188724.9080627
13.75,21.937,21.375,19.5,1783188785.260388
13.75,21.937,21.375,19.5,1783188844.684071
13.75,21.937,21.375,19.562,1783188905.0359902
13.062,21.937,21.375,19.625,1783188964.332376
13,21.937,21.437,19.625,1783189024.7160563
13.125,22,21.437,19.625,1783189085.0044081
13.437,22,21.437,19.625,1783189144.3960633
13.812,22,21.437,19.625,1783189204.8120604
14.125,22,21.375,19.562,1783189265.1639843
14.375,22,21.375,19.625,1783189324.5240638
14.312,22.062,21.437,19.625,1783189384.8760536
14.875,22,21.437,19.75,1783189445.2360506
14.687,22,21.437,19.812,1783189504.5880673
14.812,22,21.437,19.875,1783189565.003995
14.437,22,21.375,19.875,1783189624.3640566
14.375,22,21.437,19.875,1783189684.7160554
14.812,22.062,21.437,19.937,1783189745.0679762
15.062,22,21.437,20,1783189804.4280508
14.875,22.062,21.437,20.062,1783189864.780058
15.187,22.062,21.437,20.125,1783189925.1323724
15,22.062,21.437,20.25,1783189984.5564303
14.937,22.125,21.437,20.25,1783190044.9400558
15.187,22.125,21.437,20.25,1783190105.2920709
14.625,22.125,21.437,20.25,1783190164.5885048
14.937,22.125,21.437,20.25,1783190224.9720514
14.687,22.125,21.437,20.312,1783190285.324055
15.062,22.125,21.437,20.312,1783190344.7480648
15,22.187,21.437,20.312,1783190405.0999787
14.5,22.187,21.437,20.312,1783190464.4600513
14.687,22.187,21.437,20.312,1783190524.748489
14.75,22.187,21.5,20.375,1783190585.1319716
14.625,22.187,21.5,20.375,1783190644.4920578
14.937,22.187,21.5,20.375,1783190704.9080684
14.937,22.187,21.5,20.312,1783190765.260066
14.562,22.187,21.5,20.312,1783190825
14.875,22.187,21.5,20.312,1783190884.9720442
15.062,22.187,21.5,20.312,1783190945.3240612
15.125,22.25,21.5,20.375,1783191004.6200604
15.062,22.187,21.5,20.5,1783191065.0359848
15.187,22.187,21.5,20.437,1783191124.3960657
14.937,22.25,21.5,20.437,1783191184.7480745
15.062,22.25,21.5,20.5,1783191245
14.75,22.25,21.5,20.5,1783191304.4600537
14.625,22.25,21.5,20.5,1783191364.7480688
14.75,22.25,21.5,20.625,1783191425.0679784
14.625,22.312,21.5,20.687,1783191484.4600673
14.625,22.312,21.562,20.562,1783191545
14.812,22.312,21.5,20.5,1783191605.1639693
14.437,22.312,21.562,20.5,1783191664.524057
14.75,22.375,21.562,20.437,1783191724.8760676
14.875,22.375,21.562,20.5,1783191785.2320628
14.5,22.375,21.562,20.5,1783191844.6520553
14.625,22.312,21.562,20.375,1783191905.003991
15,22.375,21.562,20.312,1783191964.3640697
15,22.375,21.562,20.5,1783192024.716075
14.75,22.375,21.562,20.562,1783192085.067978
15.062,22.312,21.562,20.562,1783192144.3960605
15.125,22.375,21.562,20.687,1783192204.8120706
14.75,22.312,21.562,20.812,1783192265.1639853
14.5,22.312,21.562,20.812,1783192324.5240622
15.125,22.312,21.562,20.875,1783192384.8760576
14.687,22.375,21.625,20.937,1783192445.2360644
14.812,22.375,21.562,20.937,1783192504.5880535
15.5,22.375,21.562,21.062,1783192565.0039983
15.937,22.375,21.562,21.312,1783192624.3640592
15.312,22.375,21.625,21.375,1783192684.716059
14.812,22.375,21.625,21.312,1783192745.0679796
15,22.375,21.625,21.312,1783192804.4280567
15.312,22.375,21.625,21.25,1783192864.7160702
15,22.437,21.625,21.312,1783192925.0359936
15.062,22.437,21.625,21.312,1783192984.4280703
15.125,22.437,21.625,21.187,1783193044.7800586
14.75,22.437,21.625,21.25,1783193105.068381
15.5,22.437,21.625,21.312,1783193164.3964963
15.875,22.437,21.625,21.437,1783193224.7800577
16.25,22.437,21.625,21.562,1783193285.1319776
15.5,22.437,21.625,21.625,1783193344.556067
15.187,22.437,21.687,21.562,1783193404.9080577
15.562,22.437,21.687,21.562,1783193465.2600565
15,22.375,21.687,21.562,1783193524.6200545
15.062,22.437,21.687,21.437,1783193584.972051
14.437,22.437,21.687,21.312,1783193645.356058
14.75,22.437,21.687,21.25,1783193704.7800488
15.625,22.437,21.687,21.375,1783193765.1639893
15.312,22.437,21.687,21.437,1783193824.524374
15.125,22.437,21.687,21.375,1783193884.908056
15,22.5,21.687,21.375,1783193945.1968195
15.125,22.5,21.687,21.437,1783194004.5880542
14.937,22.437,21.75,21.375,1783194065.0039952
15.25,22.5,21.687,21.437,1783194124.3640544
15.125,22.437,21.687,21.562,1783194184.7160554
14.625,22.562,21.687,21.5,1783194245.067977
15.062,22.562,21.687,21.437,1783194304.4280527
14.937,22.562,21.75,21.437,1783194364.7800717
15.062,22.562,21.75,21.375,1783194425.0999658
15,22.562,21.687,21.375,1783194484.4920683
14.562,22.562,21.75,21.375,1783194544.8440578
14.5,22.5,21.687,21.312,1783194605.1323721
14.875,22.5,21.687,21.187,1783194664.5240688
14.375,22.5,21.75,21.25,1783194724.8760705
14.5,22.5,21.75,21.187,1783194785.2280574
14.562,22.5,21.75,21.187,1783194844.652056
14.75,22.5,21.75,21.187,1783194905.0039983
15.25,22.437,21.75,21.312,1783194964.3640652
15.375,22.437,21.75,21.437,1783195024.716066
14.5,22.5,21.75,21.5,1783195085.0044138
14.812,22.5,21.75,21.5,1783195144.3960648
14.687,22.5,21.75,21.437,1783195204.812071
14.937,22.5,21.75,21.437,1783195265.1639822
15.375,22.5,21.75,21.562,1783195324.5240526
15.812,22.562,21.75,21.687,1783195384.8760715
15.625,22.562,21.75,21.875,1783195445.2320518
15.562,22.5,21.812,21.937,1783195504.5880563
15,22.5,21.812,21.812,1783195565.0039947
15,22.5,21.812,21.75,1783195624.364066
14.687,22.5,21.75,21.687,1783195684.7160556
15,22.5,21.75,21.687,1783195745.067977
15.062,22.5,21.812,21.75,1783195804.4280565
14.5,22.562,21.812,21.687,1783195864.7800586
14.562,22.5,21.812,21.625,1783195925.0999818
14.875,22.5,21.812,21.625,1783195984.4920728
14.875,22.5,21.812,21.5,1783196044.8440535
15.25,22.5,21.75,21.5,1783196105.1324053
15.375,22.437,21.875,21.562,1783196164.4605212
15.5,22.5,21.812,21.687,1783196224.8440557
15.625,22.5,21.812,21.75,1783196285.196072
15.187,22.5,21.875,21.875,1783196344.6200652
15.312,22.5,21.812,21.937,1783196404.9720497
15.25,22.5,21.812,21.812,1783196465.3240535
15.125,22.5,21.812,21.812,1783196524.684054
15.125,22.5,21.812,21.75,1783196585.0359874
15,22.5,21.875,21.687,1783196644.3960493
14.5,22.5,21.812,21.5,1783196704.844074
14.5,22.5,21.812,21.375,1783196765.2001615
14,22.5,21.875,21.375,1783196824.5560725
14.562,22.5,21.812,21.25,1783196884.9080527
14.75,22.5,21.875,21.25,1783196945.260069
14.937,22.5,21.875,21.187,1783197004.6200693
15,22.437,21.875,21.187,1783197065.0359938
15,22.5,21.875,21.187,1783197124.3960574
14.625,22.437,21.875,21.125,1783197184.7484825
14.812,22.437,21.875,21.062,1783197245.131975
14.562,22.437,21.875,21.062,1783197304.4920523
14.687,22.437,21.875,21.187,1783197364.8440642
14.625,22.437,21.875,21.125,1783197425.1639812
14.875,22.375,21.875,21.125,1783197484.5565133
14.687,22.5,21.875,21.062,1783197544.9400558
14.25,22.5,21.875,21,1783197605.2285316
14.312,22.437,21.875,20.875,1783197664.5880554
14.75,22.437,21.875,20.937,1783197724.8760574
14.687,22.375,21.875,21.125,1783197785.2320533
14.812,22.375,21.875,21.187,1783197844.652058
14.875,22.437,21.875,21.187,1783197905.0039968
13.875,22.437,21.875,21.062,1783197964.3640668
13.625,22.375,21.875,20.875,1783198024.6524985
14.062,22.437,21.875,20.812,1783198085.0359802
14,22.437,21.875,20.75,1783198144.368057
13.875,22.437,21.875,20.687,1783198204.780071
13.812,22.437,21.875,20.562,1783198265.1319697
13.625,22.375,21.875,20.562,1783198324.4920576
14.125,22.375,21.875,20.5,1783198384.8440676
14,22.437,21.875,20.375,1783198445.1323843
13.937,22.375,21.875,20.312,1783198504.492052
14,22.375,21.875,20.312,1783198564.8760574
14,22.375,21.875,20.312,1783198625.232055
13.875,22.375,21.875,20.25,1783198684.5880575
13.75,22.437,21.875,20.25,1783198744.9400702
13.562,22.437,21.875,20.187,1783198805.2920678
13.562,22.375,21.875,20.062,1783198864.5880551
13.562,22.375,21.875,20,1783198925.0040007
13.687,22.375,21.875,20,1783198984.364051
13.562,22.437,21.875,19.812,1783199044.716062
13.5,22.437,21.875,19.75,1783199105.067979
13.437,22.437,21.875,19.687,1783199164.4280634
13.437,22.375,21.875,19.687,1783199224.7800598
13.25,22.375,21.875,19.625,1783199285.1319695
13.187,22.437,21.875,19.562,1783199344.5240626
12.937,22.375,21.875,19.562,1783199404.8760679
12.875,22.312,21.875,19.562,1783199465.164378
12.937,22.375,21.875,19.5,1783199524.5560672
13.375,22.375,21.875,19.5,1783199584.908499
13.937,22.312,21.875,19.562,1783199645.2920532
13.375,22.375,21.875,19.562,1783199704.684055
13.437,22.312,21.875,19.562,1783199765.0359921
13.625,22.312,21.875,19.562,1783199824.3324053
13.25,22.312,21.875,19.437,1783199884.6525328
12.687,22.312,21.875,19.312,1783199945.0359855
12.625,22.312,21.875,19.062,1783200004.3960586
12.062,22.25,21.875,18.75,1783200064.8120663
11.812,22.187,21.875,18.5,1783200125.1639845
12.187,22.187,21.875,18.312,1783200184.5240653
12.312,22.187,21.875,18.312,1783200244.876071
12.5,22.187,21.875,18.312,1783200305.2280524
12.5,22.187,21.875,18.375,1783200364.5880585
12.687,22.125,21.875,18.312,1783200425.0040007
12.75,22.125,21.875,18.312,1783200484.3640554
12.562,22.125,21.875,18.312,1783200544.7160661
12.5,22.125,21.875,18.375,1783200605.004472
12.562,22.125,21.875,18.437,1783200664.3960648
12.375,22.125,21.875,18.312,1783200724.7480693
12.25,22.125,21.875,18.25,1783200785.0999815
12.375,22.125,21.875,18.187,1783200844.492056
12.625,22.062,21.875,18.125,1783200904.844058
12.562,22.062,21.875,18.187,1783200965.1323864
12.5,22.062,21.875,18.187,1783201024.5245051
12.5,22.062,21.875,18.187,1783201084.8440602
12.375,22.062,21.812,18.187,1783201145.1960793
12,22.062,21.875,18.125,1783201204.6200624
11.75,22.062,21.812,18.062,1783201264.9720554
11.75,22.062,21.875,18,1783201325.3240511
11.75,22.062,21.812,18,1783201384.6840627
11.812,22,21.812,17.937,1783201445.0359826
11.875,22,21.875,17.937,1783201504.3320549
11.75,22,21.812,17.937,1783201564.7480602
11.75,22,21.812,17.937,1783201625.0999868
11.75,22,21.875,17.75,1783201684.460068
11.687,22,21.812,17.625,1783201744.8120618
11.687,22,21.812,17.375,1783201805.163988
11.625,22,21.812,17.187,1783201864.524058
11.5,22,21.812,17.062,1783201924.9400706
11.25,22,21.812,16.937,1783201985.2920728
11.25,22,21.875,16.812,1783202044.6520674
11.125,22,21.875,16.625,1783202104.940508
11.25,21.937,21.812,16.5,1783202165.3240652
11.25,21.937,21.812,16.375,1783202224.6840646
11.187,22,21.812,16.312,1783202285.099981
11.25,21.937,21.812,16.187,1783202344.4600666
11.125,21.937,21.812,16.062,1783202404.8120558
11.062,21.937,21.812,16,1783202465.1639755
11,21.937,21.812,15.937,1783202524.5240526
11.062,21.937,21.812,15.875,1783202584.8760545
11.125,21.937,21.812,15.812,1783202645.2324224
10.937,21.937,21.812,15.75,1783202704.6520667
11,21.937,21.812,15.625,1783202765.0040014
11,21.937,21.812,15.562,1783202824.3640573
10.875,21.937,21.75,15.5,1783202884.716065
10.812,21.937,21.812,15.437,1783202945.0039985
10.812,21.937,21.812,15.375,1783203004.4280686
10.875,21.937,21.812,15.437,1783203065
10.875,21.937,21.812,15.375,1783203125.1319678
10.937,21.937,21.75,15.375,1783203184.492068
10.875,21.937,21.812,15.25,1783203244.8440547
10.875,21.937,21.812,15.187,1783203305.2001426
10.75,21.937,21.75,15.125,1783203365
10.875,21.937,21.812,15.062,1783203424.9720464
10.937,21.937,21.812,15.062,1783203485.3560655
11,21.937,21.812,15.062,1783203544.7165146
10.875,21.937,21.812,15,1783203605.0363767
10.875,21.937,21.812,14.937,1783203664.4280636
10.812,21.875,21.75,14.937,1783203724.8760524
11,21.937,21.812,14.937,1783203785.228072
11,21.937,21.812,14.937,1783203844.5880487
10.875,21.875,21.75,14.875,1783203904.9400566
10.812,21.875,21.75,14.812,1783203965.2920642
10.812,21.937,21.75,14.75,1783204024.6200552
10.812,21.937,21.75,14.687,1783204085.0359926
10.875,21.875,21.75,14.687,1783204144.3960562
10.75,21.875,21.812,14.625,1783204204.7480576
10.687,21.875,21.812,14.562,1783204265.036397
10.625,21.937,21.812,14.562,1783204324.3643854
10.687,21.937,21.75,14.5,1783204384.7480667
10.687,21.937,21.75,14.5,1783204445.1319847
10.562,21.875,21.75,14.5,1783204504.4920578
10.562,21.875,21.75,14.375,1783204564.8440695
10.687,21.875,21.75,14.375,1783204625
10.687,21.875,21.75,14.312,1783204684.5560505
10.625,21.875,21.75,14.25,1783204744.9080544
10.687,21.875,21.75,14.25,1783204805.232483
10.5,21.875,21.75,14.187,1783204864.684073
10.562,21.875,21.75,14.187,1783204925.0359778
10.437,21.875,21.75,14.187,1783204984.3960578
10.375,21.875,21.75,14.125,1783205044.748066
10.437,21.875,21.75,14.125,1783205105.0999756
10.437,21.875,21.75,14.125,1783205164.4600573
10.5,21.875,21.75,14.062,1783205224.8760688
10.5,21.875,21.75,14.062,1783205285.2320447
10.5,21.875,21.75,14.062,1783205344.524516
10.5,21.875,21.75,14,1783205404.9080443
10.437,21.875,21.75,14,1783205465.1967077
10.437,21.875,21.75,13.937,1783205524.5240664
10.562,21.812,21.75,13.937,1783205584.940053
10.5,21.812,21.75,13.875,1783205645.3320692
10.5,21.812,21.75,13.875,1783205704.6840615
10.437,21.812,21.75,13.812,1783205765.035992
10.562,21.875,21.75,13.812,1783205824.3960636
10.437,21.875,21.75,13.75,1783205884.748057
10.437,21.875,21.75,13.75,1783205945.1639798
10.375,21.812,21.75,13.687,1783206004.524386
10.375,21.812,21.75,13.625,1783206064.9080544
10.25,21.812,21.75,13.625,1783206125.2600644
10.312,21.812,21.75,13.625,1783206184.5565124
10.312,21.812,21.687,13.562,1783206244.8760524
10.437,21.812,21.75,13.562,1783206305.260396
10.437,21.812,21.75,13.5,1783206364.6520717
10.5,21.812,21.75,13.5,1783206425.0040002
10.5,21.812,21.75,13.5,1783206484.3640492
10.375,21.812,21.75,13.5,1783206544.7160568
10.375,21.812,21.75,13.5,1783206605.0679712
10.375,21.812,21.75,13.437,1783206664.4920566
10.375,21.812,21.687,13.5,1783206724.8440523
10.375,21.812,21.75,13.437,1783206785.1960816
10.375,21.812,21.75,13.437,1783206844.5560653
10.437,21.812,21.75,13.437,1783206904.9080675
10.312,21.812,21.75,13.375,1783206965.196054
10.312,21.812,21.687,13.375,1783207024.6200652
10.187,21.812,21.75,13.375,1783207084.9720507
10.25,21.812,21.75,13.375,1783207145.324067
10.25,21.812,21.687,13.375,1783207204.6840544
10.312,21.75,21.687,13.437,1783207265.0363986
10.375,21.75,21.687,13.375,1783207324.428051
10.312,21.75,21.687,13.375,1783207384.8440695
10.437,21.75,21.687,13.375,1783207445.2001548
10.375,21.75,21.687,13.312,1783207504.5560646
10.312,21.75,21.687,13.312,1783207564.8445058
10.25,21.75,21.75,13.312,1783207625.2320616
10.375,21.75,21.75,13.312,1783207684.5880554
10.437,21.75,21.687,13.375,1783207745.0040064
10.437,21.75,21.75,13.312,1783207804.3640509
10.375,21.75,21.687,13.312,1783207864.7160704
10.437,21.75,21.75,13.375,1783207925.0044882
10.375,21.75,21.687,13.312,1783207984.3960488
10.437,21.75,21.687,13.312,1783208044.6840606
10.437,21.812,21.687,13.312,1783208105.004002
10.437,21.75,21.687,13.312,1783208164.3960598
10.375,21.75,21.687,13.312,1783208224.7480676
10.437,21.75,21.687,13.312,1783208285.0999787
10.437,21.75,21.687,13.312,1783208344.460054
10.437,21.75,21.687,13.25,1783208404.812061
10.437,21.75,21.687,13.312,1783208465.1639743
10.5,21.75,21.687,13.25,1783208524.5880609
10.437,21.75,21.687,13.25,1783208584.940071
10.5,21.75,21.687,13.187,1783208645.2920554
10.375,21.75,21.687,13.187,1783208704.6525059
10.437,21.75,21.687,13.187,1783208765.035974
10.5,21.75,21.687,13.125,1783208824.396055
10.437,21.75,21.687,13.125,1783208884.8120675
10.375,21.687,21.687,13.187,1783208945.1639776
10.375,21.75,21.687,13.125,1783209004.5240571
10.5,21.687,21.687,13.062,1783209064.8760722
10.437,21.75,21.687,13.125,1783209125.2320688
10.437,21.75,21.687,13.125,1783209184.588054
10.5,21.75,21.687,13.062,1783209245.003992
10.5,21.75,21.687,13.062,1783209304.3640563
10.437,21.75,21.687,13.062,1783209364.7160716
10.437,21.75,21.687,13.062,1783209425.0044742
10.437,21.687,21.687,13,1783209484.3323824
10.437,21.687,21.687,13,1783209544.716066
10.437,21.687,21.687,13,1783209605.0679953
10.312,21.75,21.687,13,1783209664.4600618
10.375,21.75,21.687,13,1783209724.8120542
10.437,21.75,21.687,13,1783209785
10.437,21.687,21.687,13,1783209844.5243733
10.437,21.687,21.687,13,1783209904.908047
10.375,21.75,21.687,13,1783209965.260063
10.437,21.75,21.687,12.937,1783210024.6840558
10.375,21.75,21.687,12.937,1783210085.0359814
10.375,21.75,21.687,12.937,1783210144.3960667
10.312,21.687,21.687,12.875,1783210204.7480705
10.375,21.687,21.687,12.937,1783210265.099985
10.375,21.75,21.687,12.937,1783210324.4600594
10.437,21.687,21.687,12.875,1783210384.8760517
10.25,21.687,21.687,12.875,1783210445.2280638
10.312,21.687,21.687,12.937,1783210504.5880508
10.25,21.687,21.687,12.875,1783210564.940065
10.437,21.687,21.687,12.937,1783210625.2920663
10.312,21.687,21.687,12.937,1783210684.652058
10.375,21.687,21.687,12.875,1783210745.0679781
10.375,21.687,21.687,12.875,1783210804.4280522
10.437,21.687,21.687,12.875,1783210864.780066
10.375,21.687,21.687,12.875,1783210925.1319814
10.437,21.687,21.625,12.875,1783210984.4920557
10.5,21.687,21.625,12.937,1783211044.8440676
10.437,21.687,21.625,12.937,1783211105.1643796
10.437,21.687,21.625,12.937,1783211164.5880563
10.375,21.687,21.625,12.937,1783211224.9400587
10.312,21.687,21.625,12.937,1783211285.2920687
10.25,21.687,21.687,12.937,1783211344.6520507
10.312,21.687,21.625,12.937,1783211405.0039926
10.312,21.75,21.625,12.937,1783211464.428058
10.375,21.75,21.687,12.937,1783211524.7800562
10.437,21.687,21.687,12.937,1783211585.1319752
10.5,21.687,21.625,12.875,1783211644.492065
10.437,21.687,21.625,12.875,1783211704.780554
10.375,21.687,21.625,12.812,1783211765.163972
10.375,21.625,21.625,12.812,1783211824.5880585
10.375,21.687,21.687,12.812,1783211884.9400508
10.375,21.687,21.625,12.812,1783211945.2920537
10.312,21.687,21.625,12.812,1783212004.5884979
10.312,21.687,21.625,12.812,1783212064.9720523
10.312,21.687,21.625,12.75,1783212125.2600684
10.312,21.687,21.625,12.812,1783212184.684071
10.312,21.687,21.625,12.75,1783212245.0359876
10.187,21.687,21.625,12.75,1783212304.332499
10.187,21.625,21.625,12.75,1783212364.7160566
10.25,21.625,21.625,12.687,1783212425.0679877
10.312,21.687,21.625,12.687,1783212484.4280546
10.187,21.687,21.687,12.625,1783212544.8760712
10.187,21.625,21.625,12.625,1783212605.2360675
10.187,21.687,21.625,12.625,1783212664.5880566
10.25,21.687,21.625,12.625,1783212724.9400666
10.25,21.687,21.625,12.625,1783212785.2920558
10.187,21.687,21.687,12.562,1783212844.6525168
10.062,21.687,21.625,12.625,1783212905.099975
10.125,21.625,21.687,12.625,1783212964.460068
10.187,21.687,21.625,12.562,1783213024.8120553
10.25,21.625,21.625,12.562,1783213085.163979
10.25,21.687,21.625,12.562,1783213144.524055
10.125,21.687,21.625,12.5,1783213204.8760686
10.125,21.687,21.625,12.562,1783213265.196079
10.125,21.625,21.625,12.5,1783213324.5880668
10.187,21.687,21.625,12.5,1783213384.9400733
10.187,21.687,21.625,12.5,1783213445.2283885
10.125,21.625,21.625,12.5,1783213504.6200526
10.187,21.625,21.625,12.5,1783213564.9080665
10.187,21.625,21.625,12.5,1783213625.1960776
10.187,21.625,21.625,12.5,1783213684.620057
10.187,21.625,21.625,12.437,1783213744.9720504
10.25,21.625,21.625,12.437,1783213805.3240554
10.125,21.625,21.625,12.437,1783213864.6840603
10.125,21.625,21.625,12.5,1783213925.036383
10.125,21.625,21.625,12.437,1783213984.4280565
10.187,21.625,21.625,12.437,1783214044.8440568
10.125,21.625,21.625,12.437,1783214105.1960578
10.125,21.625,21.625,12.437,1783214164.5560522
10.187,21.625,21.625,12.437,1783214224.8445258
10.312,21.625,21.625,12.437,1783214285.1643784
10.187,21.625,21.625,12.375,1783214344.5244389
10.187,21.625,21.625,12.437,1783214404.9725142
10.187,21.625,21.625,12.437,1783214464.3640575
10.187,21.625,21.625,12.437,1783214524.7160718
10.187,21.625,21.625,12.437,1783214585.004476
10.25,21.625,21.625,12.437,1783214644.3960567
10.187,21.625,21.625,12.375,1783214704.7480612
10.187,21.625,21.625,12.375,1783214765.067979
10.187,21.625,21.625,12.375,1783214824.4600592
10.187,21.625,21.625,12.375,1783214884.8120708
10.187,21.625,21.625,12.375,1783214945.1639733
10.187,21.625,21.625,12.312,1783215004.5240579
10.187,21.625,21.625,12.312,1783215064.8760543
10.187,21.625,21.625,12.25,1783215125.228056
10.187,21.562,21.625,12.25,1783215184.6520555
10.125,21.562,21.562,12.25,1783215245.0039876
10.187,21.625,21.625,12.25,1783215304.3640542
10.25,21.625,21.625,12.25,1783215364.7160587
10.25,21.625,21.625,12.187,1783215425.0679762
10.312,21.625,21.625,12.187,1783215484.4280543
10.312,21.625,21.625,12.187,1783215544.844068
10.25,21.625,21.625,12.125,1783215605.1960616
10.25,21.625,21.625,12.187,1783215664.5560706
10.25,21.625,21.625,12.187,1783215724.908073
10.187,21.625,21.625,12.187,1783215785.2600598
10.125,21.625,21.625,12.187,1783215844.5560687
10.187,21.625,21.625,12.187,1783215904.9720478
10.125,21.625,21.625,12.187,1783215965.3240664
10.187,21.625,21.625,12.125,1783216024.6840572
10.187,21.687,21.625,12.187,1783216085.035983
10.25,21.625,21.625,12.125,1783216144.3960505
10.25,21.687,21.625,12.062,1783216204.7480636
10.312,21.687,21.625,12.125,1783216265.1639762
10.312,21.625,21.625,12.062,1783216324.5240674
10.187,21.625,21.625,12.062,1783216384.8760684
10.25,21.625,21.625,12.062,1783216445.2320707
10.187,21.625,21.625,12.062,1783216504.588056
10.125,21.625,21.625,12.062,1783216564.940059
10.125,21.625,21.625,12.062,1783216625.2600558
10.125,21.625,21.625,12,1783216684.6520703
10.062,21.625,21.562,12,1783216745.003995
10.125,21.625,21.625,12,1783216804.300385
10.062,21.625,21.625,12,1783216864.684064
10,21.625,21.625,12,1783216924.9720478
10,21.562,21.625,12,1783216985.3240635
9.937,21.562,21.562,12,1783217044.748057
9.875,21.562,21.562,11.937,1783217105.099973
9.812,21.562,21.562,11.937,1783217164.4600637
9.937,21.562,21.562,11.937,1783217224.812056
9.875,21.562,21.625,11.937,1783217285.1639774
9.812,21.562,21.625,11.937,1783217345
9.75,21.562,21.625,11.937,1783217404.940061
9.75,21.562,21.562,11.937,1783217465.2920644
9.625,21.625,21.625,11.875,1783217524.6520717
9.625,21.625,21.562,11.875,1783217585.004005
9.625,21.625,21.562,11.875,1783217644.3640547
9.625,21.625,21.562,11.875,1783217704.7160604
9.625,21.625,21.625,11.875,1783217765.1319728
9.562,21.625,21.562,11.875,1783217824.492057
9.562,21.625,21.562,11.875,1783217884.8440666
9.562,21.562,21.562,11.812,1783217945.1960635
9.562,21.625,21.625,11.812,1783218004.5560517
9.562,21.562,21.562,11.812,1783218064.844052
9.5,21.625,21.562,11.812,1783218125.1960776
9.437,21.625,21.625,11.812,1783218184.5885227
9.437,21.625,21.625,11.812,1783218244.9720616
9.562,21.625,21.562,11.812,1783218305.260436
9.562,21.625,21.625,11.812,1783218364.6200604
9.562,21.625,21.562,11.812,1783218424.9080617
9.562,21.562,21.562,11.75,1783218485.1960723
9.437,21.625,21.625,11.75,1783218544.6200721
9.437,21.562,21.562,11.75,1783218604.9720438
9.5,21.562,21.562,11.75,1783218665.3240633
9.5,21.625,21.625,11.75,1783218724.684071
9.437,21.562,21.625,11.75,1783218785.0359848
9.375,21.562,21.562,11.75,1783218844.396058
9.437,21.562,21.562,11.75,1783218904.812067
9.375,21.562,21.562,11.75,1783218965.1639829
9.187,21.562,21.562,11.75,1783219024.4605079
9.187,21.562,21.562,11.75,1783219084.7804987
9.062,21.562,21.562,11.75,1783219145.1639872
9.062,21.562,21.562,11.75,1783219204.524074
9.125,21.562,21.562,11.75,1783219264.9400475
9.062,21.562,21.562,11.75,1783219325.2920725
9.062,21.562,21.562,11.75,1783219385
9,21.562,21.562,11.687,1783219444.9720476
8.875,21.625,21.562,11.687,1783219505.324053
8.937,21.625,21.562,11.687,1783219564.684059
8.875,21.625,21.562,11.687,1783219625.0999875
8.812,21.562,21.562,11.687,1783219684.4600518
8.687,21.562,21.562,11.625,1783219744.8120556
8.687,21.562,21.562,11.687,1783219805.1003692
8.625,21.562,21.562,11.625,1783219864.4920526
8.562,21.562,21.562,11.625,1783219924.8440711
8.437,21.562,21.562,11.625,1783219985.1639793
8.437,21.562,21.562,11.625,1783220044.5560548
8.375,21.562,21.562,11.625,1783220104.9080575
8.375,21.562,21.562,11.625,1783220165.1967201
8.312,21.5,21.562,11.562,1783220224.5560694
8.375,21.562,21.562,11.562,1783220284.9080622
8.375,21.562,21.562,11.562,1783220345.260051
8.25,21.562,21.562,11.562,1783220404.6840518
8.312,21.562,21.562,11.562,1783220465.0359874
8.25,21.562,21.562,11.562,1783220524.3960583
8.187,21.562,21.562,11.562,1783220584.7480586
8.25,21.562,21.562,11.5,1783220645.099979
8.25,21.562,21.562,11.562,1783220704.4600568
8.187,21.562,21.562,11.562,1783220764.8760536
8.25,21.562,21.562,11.5,1783220825.2600558
8.187,21.562,21.562,11.5,1783220884.6200635
8.25,21.562,21.562,11.5,1783220944.9720535
8.25,21.562,21.562,11.5,1783221005.3240705
8.187,21.625,21.562,11.5,1783221064.6200585
8.25,21.562,21.562,11.5,1783221125.0359883
8.25,21.562,21.5,11.5,1783221184.3960505
8.25,21.562,21.562,11.562,1783221244.748059
8.312,21.562,21.562,11.5,1783221305.1003644
8.25,21.5,21.5,11.562,1783221364.4920576
8.25,21.562,21.5,11.562,1783221424.844047
8.25,21.5,21.5,11.5,1783221485.1639764
8.187,21.5,21.562,11.5,1783221544.5560546
8.125,21.562,21.562,11.5,1783221604.908054
8.125,21.562,21.5,11.5,1783221665.196985
8.187,21.562,21.5,11.5,1783221724.588069
8.062,21.562,21.562,11.5,1783221784.9400742
8.062,21.562,21.5,11.437,1783221845.292056
8.062,21.562,21.5,11.437,1783221904.716073
8,21.562,21.5,11.437,1783221965.0679767
8,21.562,21.5,11.437,1783222024.428056
8,21.562,21.562,11.375,1783222084.7800572
8,21.5,21.5,11.375,1783222145.1319754
7.937,21.5,21.5,11.437,1783222204.4280555
8,21.562,21.5,11.375,1783222264.8440714
8.062,21.562,21.5,11.375,1783222325.1960642
8,21.562,21.5,11.375,1783222384.5560687
7.937,21.562,21.5,11.375,1783222444.9080586
7.937,21.5,21.5,11.375,1783222505.2600482
8,21.5,21.5,11.375,1783222564.6200693
8,21.5,21.5,11.375,1783222625.0359843
8.062,21.5,21.562,11.375,1783222684.3960545
8.062,21.562,21.5,11.375,1783222744.7484913
8,21.5,21.5,11.375,1783222805.1319726
8,21.5,21.5,11.312,1783222864.4920568
7.937,21.562,21.5,11.312,1783222924.7800539
7.937,21.5,21.5,11.312,1783222985.1319838
8,21.5,21.5,11.312,1783223044.524057
7.937,21.5,21.5,11.312,1783223104.8760686
8,21.5,21.5,11.312,1783223165.2280505
8,21.562,21.5,11.25,1783223224.5880606
7.937,21.562,21.5,11.312,1783223284.940058
7.937,21.5,21.5,11.312,1783223345.2280557
7.937,21.5,21.5,11.312,1783223404.6520724
8,21.5,21.5,11.25,1783223465.0039995
7.937,21.5,21.5,11.25,1783223524.3004463
7.937,21.5,21.5,11.25,1783223584.6840534
7.937,21.5,21.5,11.25,1783223645.035994
7.937,21.5,21.5,11.25,1783223704.3320663
8,21.5,21.562,11.25,1783223764.7480633
7.937,21.5,21.5,11.25,1783223825.0999765
7.937,21.562,21.5,11.25,1783223884.460066
7.937,21.562,21.5,11.25,1783223944.8120518
7.937,21.562,21.5,11.25,1783224005.1639795
7.937,21.562,21.5,11.187,1783224064.5243812
8.062,21.5,21.5,11.25,1783224124.9405217
8.062,21.5,21.5,11.25,1783224185.3240685
8.062,21.5,21.5,11.187,1783224244.6840672
8,21.562,21.5,11.187,1783224305.035982
8,21.5,21.5,11.187,1783224364.3960693
7.937,21.562,21.5,11.187,1783224424.7480478
8,21.5,21.5,11.187,1783224485.1639755
8.062,21.5,21.5,11.187,1783224544.5240679
8.062,21.5,21.437,11.187,1783224604.8760712
8.062,21.5,21.5,11.187,1783224665.164375
8,21.5,21.5,11.187,1783224724.4925225
8.125,21.5,21.5,11.187,1783224784.876052
8.062,21.562,21.5,11.25,1783224845.2600646
8.125,21.5,21.5,11.187,1783224904.6200702
8.187,21.5,21.5,11.187,1783224965
8.25,21.562,21.5,11.25,1783225025.3240514
8.25,21.5,21.5,11.25,1783225084.6840653
8.25,21.562,21.5,11.25,1783225145.0359807
8.187,21.562,21.5,11.25,1783225204.4600565
8.25,21.562,21.5,11.25,1783225264.8120723
8.25,21.5,21.5,11.25,1783225325.1639833
8.312,21.5,21.5,11.25,1783225384.460505
8.25,21.562,21.5,11.312,1783225444.8440537
8.312,21.5,21.5,11.312,1783225505.200151
8.312,21.562,21.5,11.312,1783225564.6205194
8.312,21.562,21.5,11.312,1783225625.0039983
8.25,21.562,21.5,11.312,1783225684.3640537
8.312,21.5,21.5,11.312,1783225744.6525161
8.375,21.5,21.437,11.312,1783225805.0359905
8.375,21.5,21.437,11.312,1783225864.3960712
8.375,21.5,21.437,11.312,1783225924.8120716
8.375,21.5,21.5,11.375,1783225985.1639922
8.375,21.5,21.437,11.312,1783226044.5240672
8.437,21.5,21.5,11.312,1783226104.8760526
8.437,21.562,21.437,11.312,1783226165.228072
8.437,21.5,21.437,11.312,1783226224.5880568
8.437,21.562,21.437,11.312,1783226285.0039914
8.375,21.5,21.5,11.375,1783226344.3640707
8.25,21.5,21.437,11.375,1783226404.7160666
8.375,21.5,21.5,11.375,1783226465.0679784
8.375,21.5,21.437,11.375,1783226524.4280653
8.312,21.5,21.5,11.375,1783226584.7800581
8.375,21.5,21.437,11.375,1783226645.099977
8.312,21.5,21.437,11.375,1783226704.4920697
8.25,21.5,21.5,11.375,1783226764.844068
8.312,21.5,21.437,11.375,1783226825.1960814
8.25,21.5,21.437,11.437,1783226884.524052
8.187,21.5,21.437,11.437,1783226944.8760505
8.25,21.5,21.437,11.375,1783227005.228057
8.187,21.5,21.437,11.437,1783227064.6520538
8.187,21.437,21.437,11.375,1783227125.0359888
8.187,21.5,21.437,11.375,1783227184.3960536
8.187,21.5,21.437,11.375,1783227244.748061
8.187,21.437,21.437,11.375,1783227305.099985
8.187,21.5,21.437,11.437,1783227364.4280663
8.25,21.5,21.437,11.437,1783227424.8440704
8.25,21.5,21.437,11.375,1783227485.1960886
8.187,21.5,21.437,11.437,1783227544.556063
8.187,21.437,21.437,11.375,1783227604.9080567
8.187,21.5,21.437,11.375,1783227665.2600513
8.187,21.5,21.437,11.375,1783227724.6200705
8.312,21.437,21.437,11.375,1783227785.0359833
8.25,21.5,21.437,11.437,1783227844.396064
8.312,21.5,21.437,11.437,1783227904.748059
8.312,21.437,21.437,11.437,1783227965.0999806
8.312,21.437,21.437,11.437,1783228024.3964922
8.312,21.437,21.437,11.437,1783228084.7160668
8.375,21.437,21.437,11.437,1783228145.0999875
8.25,21.5,21.437,11.437,1783228204.460062
8.25,21.437,21.437,11.375,1783228264.8120701
8.312,21.437,21.437,11.375,1783228325.100382
8.312,21.5,21.437,11.375,1783228384.492055
8.312,21.5,21.437,11.375,1783228444.7800646
8.437,21.5,21.437,11.437,1783228505.1319861
8.437,21.5,21.437,11.375,1783228564.5240564
8.375,21.5,21.437,11.437,1783228624.8760664
8.375,21.5,21.437,11.437,1783228685.2280698
8.437,21.5,21.437,11.375,1783228744.5880623
8.375,21.437,21.437,11.375,1783228804.9400654
8.312,21.437,21.437,11.375,1783228865.2920532
8.5,21.5,21.437,11.375,1783228924.7165613
8.437,21.5,21.437,11.375,1783228985.0999763
8.437,21.5,21.437,11.437,1783229044.4600537
8.437,21.5,21.437,11.437,1783229104.812067
8.437,21.437,21.437,11.437,1783229165.1639857
8.437,21.437,21.437,11.437,1783229224.492055
8.375,21.437,21.437,11.437,1783229284.9080713
8.312,21.437,21.437,11.437,1783229345.260053
8.375,21.437,21.437,11.437,1783229404.6200588
8.375,21.437,21.437,11.437,1783229464.9085004
8.312,21.437,21.437,11.437,1783229525.2920575
8.437,21.437,21.437,11.5,1783229584.6520662
8.437,21.5,21.437,11.5,1783229645.0679834
8.437,21.437,21.375,11.5,1783229704.4280553
8.5,21.437,21.375,11.5,1783229764.7800527
8.562,21.437,21.375,11.5,1783229825.1319795
8.437,21.5,21.437,11.5,1783229884.428521
8.5,21.437,21.375,11.562,1783229945
8.5,21.5,21.437,11.5,1783230005.1319718
8.5,21.5,21.375,11.5,1783230064.5240548
8.562,21.437,21.437,11.562,1783230124.876057
8.562,21.5,21.375,11.562,1783230185.2280686
8.562,21.437,21.437,11.5,1783230244.5880656
8.562,21.437,21.375,11.5,1783230304.9400573
8.5,21.437,21.375,11.562,1783230365.2920532
8.625,21.437,21.375,11.5,1783230424.7165203
8.562,21.5,21.375,11.562,1783230485.0999837
8.562,21.5,21.437,11.5,1783230544.4600606
8.625,21.437,21.437,11.562,1783230605
8.562,21.437,21.375,11.562,1783230665.1639907
8.625,21.5,21.375,11.562,1783230724.524056
8.687,21.437,21.437,11.562,1783230784.940069
8.75,21.437,21.375,11.562,1783230845.2920592
8.812,21.437,21.375,11.562,1783230904.6200652
8.875,21.437,21.437,11.562,1783230964.9720504
8.812,21.437,21.437,11.562,1783231025.3240547
8.75,21.437,21.375,11.562,1783231084.6840682
8.75,21.437,21.375,11.562,1783231145.0999827
8.75,21.437,21.375,11.562,1783231204.4600587
8.75,21.5,21.375,11.562,1783231264.812065
8.812,21.5,21.375,11.5,1783231325.163982
8.687,21.437,21.375,11.5,1783231384.5240543
8.75,21.437,21.375,11.5,1783231444.876054
8.687,21.437,21.375,11.437,1783231505.1960616
8.687,21.437,21.375,11.437,1783231564.5880632
8.687,21.437,21.375,11.437,1783231624.940056
8.687,21.437,21.375,11.437,1783231685.292068
8.625,21.437,21.375,11.375,1783231744.5885007
8.625,21.437,21.375,11.375,1783231804.9080644
8.625,21.437,21.375,11.375,1783231865.260055
8.625,21.437,21.375,11.375,1783231924.6845417
8.625,21.437,21.375,11.375,1783231985.0679965
8.625,21.437,21.437,11.312,1783232044.4280598
8.687,21.437,21.375,11.375,1783232104.7800589
8.875,21.5,21.375,11.375,1783232165.131979
8.875,21.437,21.375,11.375,1783232224.4920611
8.937,21.5,21.375,11.375,1783232284.908059
8.937,21.437,21.375,11.375,1783232345.2600584
8.937,21.437,21.375,11.375,1783232404.6200635
8.937,21.437,21.375,11.375,1783232464.9720516
8.937,21.375,21.375,11.375,1783232525.2604384
8.937,21.437,21.375,11.375,1783232584.5560718
9,21.437,21.375,11.375,1783232644.9720652
9,21.437,21.375,11.375,1783232705.3240683
9,21.437,21.375,11.375,1783232764.6203835
9,21.437,21.375,11.375,1783232825.0039961
9,21.437,21.375,11.312,1783232884.364064
8.937,21.437,21.375,11.312,1783232944.7160668
8.937,21.437,21.375,11.312,1783233005.1319818
8.937,21.437,21.375,11.375,1783233064.492056
8.937,21.437,21.375,11.312,1783233124.8440685
9,21.437,21.375,11.375,1783233185.1960647
9.062,21.437,21.375,11.375,1783233244.5560648
9.062,21.437,21.375,11.375,1783233304.9080584
9.125,21.437,21.375,11.375,1783233365.2600648
9.125,21.437,21.375,11.375,1783233424.652521
9.187,21.437,21.375,11.375,1783233485.0359828
9.187,21.437,21.375,11.375,1783233544.3960552
9.312,21.437,21.375,11.437,1783233604.684519
9.312,21.437,21.375,11.437,1783233665.0039964
9.375,21.437,21.375,11.437,1783233724.428058
9.437,21.437,21.375,11.437,1783233784.7800622
9.5,21.437,21.375,11.5,1783233845.131978
9.5,21.437,21.312,11.5,1783233904.492071
9.562,21.437,21.312,11.5,1783233964.8440547
9.625,21.437,21.375,11.562,1783234025.1960733
9.562,21.5,21.375,11.562,1783234084.6200562
9.562,21.437,21.375,11.562,1783234144.9720454
9.625,21.437,21.312,11.562,1783234205.3240569
9.625,21.437,21.312,11.562,1783234265
9.75,21.437,21.375,11.562,1783234324.9724967
9.75,21.437,21.375,11.625,1783234384.3640578
9.687,21.437,21.375,11.625,1783234444.7800565
9.75,21.437,21.312,11.625,1783234505.1319854
9.687,21.437,21.375,11.625,1783234564.4920585
9.687,21.437,21.312,11.687,1783234624.8440528
9.625,21.437,21.375,11.625,1783234685.2001827
9.625,21.437,21.312,11.625,1783234744.5560582
9.687,21.437,21.375,11.625,1783234804.972047
9.75,21.437,21.312,11.625,1783234865.324069
9.75,21.437,21.375,11.625,1783234924.6840632
9.687,21.437,21.375,11.625,1783234984.9724977
9.687,21.5,21.375,11.625,1783235044.3640602
9.687,21.437,21.375,11.625,1783235104.6520555
9.75,21.437,21.375,11.625,1783235165.0679882
9.812,21.5,21.375,11.625,1783235224.4280696
9.625,21.437,21.375,11.625,1783235284.7800565
9.625,21.437,21.312,11.625,1783235345.0683923
9.687,21.437,21.312,11.625,1783235404.3965077
9.75,21.437,21.312,11.625,1783235464.7800548
9.75,21.437,21.375,11.625,1783235525.1319776
9.812,21.437,21.312,11.625,1783235584.5240593
9.937,21.437,21.312,11.625,1783235644.8760662
10,21.437,21.312,11.625,1783235705.1643636
9.937,21.437,21.312,11.687,1783235764.5240624
9.937,21.437,21.312,11.687,1783235824.8760674
10,21.375,21.375,11.75,1783235885.2320535
10.062,21.437,21.375,11.75,1783235944.6520548
10.062,21.437,21.375,11.75,1783236005.0044727
10.125,21.437,21.375,11.75,1783236064.396055
10.062,21.437,21.312,11.812,1783236124.7480655
10.125,21.437,21.312,11.812,1783236185.0363617
10.25,21.437,21.375,11.812,1783236244.4280589
10.25,21.375,21.312,11.875,1783236304.8440719
10.312,21.437,21.312,11.875,1783236365.2001803
10.437,21.437,21.312,11.875,1783236424.556535
10.437,21.437,21.312,11.875,1783236484.9400644
10.437,21.375,21.375,11.937,1783236545.2323976
10.5,21.437,21.312,11.937,1783236604.588056
10.5,21.437,21.312,11.937,1783236665.0039954
10.562,21.437,21.312,11.937,1783236724.3640614
10.437,21.437,21.312,11.937,1783236784.7160568
10.375,21.437,21.312,11.937,1783236845.0679805
10.375,21.437,21.312,11.937,1783236904.4280572
10.437,21.437,21.312,11.937,1783236964.7800689
10.5,21.437,21.312,11.937,1783237025.1319928
10.437,21.437,21.312,11.937,1783237084.5240698
10.562,21.375,21.312,12,1783237144.876055
10.687,21.437,21.312,12,1783237205.164376
10.875,21.437,21.312,12,1783237264.5560603
10.875,21.437,21.312,11.937,1783237324.9080539
10.875,21.437,21.312,12,1783237385.2600608
10.875,21.437,21.312,12,1783237444.6840675
10.812,21.437,21.312,12,1783237505.0359793
10.812,21.437,21.312,12,1783237564.3325038
10.812,21.437,21.312,12,1783237624.7160625
10.812,21.437,21.312,11.937,1783237685.0999708
10.812,21.437,21.312,12,1783237744.460053
10.875,21.437,21.375,12,1783237804.8760505
10.812,21.375,21.312,12,1783237865.2280545
10.812,21.437,21.312,12,1783237924.588485
10.75,21.375,21.312,12,1783237984.9720502
10.75,21.437,21.312,12,1783238045.264483
10.75,21.437,21.312,12,1783238104.5880551
10.75,21.437,21.312,12,1783238165.0040069
10.75,21.437,21.312,11.937,1783238224.3640578
10.812,21.437,21.312,11.937,1783238284.7160661
10.75,21.437,21.312,12,1783238345.067985
10.937,21.437,21.312,12,1783238404.428063
10.937,21.437,21.312,12,1783238464.7160559
10.875,21.437,21.312,12,1783238525.0359902
10.937,21.437,21.312,12,1783238584.4280677
10.937,21.437,21.312,12,1783238644.7800539
11.062,21.437,21.312,12.062,1783238705.1319866
11.187,21.437,21.312,12.062,1783238764.492056
11.187,21.437,21.312,12.062,1783238824.844069
11.187,21.437,21.312,12.062,1783238885.1960793
11.187,21.437,21.312,12.062,1783238944.6200714
11.125,21.437,21.312,12.125,1783239004.9720469
11.062,21.437,21.312,12.125,1783239065
11.125,21.437,21.312,12.125,1783239124.6840577
11.187,21.437,21.312,12.125,1783239185.035979
11.25,21.437,21.312,12.125,1783239244.3960626
11.312,21.437,21.312,12.187,1783239304.8120658
11.375,21.437,21.312,12.187,1783239365.1639798
11.312,21.437,21.312,12.187,1783239424.4604921
11.375,21.437,21.312,12.187,1783239484.8440585
11.25,21.437,21.312,12.187,1783239545.1960847
11.25,21.437,21.312,12.187,1783239604.4920666
11.375,21.437,21.312,12.25,1783239664.9080596
11.375,21.437,21.312,12.25,1783239725.260063
11.25,21.437,21.312,12.25,1783239784.620069
11.25,21.437,21.312,12.25,1783239845
11.312,21.437,21.312,12.25,1783239905.2603762
11.375,21.437,21.312,12.25,1783239964.6200676
11.437,21.437,21.312,12.25,1783240025.0679862
11.5,21.437,21.312,12.25,1783240084.4280646
11.5,21.437,21.312,12.25,1783240144.7800567
11.5,21.437,21.312,12.25,1783240205.131973
11.625,21.437,21.312,12.312,1783240264.4920504
11.687,21.437,21.312,12.312,1783240324.844057
11.75,21.437,21.312,12.312,1783240385.1639712
11.937,21.437,21.312,12.312,1783240444.5560591
11.937,21.437,21.312,12.375,1783240504.908068
11.937,21.437,21.312,12.375,1783240565.2600691
11.875,21.437,21.312,12.375,1783240624.5565195
11.875,21.437,21.312,12.375,1783240684.940063
11.75,21.437,21.312,12.437,1783240745.2920582
11.75,21.437,21.312,12.437,1783240804.7160695
11.812,21.437,21.312,12.375,1783240865.0679739
11.812,21.437,21.312,12.375,1783240924.4280605
11.875,21.437,21.312,12.437,1783240984.7800558
11.875,21.437,21.312,12.437,1783241045.1639776
11.875,21.437,21.312,12.437,1783241104.4924908
11.937,21.437,21.312,12.5,1783241164.940069
12,21.437,21.312,12.5,1783241225.3240566
12.062,21.437,21.312,12.5,1783241284.6840618
11.937,21.437,21.312,12.5,1783241345.0359778
12,21.5,21.312,12.5,1783241404.3960617
12.125,21.5,21.25,12.5,1783241465
12.125,21.437,21.25,12.562,1783241525.1960793
12.187,21.5,21.312,12.562,1783241584.5560575
12.187,21.5,21.312,12.562,1783241644.9080708
12.25,21.5,21.312,12.562,1783241705.2600658
12.312,21.5,21.312,12.562,1783241764.620063
12.312,21.5,21.312,12.562,1783241824.9720545
12.375,21.5,21.312,12.625,1783241885.3240612
12.5,21.5,21.312,12.625,1783241944.7160695
12.5,21.5,21.312,12.687,1783242005.0679789
12.5,21.437,21.312,12.625,1783242064.4280572
12.5,21.5,21.312,12.687,1783242124.7800586
12.437,21.437,21.312,12.687,1783242185.0679848
12.437,21.5,21.312,12.687,1783242244.4920633
12.562,21.5,21.312,12.75,1783242304.8440545
12.437,21.437,21.312,12.75,1783242365.1968422
12.437,21.437,21.312,12.75,1783242424.588058
12.5,21.5,21.312,12.75,1783242484.9400537
12.625,21.5,21.312,12.75,1783242545.2280655
12.75,21.437,21.312,12.812,1783242604.6520717
12.875,21.437,21.312,12.812,1783242665.003997
12.875,21.437,21.312,12.812,1783242724.3640559
12.812,21.437,21.312,12.875,1783242784.716068
12.812,21.437,21.312,12.875,1783242845.0679812
12.875,21.5,21.312,12.875,1783242904.4280522
12.812,21.5,21.312,12.937,1783242964.8440652
12.75,21.5,21.312,12.937,1783243025.1960816
12.812,21.5,21.312,12.937,1783243084.5560548
12.75,21.5,21.312,12.937,1783243144.908063
12.625,21.437,21.25,12.937,1783243205.2920666
12.687,21.5,21.312,13,1783243264.652512
12.75,21.437,21.312,13,1783243325.099968
12.875,21.437,21.312,13,1783243384.460052
13,21.437,21.312,13.062,1783243444.812068
12.875,21.437,21.25,13.125,1783243505
13.062,21.437,21.312,13.125,1783243564.5240571
13.187,21.437,21.312,13.187,1783243624.8760624
13.187,21.5,21.312,13.25,1783243685.2320654
13.25,21.5,21.312,13.25,1783243744.6200757
13.25,21.5,21.312,13.312,1783243804.972055
13.125,21.5,21.312,13.312,1783243865.324072
12.875,21.5,21.312,13.25,1783243924.6840665
12.75,21.5,21.312,13.25,1783243985.036395
12.687,21.437,21.312,13.25,1783244044.4920633
12.875,21.5,21.25,13.25,1783244104.8440697
13.125,21.5,21.312,13.312,1783244165.2001634
13.125,21.5,21.312,13.312,1783244224.5560577
13.25,21.5,21.25,13.375,1783244284.908064
13.25,21.5,21.312,13.375,1783244345
13.437,21.5,21.25,13.437,1783244404.6840706
13.562,21.5,21.312,13.5,1783244465.0359852
13.5,21.437,21.312,13.5,1783244524.3960721
13.562,21.5,21.312,13.5,1783244584.7480602
13.437,21.5,21.25,13.562,1783244645.099975
13.437,21.5,21.312,13.562,1783244704.4600546
13.625,21.5,21.312,13.625,1783244764.876065
13.937,21.5,21.312,13.687,1783244825.260057
14.187,21.5,21.312,13.812,1783244884.6200686
14.25,21.5,21.312,13.875,1783244944.9085276
14.125,21.5,21.312,13.937,1783245005.2920537
14.375,21.5,21.312,14.062,1783245064.6520684
14.375,21.5,21.312,14.125,1783245125.0679758
14.5,21.5,21.312,14.125,1783245184.4280553
14.75,21.5,21.312,14.187,1783245244.7800667
14.562,21.5,21.25,14.25,1783245305.068387
14.5,21.5,21.312,14.312,1783245364.3965077
14.687,21.5,21.312,14.312,1783245424.7804842
14.625,21.5,21.25,14.375,1783245485.0999851
14.25,21.5,21.312,14.375,1783245544
14.125,21.5,21.25,14.312,1783245604.844069
13.875,21.562,21.25,14.312,1783245665.1960635
14.062,21.5,21.312,14.312,1783245724.5560696
13.875,21.5,21.312,14.25,1783245784.908069
14.062,21.5,21.312,14.312,1783245845.2600713
14.125,21.5,21.312,14.312,1783245904.6520684
13.937,21.5,21.25,14.25,1783245965.0039878
13.937,21.5,21.312,14.312,1783246024.364052
13.937,21.5,21.312,14.312,1783246084.716056
14,21.5,21.312,14.25,1783246145.0679727
14.062,21.5,21.312,14.25,1783246204.4280522
14,21.5,21.312,14.25,1783246265
14.062,21.562,21.25,14.25,1783246325.1960797
14,21.5,21.312,14.25,1783246385
14,21.5,21.312,14.25,1783246444.9080732
13.937,21.5,21.312,14.25,1783246505.260064
13.937,21.5,21.25,14.25,1783246564.6200683
14,21.5,21.25,14.25,1783246625.0359805
14.125,21.562,21.312,14.25,1783246684.3960493
14.125,21.5,21.312,14.312,1783246744.7480493
13.937,21.562,21.312,14.25,1783246805.099978
14,21.5,21.312,14.312,1783246864.4600532
14.125,21.562,21.312,14.375,1783246924.7480636
14.25,21.562,21.312,14.375,1783246985.0679781
14.187,21.562,21.312,14.437,1783247044.4640582
14.375,21.5,21.312,14.5,1783247104.8120568
14.5,21.5,21.312,14.5,1783247165.1639688
14.625,21.562,21.312,14.562,1783247224.5240574
14.812,21.562,21.25,14.625,1783247284.8120515
14.75,21.5,21.312,14.687,1783247345.1639855
14.875,21.5,21.312,14.75,1783247404.588054
14.75,21.5,21.312,14.812,1783247464.9400458
14.625,21.5,21.312,14.812,1783247525.2920556
14.812,21.5,21.312,14.812,1783247584.652059
15,21.5,21.312,14.812,1783247644.9405348
14.875,21.5,21.25,14.812,1783247705.3240528
14.812,21.5,21.312,14.812,1783247764.748059
14.875,21.5,21.312,14.812,1783247825.0999835
14.687,21.5,21.312,14.812,1783247884
14.375,21.5,21.25,14.812,1783247944.8120677
14.375,21.5,21.312,14.75,1783248005.1639788
14.437,21.5,21.312,14.75,1783248064.492054
14.312,21.562,21.312,14.75,1783248124.9080558
14.5,21.562,21.25,14.75,1783248185.2600663
14.437,21.5,21.312,14.75,1783248244.6200535
14.125,21.562,21.312,14.687,1783248304.9720502
14.375,21.5,21.312,14.687,1783248365.3240662
14.437,21.5,21.312,14.75,1783248424.6200633
14.5,21.5,21.312,14.75,1783248485.0359836
14.437,21.562,21.312,14.812,1783248544.3960633
14.5,21.562,21.312,14.75,1783248604.7480502
14.562,21.5,21.312,14.812,1783248665.099982
14.625,21.5,21.312,14.812,1783248724.4600575
14.75,21.562,21.312,14.812,1783248784.7480621
14.875,21.562,21.312,14.875,1783248845.0679812
14.937,21.562,21.312,14.875,1783248904.4600601
15.062,21.562,21.312,14.875,1783248964.8120556
15.125,21.562,21.312,14.937,1783249025.1003826
15.125,21.5,21.312,14.937,1783249084.4285028
15.187,21.562,21.25,15,1783249144.7480607
15.187,21.5,21.312,15,1783249205.0999827
15.062,21.5,21.312,15.062,1783249264.524058
15.25,21.5,21.25,15.062,1783249324.8760722
15.25,21.562,21.312,15.062,1783249385.2320645
15.375,21.562,21.25,15.125,1783249444.5880532
15.375,21.562,21.312,15.125,1783249504.9400618
15.562,21.562,21.312,15.187,1783249565.2920573
15.625,21.562,21.312,15.187,1783249624.7164986
15.562,21.562,21.312,15.187,1783249685.0999844
15.687,21.562,21.25,15.25,1783249744.396559
15.625,21.562,21.312,15.25,1783249804.780061
15.625,21.562,21.25,15.312,1783249865.0684202
15.687,21.562,21.25,15.312,1783249924.4600585
15.812,21.562,21.25,15.312,1783249984.876059
15.5,21.562,21.25,15.312,1783250045.2320638
15.5,21.562,21.312,15.375,1783250104.524559
15.562,21.562,21.312,15.375,1783250164.9085078
15.625,21.562,21.312,15.375,1783250225.2924354
15.625,21.562,21.312,15.375,1783250284.6840646
15.75,21.562,21.312,15.437,1783250345
15.687,21.562,21.312,15.437,1783250404.460066
15.687,21.562,21.312,15.437,1783250464.8120658
15.5,21.562,21.25,15.5,1783250525.163984
15.625,21.562,21.312,15.437,1783250584.5240612
15.687,21.562,21.312,15.437,1783250644.876066
15.75,21.562,21.25,15.5,1783250705.200155
15.75,21.562,21.25,15.5,1783250764.5880692
15.75,21.562,21.312,15.5,1783250824.940058
15.75,21.562,21.25,15.5,1783250885.2285264
15.812,21.562,21.25,15.562,1783250944.6200576
15.687,21.562,21.312,15.562,1783251004.9080608
15.75,21.562,21.25,15.625,1783251065.2600589
16,21.562,21.25,15.625,1783251124.6840494
16.125,21.562,21.25,15.687,1783251185.0359955
16.187,21.562,21.25,15.75,1783251244.396062
16.25,21.562,21.25,15.812,1783251304.7480505
16.562,21.562,21.25,15.875,1783251365.1003866
16.687,21.562,21.25,15.875,1783251424.492054
16.437,21.562,21.25,15.937,1783251484.9080696
16.375,21.562,21.312,15.937,1783251545.2600567
16.437,21.562,21.25,15.937,1783251605
16.375,21.562,21.25,16,1783251664.8764825
16.625,21.562,21.25,16,1783251725.260063
16.75,21.562,21.312,16.062,1783251784.620061
17,21.562,21.312,16.125,1783251845.0359783
17.125,21.625,21.25,16.187,1783251904.3960624
17.25,21.562,21.25,16.25,1783251964.7480621
17.375,21.562,21.25,16.312,1783252025.0999806
17.375,21.562,21.25,16.312,1783252084
17.312,21.562,21.25,16.375,1783252144.7804954
17.125,21.562,21.25,16.375,1783252205.099987
16.812,21.562,21.312,16.375,1783252264.4920647
17,21.562,21.25,16.375,1783252324.8440619
16.937,21.562,21.312,16.375,1783252385.1324108
16.812,21.562,21.25,16.375,1783252444.5240636
16.812,21.562,21.312,16.437,1783252504.8760664
16.562,21.562,21.312,16.375,1783252565.2320676
16.75,21.562,21.25,16.437,1783252624.652057
16.875,21.562,21.25,16.437,1783252685.0039952
16.75,21.562,21.25,16.437,1783252744.364062
16.75,21.562,21.25,16.437,1783252804.716062
16.437,21.562,21.312,16.437,1783252865.0679893
16.5,21.625,21.25,16.437,1783252924.4280567
16.5,21.562,21.25,16.437,1783252984.8760545
16.562,21.562,21.312,16.437,1783253045.2320697
16.625,21.562,21.312,16.437,1783253104.5880613
16.812,21.562,21.25,16.5,1783253164.9400523
16.937,21.562,21.312,16.5,1783253225.2920582
16.937,21.562,21.25,16.562,1783253284.6520672
17.125,21.562,21.25,16.625,1783253345.067971
17.062,21.562,21.25,16.625,1783253404.4280684
17.062,21.562,21.25,16.625,1783253464.7800562
16.687,21.562,21.312,16.625,1783253525.131979
16.75,21.562,21.312,16.625,1783253584.4285204
16.562,21.562,21.25,16.625,1783253644.8120592
16.625,21.625,21.312,16.562,1783253705.1639824
16.687,21.562,21.312,16.625,1783253764.5560505
16.75,21.625,21.25,16.625,1783253824.9080675
16.937,21.562,21.25,16.625,1783253885.260057
17,21.562,21.312,16.687,1783253944.6200578
17.062,21.562,21.25,16.75,1783254004.9720533
17.312,21.562,21.25,16.812,1783254065.3240583
17.187,21.562,21.25,16.812,1783254124.748064
17.062,21.562,21.312,16.812,1783254185.0999796
17,21.625,21.312,16.875,1783254244.4600523
17.062,21.625,21.25,16.875,1783254304.812055
17,21.625,21.312,16.812,1783254365.1003604
16.875,21.562,21.25,16.812,1783254424.4600568
16.437,21.562,21.312,16.812,1783254484.8765202
16.562,21.625,21.25,16.75,1783254545.260076
16.375,21.562,21.25,16.75,1783254605
16.5,21.625,21.312,16.75,1783254664.9724863
16.625,21.562,21.312,16.75,1783254724.3320675
16.875,21.562,21.312,16.75,1783254784.6840692
16.687,21.625,21.312,16.812,1783254845.0999765
16.625,21.562,21.312,16.812,1783254904.4600568
16.5,21.625,21.312,16.812,1783254964.8120537
16.562,21.562,21.312,16.75,1783255025.1639805
16.187,21.625,21.312,16.75,1783255084.524057
16.125,21.625,21.312,16.687,1783255144.8760595
16.062,21.625,21.312,16.625,1783255205.1639788
16,21.625,21.312,16.625,1783255264.5560582
16,21.562,21.312,16.562,1783255324.9080544
15.812,21.625,21.312,16.562,1783255385.196771
15.687,21.625,21.312,16.5,1783255444.5560699
15.875,21.625,21.312,16.437,1783255504.9080675
15.437,21.625,21.312,16.437,1783255565.260065
15.437,21.625,21.312,16.375,1783255624.6840663
15.437,21.562,21.312,16.312,1783255685.0359848
15.25,21.625,21.312,16.25,1783255744.3960605
15.062,21.625,21.312,16.187,1783255804.7480495
15.062,21.625,21.312,16.125,1783255865.0999744
14.937,21.625,21.312,16.062,1783255924
15.125,21.625,21.312,16.062,1783255984.8760684
15.312,21.625,21.312,16.062,1783256045.2280757
15.125,21.625,21.312,16,1783256104.524503
15.312,21.625,21.312,16,1783256164.908065
15.375,21.625,21.312,16,1783256225.1967504
15.312,21.625,21.312,16,1783256284.5560596
15.312,21.625,21.312,16,1783256344.9720495
15.062,21.625,21.312,16,1783256405.3240542
15.062,21.625,21.312,15.937,1783256464.620508
15.125,21.625,21.312,15.875,1783256524.940495
15.125,21.625,21.312,15.875,1783256585.3240705
15.062,21.687,21.312,15.875,1783256644.6840672
14.875,21.625,21.312,15.875,1783256705.0999758
14.437,21.687,21.312,15.812,1783256764.4600563
14.312,21.625,21.312,15.75,1783256824.8120716
14.437,21.625,21.312,15.687,1783256885
14.437,21.625,21.312,15.687,1783256944.5240536
14.437,21.625,21.312,15.625,1783257004.8760571
14.562,21.687,21.312,15.625,1783257065.228071
14.687,21.687,21.312,15.625,1783257124.6205387
14.75,21.687,21.312,15.625,1783257185.0039928
14.812,21.625,21.312,15.625,1783257244.3640544
14.875,21.625,21.312,15.625,1783257304.716059
14.812,21.625,21.312,15.625,1783257365.0679798
14.812,21.625,21.312,15.625,1783257424.4920568
14.937,21.687,21.312,15.625,1783257484.8440719
15,21.625,21.312,15.625,1783257545.1960778
14.75,21.625,21.312,15.625,1783257604.5560713
14.687,21.625,21.312,15.625,1783257664.9080648
14.75,21.687,21.312,15.625,1783257725.2600665
14.437,21.687,21.312,15.625,1783257784.6840696
14.562,21.687,21.312,15.625,1783257845.0359852
14.812,21.687,21.312,15.625,1783257904.3324947
14.625,21.625,21.312,15.625,1783257964.6525671
14.75,21.687,21.312,15.625,1783258024.972492
14.812,21.687,21.312,15.625,1783258084.3640573
14.875,21.625,21.312,15.687,1783258144.7800572
14.75,21.687,21.375,15.687,1783258205.135984
14.875,21.687,21.312,15.687,1783258264.4920702
14.937,21.625,21.312,15.687,1783258324.8440711
14.937,21.687,21.312,15.75,1783258385.196063
14.687,21.625,21.312,15.75,1783258444.5560555
14.937,21.625,21.375,15.75,1783258504.972047
14.875,21.625,21.312,15.812,1783258565.3240585
14.937,21.687,21.312,15.812,1783258624.684056
14.937,21.625,21.312,15.812,1783258684.972503
14.875,21.687,21.375,15.875,1783258744.2680693
14.937,21.625,21.312,15.875,1783258804.6200666
15.125,21.625,21.375,15.937,1783258865.0359886
15.25,21.687,21.312,15.937,1783258924.3960707
15.312,21.625,21.312,16,1783258984.7484822
15.375,21.687,21.312,16,1783259045.1323805
15.312,21.625,21.375,16.062,1783259104.5244973
15.312,21.625,21.375,16.062,1783259164.9080563
15.437,21.687,21.312,16.062,1783259225.232429
15.375,21.687,21.312,16.125,1783259284.652061
15.562,21.687,21.375,16.125,1783259345
15.5,21.687,21.312,16.187,1783259404.3640563
15.437,21.625,21.312,16.187,1783259464.7160666
15.5,21.687,21.312,16.187,1783259525.0679781
15.562,21.687,21.375,16.187,1783259584.4920523
15.375,21.625,21.375,16.25,1783259644.8440711
15.25,21.687,21.375,16.187,1783259705.2001784
15.25,21.687,21.312,16.25,1783259764.5560622
15.125,21.687,21.375,16.187,1783259824.9084997
15.375,21.687,21.375,16.187,1783259885
15.437,21.687,21.375,16.25,1783259944.7164953
15.562,21.687,21.375,16.25,1783260005.0999799
15.687,21.687,21.375,16.312,1783260064.4600673
15.937,21.625,21.312,16.312,1783260124.8120654
15.75,21.687,21.375,16.375,1783260185.1639833
15.687,21.687,21.375,16.375,1783260244.5245125
15.625,21.687,21.375,16.375,1783260304.9720502
16.125,21.687,21.375,16.437,1783260365.3240707
15.937,21.625,21.375,16.437,1783260424.6840684
16.062,21.687,21.375,16.5,1783260485.0359802
16.125,21.687,21.375,16.562,1783260544.396053
15.875,21.687,21.375,16.562,1783260604.7480545
15.812,21.687,21.375,16.562,1783260665.1960788
16.062,21.687,21.375,16.562,1783260724.5564976
16.25,21.687,21.375,16.562,1783260784.9400644
16.375,21.687,21.375,16.625,1783260845.2920554
16.187,21.687,21.375,16.687,1783260904.588526
16.187,21.687,21.375,16.625,1783260964.9720511
16.187,21.687,21.375,16.687,1783261025.2920716
16.062,21.687,21.375,16.687,1783261084.6520584
16.187,21.625,21.375,16.625,1783261145.0039966
16.312,21.687,21.375,16.687,1783261204.3640623
16.125,21.625,21.375,16.625,1783261264.7160547
16.187,21.687,21.375,16.687,1783261325.0679705
16.25,21.687,21.375,16.687,1783261384.4920578
16.375,21.687,21.375,16.687,1783261444.8440711
16.562,21.625,21.375,16.75,1783261505.1960804
16.812,21.687,21.375,16.812,1783261564.5560696
16.75,21.625,21.375,16.875,1783261624.8445055
16.125,21.625,21.375,16.812,1783261685.2284145
16.125,21.687,21.375,16.812,1783261744.652065
16.125,21.687,21.375,16.812,1783261805.0039973
16.312,21.687,21.375,16.812,1783261864.3320677
15.812,21.625,21.375,16.812,1783261924.6840684
15.875,21.687,21.375,16.75,1783261984.9725254
15.75,21.687,21.375,16.75,1783262044.300062
16.062,21.687,21.375,16.75,1783262104.716065
16.375,21.687,21.375,16.75,1783262165.0679822
16.062,21.687,21.437,16.812,1783262224.4280512
16.187,21.625,21.375,16.812,1783262284.7800677
16,21.687,21.375,16.812,1783262345.1319792
16.125,21.687,21.375,16.812,1783262404.492052
16.312,21.687,21.375,16.812,1783262464.908064
15.75,21.687,21.375,16.812,1783262525.2600586
15.812,21.687,21.375,16.75,1783262584.5565112
15.625,21.687,21.375,16.75,1783262644.940055
15.5,21.625,21.375,16.687,1783262705.292065
15.562,21.687,21.375,16.625,1783262764.588059
15.312,21.687,21.375,16.625,1783262825.0040047
15.5,21.687,21.375,16.625,1783262884.3640676
15.437,21.687,21.375,16.562,1783262944.7160707
15.437,21.687,21.375,16.5,1783263005.0679872
15.437,21.687,21.375,16.5,1783263064.428058
15.562,21.687,21.375,16.5,1783263124.780512
15.5,21.687,21.375,16.5,1783263185.1639788
15.687,21.687,21.375,16.5,1783263244.5560577
15.562,21.687,21.375,16.5,1783263304.9080582
16.062,21.687,21.375,16.5,1783263365.1967869
16.25,21.687,21.375,16.5,1783263424.5880544
16.625,21.687,21.375,16.562,1783263484.8760703
16.75,21.687,21.375,16.562,1783263545.1639705
16.25,21.687,21.375,16.625,1783263604.5560591
16.062,21.687,21.375,16.562,1783263664.9080665
16.375,21.687,21.375,16.625,1783263725.2005627
16.687,21.625,21.375,16.687,1783263784.5880682
16.437,21.687,21.437,16.687,1783263844.8760655
16.875,21.687,21.375,16.687,1783263905.2283883
17.062,21.687,21.375,16.812,1783263964.6520627
16.625,21.687,21.375,16.812,1783264025.0039973
16.625,21.687,21.375,16.875,1783264084.300486
16.875,21.687,21.437,16.875,1783264144.6840715
16.812,21.687,21.437,17,1783264205.035979
17.312,21.687,21.375,16.937,1783264264.3960574
17.062,21.687,21.375,17,1783264324.8120546
16.687,21.687,21.375,17.062,1783264385.1960766
17.437,21.687,21.375,17.062,1783264444.5560725
17.75,21.687,21.375,17.187,1783264504.9080675
17.812,21.687,21.375,17.25,1783264565.2600574
17.25,21.687,21.375,17.312,1783264624.5560687
17.312,21.687,21.375,17.312,1783264684.972048
17.812,21.687,21.375,17.375,1783264745.3240745
17.437,21.687,21.437,17.375,1783264804.6204906
18.125,21.687,21.375,17.437,1783264865.003992
18.312,21.687,21.375,17.5,1783264924.3000689
17.687,21.687,21.375,17.625,1783264984.6520717
17.375,21.687,21.375,17.562,1783265045.0679772
17.437,21.687,21.375,17.562,1783265104.4280548
18.625,21.687,21.375,17.625,1783265164.7800567
18.625,21.687,21.375,17.75,1783265225.131973
18.5,21.687,21.437,17.812,1783265284.492052
18.625,21.687,21.375,17.875,1783265344.8440578
18.562,21.687,21.437,17.875,1783265405.1968455
18.437,21.75,21.375,17.875,1783265465
18.375,21.687,21.375,17.937,1783265524.972046
18.312,21.687,21.437,18,1783265585.3240502
18.062,21.75,21.437,18.062,1783265644.684073
17.812,21.687,21.375,18,1783265704.9720466
17.625,21.75,21.437,17.937,1783265765.292064
17.687,21.75,21.375,17.937,1783265824.7164996
17.75,21.75,21.375,18,1783265885.0999744
18.062,21.75,21.437,18.062,1783265944.460056
18.25,21.75,21.437,18.062,1783266004.8120701
17.687,21.75,21.437,18.062,1783266065.1639807
17.937,21.75,21.437,18.125,1783266124.5240526
18.062,21.75,21.437,18.125,1783266184.9400706
17.687,21.687,21.437,18.125,1783266245.2920554
17.25,21.687,21.437,18.062,1783266304.588487
17.062,21.75,21.375,18,1783266364.972043
17.062,21.687,21.437,18,1783266425.3240678
17.375,21.75,21.437,18,1783266484.6840658
17.75,21.75,21.437,18.062,1783266545.0999858
18.25,21.75,21.437,18.187,1783266604.4600608
18.25,21.75,21.437,18.25,1783266664.812527
18.187,21.687,21.437,18.312,1783266725.1323843
18.375,21.75,21.437,18.375,1783266784.524509
18.5,21.75,21.437,18.437,1783266844.9080708
18.812,21.687,21.437,18.562,1783266905.2324255
18.437,21.75,21.437,18.562,1783266964.652073
18.5,21.75,21.437,18.625,1783267025.003997
18.562,21.75,21.437,18.625,1783267084.3640547
18.375,21.75,21.437,18.625,1783267144.7160685
18.562,21.75,21.437,18.625,1783267205.0679805
18.562,21.75,21.437,18.687,1783267264.4920566
18.875,21.75,21.437,18.812,1783267324.8760555
19.187,21.75,21.437,18.812,1783267385.2320719
19.312,21.75,21.437,18.875,1783267444.5880668
19.562,21.75,21.437,18.937,1783267504.9400554
20,21.75,21.437,19.125,1783267565.2920668
19.312,21.75,21.437,19.25,1783267624.716059
19.437,21.75,21.437,19.312,1783267685.0679858
19.562,21.75,21.437,19.312,1783267744.4280593
19.437,21.75,21.437,19.312,1783267804.7800565
19.75,21.75,21.437,19.375,1783267865.1319764
19.562,21.75,21.437,19.375,1783267924.4920573
19.375,21.75,21.437,19.437,1783267984.9080548
19.187,21.812,21.437,19.437,1783268045.2600565
19.562,21.75,21.437,19.5,1783268104.6200674
19,21.75,21.437,19.5,1783268164.9720638
19.187,21.75,21.437,19.5,1783268225.3240662
18.937,21.75,21.5,19.5,1783268284.6840608
18.937,21.812,21.437,19.5,1783268345.0999804
18.687,21.75,21.437,19.562,1783268404.460057
18.687,21.75,21.5,19.5,1783268464.8120518
17.937,21.75,21.437,19.437,1783268525.1639817
18,21.75,21.437,19.375,1783268584.5240626
18.437,21.812,21.5,19.437,1783268644.876055
18.562,21.75,21.437,19.437,1783268705.232065
18.687,21.812,21.437,19.5,1783268764.620072
18.687,21.75,21.5,19.562,1783268824.972042
18.875,21.75,21.437,19.625,1783268885.2605205
19.062,21.812,21.437,19.687,1783268944.6200645
19.312,21.812,21.5,19.812,1783269004.9720447
18.75,21.812,21.5,19.875,1783269065.3240583
18.5,21.812,21.437,19.812,1783269124.7480536
18.375,21.875,21.5,19.75,1783269185.0999873
18.062,21.875,21.5,19.75,1783269244.3965354
18,21.875,21.437,19.75,1783269304.7800617
18,21.875,21.5,19.687,1783269365.0683863
18.062,21.875,21.5,19.625,1783269424.4600563
18.437,21.875,21.5,19.625,1783269484.8760626
18.5,21.875,21.437,19.75,1783269545.2280693
18.625,21.875,21.5,19.875,1783269604.5880592
18.375,21.875,21.5,19.937,1783269664.9400625
19.062,21.875,21.5,19.937,1783269725
18.75,21.875,21.5,20.125,1783269784.5880609
18.625,21.875,21.5,20.125,1783269845.0039968
18.375,21.937,21.5,20.125,1783269904.3640566
18.875,21.937,21.5,20.187,1783269964.7160578
18.75,21.937,21.5,20.25,1783270025.004481
19.437,22,21.5,20.312,1783270084.3960586
19.5,21.937,21.5,20.375,1783270144.6840692
19.312,22,21.5,20.5,1783270204.9720504
19.125,22,21.5,20.5,1783270265.3880563
18.875,22,21.5,20.625,1783270324.7480512
19.187,22,21.562,20.625,1783270385.0999827
19,22,21.5,20.687,1783270444.4600677
19.062,22,21.5,20.687,1783270504.7480671
19.312,22.062,21.5,20.812,1783270565.0999806
19.312,22,21.562,20.875,1783270624.4920685
19,22.062,21.562,20.875,1783270684.844069
19.187,22.062,21.5,20.875,1783270745.1323817
19.187,22.062,21.562,20.937,1783270804.5240593
18.937,22.062,21.562,21,1783270864.8120558
18.812,22.125,21.562,21,1783270925.163978
18.75,22.125,21.562,20.937,1783270984.5880535
18.875,22.125,21.562,20.937,1783271044.9400516
19.687,22.125,21.562,21,1783271105.2920504
19.062,22.125,21.562,21.062,1783271164.652056
18.75,22.125,21.562,21.062,1783271225.0039945
18.187,22.125,21.562,21.062,1783271284.332067
18.875,22.187,21.562,21.125,1783271344.7480464
19.312,22.125,21.562,21.25,1783271405.1319845
20.062,22.187,21.562,21.375,1783271464.4920578
19.937,22.187,21.625,21.437,1783271524.8440661
19.312,22.187,21.562,21.5,1783271585.1323795
19.875,22.187,21.562,21.5,1783271644.5240676
19.812,22.187,21.625,21.625,1783271704.9400694
19.5,22.25,21.625,21.625,1783271765.2920575
18.562,22.187,21.625,21.562,1783271824.6524055
18.187,22.187,21.625,21.375,1783271885.035984
18.5,22.187,21.625,21.25,1783271944.3960593
18.375,22.25,21.625,21.187,1783272004.7480536
18.25,22.25,21.625,21.062,1783272065.1639736
18.062,22.187,21.625,21,1783272124.5240533
17.187,22.187,21.625,20.75,1783272184.8760684
17.062,22.187,21.625,20.5,1783272245
17.437,22.187,21.625,20.375,1783272304.5880558
17.187,22.187,21.625,20.312,1783272364.9400542
17.062,22.187,21.625,20.187,1783272425.2924929
17.25,22.25,21.625,20.125,1783272484.716073
17.312,22.187,21.625,20.062,1783272545.0679736
16.875,22.187,21.625,20.125,1783272604.4280574
17.187,22.25,21.687,20.125,1783272664.7800536
16.937,22.187,21.687,20.062,1783272725.0679877
16.687,22.187,21.687,20.062,1783272784.4920535
16.562,22.187,21.625,19.937,1783272844.8440533
16.187,22.187,21.687,19.812,1783272905.1960764
16,22.187,21.687,19.625,1783272964.5560584
16.375,22.187,21.687,19.5,1783273024.908055
16.562,22.187,21.687,19.437,1783273085.260066
16.437,22.187,21.687,19.437,1783273144.6840496
16.187,22.187,21.625,19.375,1783273205.067981
16,22.125,21.687,19.312,1783273264.364492
16.25,22.125,21.625,19.25,1783273324.684527
16.312,22.125,21.687,19.187,1783273385.0044909
16.375,22.125,21.687,19.125,1783273444.3960552
16.25,22.125,21.687,19.125,1783273504.8120594
16.125,22.062,21.687,19.062,1783273565.163987
16.312,22.062,21.687,19,1783273624.5240564
16.812,22.062,21.687,19.187,1783273684.876071
16.625,22.062,21.687,19.25,1783273745.2320635
16.375,22.062,21.687,19.187,1783273804.5880532
16.125,22.062,21.687,19.125,1783273865.0039945
16.187,22.062,21.687,19.062,1783273924.364067
16.125,22.062,21.687,19,1783273984.716056
16.062,22.062,21.687,18.937,1783274045.004498
16.25,22,21.687,18.875,1783274104.332511
15.937,22,21.687,18.812,1783274164.7160623
15.687,22,21.687,18.75,1783274225.0999825
15.437,22,21.687,18.75,1783274284.4920583
15.562,22,21.687,18.625,1783274344.8440673
15.625,22,21.687,18.625,1783274405.1323671
15.937,22,21.687,18.625,1783274464.5240576
15.937,22,21.687,18.625,1783274524.8764925
16.25,22,21.687,18.812,1783274585.260066
16.062,22,21.687,18.812,1783274644.6840723
16.187,22,21.687,18.812,1783274705.0359764
16.375,22,21.687,18.875,1783274764.3960598
16.312,22,21.687,19,1783274824.6845167
16.312,22,21.687,19,1783274885.067972
16.375,22,21.687,19.062,1783274944.428059
16.25,22,21.687,19.062,1783275004.8440678
16.312,21.937,21.687,19.125,1783275065.1960752
16.437,22,21.687,19.125,1783275124.492513
16.562,21.937,21.687,19.125,1783275184.8760703
16.875,21.937,21.687,19.062,1783275245.2320542
17,21.937,21.687,19.125,1783275304.5880687
17,21.937,21.687,19.187,1783275365.0040019
17.437,21.937,21.625,19.5,1783275424.3640544
17.312,21.937,21.687,19.812,1783275484.7160683
17.062,21.937,21.625,19.812,1783275545.0679758
16.875,22,21.687,19.812,1783275604.428052
17.125,22,21.687,19.812,1783275664.7800558
17.187,22,21.687,19.812,1783275725.0999775
18,22,21.687,20,1783275784.492053
18.75,22,21.687,20.375,1783275844.8440554
19.375,22,21.687,20.75,1783275905.1960826
18.75,22.062,21.687,21,1783275964.4925005
18.562,22.062,21.687,21.187,1783276024.8120584
19,22.125,21.687,21.312,1783276085.099971
18.75,22.125,21.687,21.5,1783276144.5240552
19.187,22.187,21.687,21.5,1783276204.8760715
18.937,22.187,21.687,21.562,1783276265.232055
18.625,22.187,21.75,21.562,1783276324.5884857
18.5,22.187,21.687,21.437,1783276384.972043
18.437,22.187,21.687,21.437,1783276445.3240545
18.187,22.25,21.75,21.5,1783276504.7480474
17.562,22.25,21.75,21.375,1783276565.0999784
17.687,22.187,21.75,21.187,1783276624.3965027
17.812,22.25,21.75,21.25,1783276684.7800493
17.437,22.25,21.75,21.375,1783276745.068404
17.375,22.25,21.75,21.312,1783276804.4600716
16.875,22.25,21.687,21.062,1783276864.8760588
16.375,22.187,21.75,20.812,1783276925.2280717
16.312,22.187,21.75,20.562,1783276984.5880508
16.562,22.187,21.75,20.437,1783277044.876506
16.437,22.187,21.687,20.5,1783277105.2600555
16.75,22.125,21.75,20.437,1783277164.6200664
16.812,22.125,21.75,20.5,1783277225.035984
16.875,22.125,21.75,20.5,1783277284.3960555
16.875,22.125,21.75,20.375,1783277344.7480545
16.875,22.125,21.75,20.312,1783277405.0999727
17.125,22.125,21.75,20.312,1783277464.4600596
16.812,22.125,21.75,20.375,1783277524.8120546
16.687,22.187,21.75,20.312,1783277585.1639724
16.5,22.125,21.75,20.187,1783277644.556059
16.312,22.125,21.75,20.125,1783277704.908058
16.562,22.125,21.75,20.062,1783277765.196564
16.625,22.125,21.75,20,1783277824.5560544
16.437,22.125,21.75,20,1783277884.8440642
16.062,22.125,21.75,19.937,1783277945.1960778
16.187,22.125,21.75,19.937,1783278004.6200693
16.562,22.125,21.75,20,1783278064.9720483
16.625,22.125,21.75,20.187,1783278125.3240662
16.937,22.125,21.75,20.187,1783278184.6840641
16.625,22.125,21.75,20.187,1783278245.0359836
16.312,22.062,21.75,20.125,1783278304.332067
16,22.062,21.75,20.062,1783278364.7480521
16.062,22.125,21.75,19.937,1783278425.0999873
16,22.062,21.75,19.875,1783278484.4600604
15.687,22.062,21.75,19.812,1783278544.8120568
15.625,22.062,21.75,19.75,1783278605.1639678
15.625,22.062,21.75,19.687,1783278664.5240495
15.562,22.062,21.75,19.625,1783278724.9400692
15.75,22.062,21.75,19.562,1783278785.324053
15.687,22.062,21.75,19.5,1783278844.6205025
15.562,22.062,21.75,19.5,1783278905.0039897
15.5,22.062,21.75,19.562,1783278964.3640563
15.625,22.062,21.75,19.562,1783279024.7160528
16.062,22.062,21.75,19.562,1783279085.131979
15.875,22.062,21.812,19.562,1783279144.4920561
15.562,22.062,21.75,19.562,1783279204.8440707
15.375,22.125,21.75,19.562,1783279265.2280574
15.562,22.062,21.75,19.562,1783279324.5880597
16,22.125,21.75,19.625,1783279384.9400687
16.25,22.125,21.812,19.75,1783279445.260058
16.062,22.125,21.812,19.812,1783279504.6524944
16.125,22.125,21.75,20,1783279565.0359857
16,22.125,21.75,20.125,1783279624.3960638
15.75,22.125,21.812,20.187,1783279684.7480485
16,22.125,21.812,20.125,1783279745.0359907
15.687,22.187,21.75,20.187,1783279804.4600549
15.75,22.187,21.812,20.125,1783279864.8120685
16.125,22.187,21.75,20.187,1783279925.1639795
16.437,22.187,21.812,20.25,1783279984.524057
16.312,22.187,21.812,20.25,1783280044.876057
16.062,22.187,21.812,20.25,1783280105.2285619
15.687,22.187,21.812,20.187,1783280164.6840637
14.937,22.187,21.812,20.062,1783280225.0359879
14.75,22.125,21.75,19.937,1783280284.396054
15.125,22.187,21.812,19.75,1783280344.7480626
15.25,22.125,21.812,19.687,1783280405.036385
15.437,22.125,21.812,19.687,1783280464.4280565
15.625,22.125,21.812,19.687,1783280524.8440564
15.875,22.125,21.75,19.75,1783280585.196059
15.812,22.062,21.812,19.75,1783280644.5560672
16.125,22.062,21.812,19.812,1783280704.9400597
16,22.062,21.812,20,1783280765.2920692
15.375,22.062,21.812,19.937,1783280824.6520662
14.937,22.062,21.75,19.812,1783280885.0999904
15.125,22.062,21.812,19.687,1783280944.4600558
15.187,22.062,21.75,19.625,1783281004.8440526
15.125,22.062,21.75,19.562,1783281065.196081
15.5,22.062,21.75,19.562,1783281124.4925148
15.187,22.062,21.812,19.562,1783281184.8760538
15.125,22.062,21.75,19.5,1783281245.2001522
14.937,22.062,21.812,19.437,1783281304.5880706
15.062,22.062,21.812,19.375,1783281364.9400592
14.937,22.062,21.75,19.375,1783281425.292069
15.187,22,21.812,19.437,1783281484.6524446
15.562,22.062,21.75,19.562,1783281545.0359752
15.187,22.062,21.812,19.625,1783281604.460056
15.25,22.062,21.812,19.687,1783281664.8120706
15.25,22.062,21.812,19.812,1783281725.1639776
15.187,22.062,21.812,19.875,1783281784.5240514
15,22.062,21.812,19.937,1783281844.876066
15,22.125,21.812,19.875,1783281905.1639843
15,22.125,21.812,19.875,1783281964.588069
15.125,22.062,21.812,19.937,1783282024.9404902
15.062,22.125,21.812,19.875,1783282085
15.375,22.062,21.812,19.812,1783282144.684057
15.312,22.125,21.812,19.937,1783282205.0359921
15.125,22.062,21.812,20,1783282264.3960488
15.312,22.125,21.812,19.937,1783282324.812054
15.125,22.062,21.812,19.875,1783282385.1639886
14.812,22.062,21.812,19.812,1783282444.5240574
14.875,22.062,21.812,19.75,1783282504.8760674
14.812,22.062,21.812,19.75,1783282565.2320495
14.75,22.062,21.75,19.687,1783282624.5880716
14.312,22.062,21.812,19.625,1783282685.0040061
14.25,22.062,21.812,19.5,1783282744.3640587
14.125,22.062,21.812,19.312,1783282804.7160711
14.187,22.062,21.812,19.187,1783282865.0679843
14.375,22.062,21.812,19.125,1783282924.4280589
14.437,22,21.812,19.062,1783282984.7800527
14.562,22,21.812,19.062,1783283045.131976
14.375,22,21.812,19,1783283104.524065
14.375,22,21.812,18.937,1783283164.8760583
14.187,22,21.812,18.812,1783283225.164386
14.125,22,21.812,18.687,1783283284.556069
13.75,22,21.812,18.562,1783283344.9080627
13.687,22,21.812,18.437,1783283405.260072
13.75,21.937,21.75,18.312,1783283464.6840594
13.562,22,21.812,18.25,1783283525.0359826
13.375,22,21.812,18.125,1783283584.3960543
13.437,21.937,21.812,18.062,1783283644.7480474
13.687,21.937,21.812,18,1783283705.099991
13.812,21.937,21.75,17.937,1783283764.460057
13.625,22,21.812,17.875,1783283824.8760574
13.75,22,21.75,17.875,1783283885.2320695
13.5,21.937,21.812,17.812,1783283944.5880697
13.5,21.937,21.812,17.75,1783284004.8765192
13.437,21.937,21.812,17.75,1783284065.2600527
13.437,21.937,21.75,17.687,1783284124.5560622
13.5,21.937,21.812,17.625,1783284184.9720519
13.437,21.937,21.75,17.625,1783284245.3240697
13.312,21.937,21.812,17.562,1783284304.6840677
13.375,21.937,21.812,17.562,1783284364.9724975
13.312,21.937,21.812,17.5,1783284424.364057
13.312,21.937,21.812,17.5,1783284484.7160685
13.312,21.937,21.812,17.437,1783284545.1319842
13.375,21.937,21.812,17.437,1783284604.492054
13.562,21.937,21.812,17.437,1783284664.8440704
13.687,21.937,21.812,17.437,1783284725.196063
13.75,21.937,21.812,17.375,1783284784.5560582
13.75,21.937,21.812,17.375,1783284844.9080598
14.062,21.937,21.812,17.437,1783284905.2320628
13.875,21.937,21.812,17.375,1783284964.6205094
13.562,21.937,21.75,17.312,1783285025.0039954
13.625,21.937,21.812,17.312,1783285084.3640566
13.5,21.937,21.75,17.25,1783285144.6524951
13.5,21.937,21.812,17.25,1783285204.9720495
13.375,21.875,21.75,17.187,1783285265.2920556
13.312,21.937,21.812,17.187,1783285324.7160532
13.312,21.875,21.75,17.125,1783285385.0679736
13.25,21.875,21.812,17.062,1783285444.4280555
13.187,21.875,21.812,17,1783285504.7800496
13.312,21.937,21.75,16.937,1783285565.1319766
13.187,21.937,21.812,16.937,1783285624.4920564
13.187,21.937,21.75,16.875,1783285684.9080694
13.125,21.875,21.75,16.812,1783285745.2600548
13,21.937,21.812,16.75,1783285804.620053
13,21.875,21.812,16.75,1783285864.972045
12.875,21.875,21.75,16.75,1783285925.3240564
12.875,21.937,21.75,16.625,1783285984.6840672
13,21.875,21.75,16.625,1783286045.0999777
12.812,21.875,21.75,16.625,1783286104.4600542
12.937,21.937,21.75,16.562,1783286164.8120546
13.062,21.875,21.75,16.562,1783286225.1003733
12.875,21.875,21.812,16.562,1783286284.4920695
12.687,21.875,21.812,16.5,1783286344.844057
12.687,21.875,21.75,16.437,1783286405.163991
12.625,21.875,21.812,16.312,1783286464.556064
12.687,21.875,21.75,16.375,1783286524.9080565
12.625,21.875,21.75,16.312,1783286585.2600555
12.5,21.875,21.75,16.312,1783286644.6200676
12.5,21.875,21.75,16.25,1783286704.9720492
12.562,21.875,21.75,16.25,1783286765.3240564
12.562,21.875,21.75,16.187,1783286824.7480526
12.5,21.875,21.75,16.187,1783286885.0999782
12.562,21.875,21.75,16.125,1783286944.4600554
12.687,21.875,21.812,16.125,1783287004.8120599
12.625,21.875,21.75,16.062,1783287065.1639912
12.625,21.875,21.75,16.125,1783287124.5240626
12.5,21.875,21.812,16.062,1783287184.940056
12.5,21.875,21.75,16.062,1783287245.292059
12.437,21.875,21.75,16,1783287304.6200614
12.437,21.875,21.75,16,1783287364.9720628
12.375,21.875,21.75,15.937,1783287425.3240561
12.25,21.875,21.812,15.937,1783287484.6840632
12.187,21.875,21.75,15.875,1783287545.0999842
12.187,21.875,21.75,15.812,1783287604.460058
12.25,21.812,21.75,15.812,1783287664.8120692
12.25,21.875,21.75,15.75,1783287725.163972
12.25,21.875,21.75,15.75,1783287784.5240602
12.312,21.875,21.75,15.75,1783287844.8760664
12.25,21.875,21.75,15.687,1783287905.2320583
12.187,21.875,21.812,15.687,1783287964.6200566
12.125,21.875,21.75,15.625,1783288024.9720478
12.187,21.875,21.75,15.625,1783288085.3240552
12.312,21.875,21.75,15.625,1783288144.684059
12.187,21.875,21.75,15.625,1783288204.9720519
12.062,21.875,21.75,15.562,1783288265.2600708
12.062,21.875,21.75,15.5,1783288324.652071
12.062,21.875,21.75,15.5,1783288385.0040004
12.125,21.875,21.75,15.5,1783288444.3640642
12.062,21.875,21.75,15.5,1783288504.7160676
12.125,21.812,21.75,15.437,1783288565.0040016
12.125,21.875,21.75,15.437,1783288624.4280722
12.125,21.812,21.75,15.375,1783288684.780059
12,21.812,21.75,15.375,1783288745.1319807
12,21.812,21.75,15.375,1783288804.4925249
12.062,21.812,21.75,15.312,1783288864.8760703
12.062,21.875,21.75,15.312,1783288925.2280657
12.062,21.812,21.75,15.312,1783288984.6520662
12.125,21.812,21.75,15.312,1783289045.0040052
12.187,21.812,21.812,15.312,1783289104.3004043
12.187,21.812,21.75,15.312,1783289164.6840606
12.187,21.875,21.75,15.312,1783289225.0359728
12.125,21.812,21.75,15.312,1783289284.3960655
12.187,21.812,21.75,15.312,1783289344.8120637
12.125,21.875,21.75,15.312,1783289405.1639857
12.062,21.812,21.75,15.25,1783289465
12.125,21.812,21.75,15.25,1783289524.876062
12.062,21.875,21.75,15.25,1783289585.2320545
12,21.875,21.75,15.25,1783289644.5880578
12.125,21.812,21.75,15.25,1783289705.0040026
12.125,21.875,21.75,15.187,1783289764.3640544
12.062,21.812,21.75,15.187,1783289824.7160568
12.062,21.875,21.75,15.25,1783289885.0679836
12.125,21.812,21.75,15.187,1783289944.4280682
12.125,21.812,21.75,15.187,1783290004.7800686
12,21.812,21.75,15.187,1783290065.131982
12,21.812,21.75,15.187,1783290124.5240715
12.062,21.812,21.75,15.125,1783290184.876072
12,21.812,21.75,15.125,1783290245.1643898
12.062,21.812,21.75,15.187,1783290304.524051
12.125,21.812,21.75,15.187,1783290364.8120584
12.187,21.812,21.75,15.125,1783290425.099982
12.125,21.812,21.75,15.125,1783290484.4920697
12.25,21.812,21.75,15.125,1783290544.8440561
12.25,21.812,21.75,15.125,1783290605.1323721
12.062,21.812,21.75,15.187,1783290664.524057
12.125,21.812,21.75,15.125,1783290725
12.062,21.812,21.75,15.125,1783290785.163975
12,21.812,21.75,15.125,1783290844.5880592
12.062,21.812,21.75,15.125,1783290904.940069
12.062,21.812,21.75,15.125,1783290965.2920551
12,21.812,21.75,15.062,1783291024.6520655
12,21.812,21.75,15.062,1783291085.0039952
12.062,21.812,21.75,15.062,1783291144.3000696
12.062,21.812,21.75,15.062,1783291204.716057
12.125,21.812,21.75,15,1783291265.067981
12.125,21.812,21.75,15.062,1783291324.4280548
12.062,21.812,21.75,15,1783291384.716398
12,21.812,21.75,15,1783291445.0679734
12.125,21.812,21.75,15,1783291504.3960507
12.125,21.812,21.75,15.062,1783291564.812057
12,21.812,21.75,15.062,1783291625.1639824
12.062,21.812,21.75,15,1783291684.4604864
12.062,21.812,21.687,15,1783291744.780496
12.062,21.75,21.75,15,1783291805.1639793
12.062,21.812,21.75,15.062,1783291864.5240717
12,21.812,21.75,15,1783291924.940059
12,21.812,21.687,15,1783291985.2920537
12,21.812,21.75,15,1783292044.6525197
11.937,21.812,21.75,15,1783292105.0359898
12,21.812,21.75,15,1783292164.3960516
12,21.812,21.75,14.937,1783292224.748054
12.062,21.75,21.75,14.937,1783292285.1639798
12.062,21.812,21.75,14.937,1783292344.5240595
12.125,21.812,21.75,14.937,1783292404.8760686
12.062,21.75,21.75,14.937,1783292465.2320561
12.062,21.812,21.687,14.875,1783292524.588066
12,21.812,21.75,14.937,1783292584.944068
12.062,21.75,21.75,14.937,1783292645.2920604
12,21.75,21.687,14.937,1783292704.6845176
11.937,21.812,21.75,14.875,1783292765.0679715
12.062,21.812,21.75,14.875,1783292824.3644845
11.937,21.75,21.75,14.812,1783292884.7480495
12,21.75,21.75,14.812,1783292945.0999777
12,21.75,21.75,14.812,1783293004.5240664
12,21.75,21.75,14.812,1783293064.876067
11.937,21.75,21.687,14.812,1783293125.2280655
11.875,21.75,21.687,14.812,1783293184.5880556
11.875,21.75,21.75,14.812,1783293244.8765574
11.875,21.75,21.75,14.75,1783293305.260058
11.875,21.812,21.75,14.75,1783293364.6845446
11.937,21.75,21.75,14.75,1783293425.0679874
11.875,21.75,21.75,14.75,1783293484.4280503
11.875,21.75,21.75,14.75,1783293544.7800548
11.937,21.75,21.75,14.75,1783293605.0683742
11.875,21.75,21.75,14.687,1783293664.4600685
11.812,21.75,21.75,14.75,1783293724.8765252
11.875,21.812,21.75,14.687,1783293785.2644997
11.937,21.812,21.75,14.687,1783293844.6520646
11.937,21.75,21.75,14.687,1783293904.940521
11.875,21.75,21.75,14.687,1783293965.3240702
11.812,21.75,21.75,14.625,1783294024.6840694
11.812,21.812,21.75,14.625,1783294085
11.75,21.75,21.75,14.625,1783294144.4600542
11.812,21.75,21.687,14.625,1783294204.8120716
11.75,21.75,21.75,14.625,1783294265.1639764
11.687,21.75,21.687,14.625,1783294324.460501
11.687,21.75,21.75,14.562,1783294384.8440533
11.687,21.812,21.75,14.562,1783294445.163984
11.625,21.75,21.75,14.562,1783294504.556073
11.625,21.75,21.75,14.562,1783294564.9400578
11.625,21.75,21.75,14.562,1783294625.2285018
11.562,21.75,21.687,14.562,1783294684.6200678
11.562,21.75,21.75,14.5,1783294744.9720526
11.625,21.75,21.75,14.5,1783294805.3240662
11.562,21.75,21.687,14.5,1783294864.7480502
11.687,21.75,21.75,14.437,1783294925.0999763
11.625,21.75,21.75,14.437,1783294984.460057
11.562,21.75,21.687,14.375,1783295044.8120725
11.562,21.75,21.75,14.375,1783295105.1643715
11.562,21.75,21.75,14.375,1783295164.524521
11.562,21.75,21.75,14.375,1783295225
11.562,21.75,21.75,14.375,1783295285.324058
11.5,21.75,21.75,14.375,1783295344.6840587
11.562,21.75,21.687,14.375,1783295405.0359874
11.562,21.75,21.75,14.375,1783295464.3960652
11.562,21.75,21.75,14.375,1783295524.7480502
11.562,21.812,21.75,14.375,1783295585.1639752
11.562,21.75,21.75,14.375,1783295644.5240705
11.562,21.75,21.687,14.375,1783295704.8760595
11.5,21.687,21.687,14.375,1783295765.164377
11.5,21.75,21.75,14.375,1783295824.5560586
11.5,21.75,21.75,14.312,1783295884.9080546
11.5,21.75,21.687,14.312,1783295945.2280538
11.437,21.75,21.687,14.312,1783296004.6200676
11.437,21.75,21.687,14.312,1783296064.972051
11.437,21.75,21.75,14.312,1783296125.3240676
11.437,21.75,21.687,14.312,1783296184.6840696
11.437,21.687,21.687,14.312,1783296244.9720526
11.375,21.75,21.75,14.25,1783296305.3240688
11.437,21.687,21.687,14.25,1783296364.748061
11.375,21.75,21.687,14.25,1783296425.131976
11.375,21.75,21.75,14.25,1783296484.492499
11.437,21.75,21.687,14.187,1783296545
11.437,21.75,21.687,14.25,1783296605.2600589
11.5,21.687,21.687,14.25,1783296664.620065
11.437,21.687,21.687,14.25,1783296725.0359821
11.437,21.75,21.687,14.25,1783296784.3960543
11.437,21.75,21.687,14.25,1783296844.7480512
11.5,21.75,21.687,14.25,1783296905
11.437,21.75,21.75,14.25,1783296964.4600701
11.5,21.75,21.75,14.25,1783297024.7480488
11.437,21.75,21.687,14.25,1783297085.1319764
11.375,21.75,21.75,14.187,1783297144.4920604
11.375,21.75,21.75,14.25,1783297204.844058
11.437,21.687,21.687,14.187,1783297265.1323984
11.5,21.687,21.687,14.25,1783297324.524057
11.5,21.75,21.687,14.187,1783297384.812072
11.5,21.75,21.687,14.25,1783297445.1960788
11.5,21.75,21.687,14.187,1783297504.5880642
11.437,21.75,21.687,14.25,1783297564.9400523
11.375,21.75,21.687,14.25,1783297625.2284865
11.375,21.75,21.687,14.25,1783297684.5880523
11.375,21.75,21.687,14.187,1783297744.9400518
11.375,21.75,21.687,14.25,1783297805.2920716
11.375,21.75,21.687,14.25,1783297864.7160637
11.375,21.75,21.687,14.187,1783297925.0679796
11.375,21.75,21.687,14.187,1783297984.3644981
11.375,21.75,21.687,14.187,1783298044.6845167
11.375,21.75,21.75,14.187,1783298105
11.375,21.75,21.687,14.187,1783298164.3640692
11.312,21.75,21.75,14.187,1783298224.780068
11.312,21.75,21.75,14.187,1783298285.1319828
11.25,21.687,21.687,14.125,1783298344.4920602
11.25,21.75,21.687,14.125,1783298404.8440547
11.187,21.687,21.75,14.125,1783298465.1960723
11.187,21.687,21.687,14.125,1783298524.556497
11.187,21.75,21.687,14.062,1783298585.003995
11.25,21.75,21.687,14.125,1783298644.3640544
11.25,21.75,21.687,14.062,1783298704.7160728
11.25,21.75,21.687,14.062,1783298765.067979
11.312,21.75,21.687,14.125,1783298824.428054
11.25,21.687,21.687,14.125,1783298884.7800517
11.25,21.75,21.687,14.062,1783298945.0679777
11.187,21.687,21.687,14.062,1783299004.4600637
11.187,21.687,21.687,14.062,1783299064.8120618
11.187,21.687,21.687,14.062,1783299125.163975
11.25,21.687,21.75,14.062,1783299184.5240576
11.25,21.687,21.687,14.125,1783299244.8760698
11.25,21.687,21.687,14.062,1783299305.2280705
11.187,21.687,21.687,14.062,1783299364.6524947
11.187,21.687,21.687,14.062,1783299425.035978
11.187,21.687,21.687,14.062,1783299484.3960624
11.187,21.687,21.687,14.062,1783299544.7480607
11.187,21.687,21.687,14.062,1783299605.0999732
11.25,21.687,21.687,14.062,1783299664.4600658
11.25,21.75,21.687,14.062,1783299724.8760684
11.25,21.687,21.687,14.062,1783299785.2320678
11.312,21.687,21.687,14,1783299844.5245106
11.312,21.75,21.687,14,1783299904.9080594
11.25,21.75,21.687,14,1783299965.2600613
11.312,21.687,21.687,14,1783300024.5560555
11.312,21.75,21.687,14,1783300084.972046
11.312,21.687,21.687,14,1783300145.3240635
11.312,21.687,21.687,14,1783300204.6840658
11.375,21.75,21.687,14,1783300265.0359905
11.375,21.687,21.687,14,1783300324.3320625
11.25,21.687,21.687,14,1783300384.6840475
11.25,21.687,21.687,14,1783300445.131974
11.25,21.687,21.687,13.937,1783300504.4920683
11.187,21.687,21.687,14,1783300564.8440638
11.25,21.687,21.687,13.937,1783300625.1960673
11.125,21.687,21.687,13.937,1783300684.4925058
11.25,21.687,21.687,13.937,1783300744.8760679
11.25,21.687,21.687,13.937,1783300805.163979
11.25,21.687,21.687,13.937,1783300864.5560515
11.25,21.687,21.687,13.937,1783300924.9080563
11.25,21.687,21.687,13.937,1783300985.196784
11.25,21.687,21.687,13.937,1783301044.5880709
11.187,21.687,21.687,13.937,1783301104.9400532
11.187,21.687,21.687,13.875,1783301165.2920666
11.25,21.75,21.687,13.875,1783301224.7165108
11.187,21.687,21.687,13.875,1783301285.0999806
11.187,21.687,21.687,13.875,1783301344.4600673
11.187,21.687,21.687,13.812,1783301404.8120706
11.187,21.687,21.687,13.812,1783301465.1639771
11.187,21.687,21.687,13.812,1783301524.5240483
11.187,21.687,21.687,13.75,1783301584.940059
11.125,21.687,21.687,13.812,1783301645.2920675
11.125,21.687,21.687,13.812,1783301704.6200583
11,21.687,21.687,13.75,1783301764.972041
11.062,21.687,21.687,13.687,1783301825.324062
11,21.625,21.687,13.687,1783301884.6840594
11,21.687,21.687,13.687,1783301945.0999727
11,21.687,21.687,13.687,1783302004.4600637
11,21.687,21.687,13.687,1783302064.8120565
11,21.687,21.625,13.687,1783302125.163981
11.125,21.687,21.687,13.687,1783302184.5244975
11.062,21.687,21.687,13.687,1783302244.9080484
11,21.687,21.687,13.687,1783302305.260067
11,21.625,21.687,13.687,1783302364.6200573
11,21.687,21.687,13.687,1783302424.9720507
11,21.687,21.687,13.687,1783302485.324056
11,21.687,21.687,13.687,1783302544.6840513
11,21.687,21.687,13.687,1783302604.9720411
11,21.687,21.687,13.687,1783302665.324055
11,21.687,21.625,13.625,1783302724.7480648
10.937,21.687,21.687,13.625,1783302785.0999837
11,21.687,21.687,13.562,1783302844.4600537
11,21.687,21.625,13.625,1783302904.8120599
11,21.687,21.687,13.562,1783302965.1960833
11,21.687,21.687,13.562,1783303024.5560577
10.937,21.687,21.687,13.562,1783303084.9720478
10.937,21.687,21.625,13.562,1783303145.3240678
10.937,21.687,21.687,13.562,1783303204.6840587
11,21.625,21.625,13.5,1783303265.035972
11,21.687,21.687,13.562,1783303324.3960526
11,21.687,21.687,13.562,1783303384.7480507
11,21.687,21.687,13.562,1783303445.163979
11,21.687,21.625,13.562,1783303504.5244966
10.937,21.687,21.625,13.5,1783303564.9080634
10.937,21.687,21.625,13.562,1783303625.2600658
10.812,21.687,21.625,13.562,1783303684.6200638
10.875,21.687,21.687,13.562,1783303744.9725256
10.812,21.687,21.687,13.562,1783303804.4280615
10.812,21.687,21.687,13.562,1783303864.7800648
10.875,21.625,21.625,13.562,1783303925.1319795
10.812,21.625,21.625,13.562,1783303984.4925082
10.812,21.687,21.625,13.5,1783304044.8760545
10.812,21.687,21.687,13.5,1783304105.2285414
10.875,21.625,21.625,13.5,1783304164.6520576
10.875,21.625,21.625,13.5,1783304225.004002
10.812,21.625,21.687,13.5,1783304284.364056
10.875,21.625,21.625,13.5,1783304344.6525335
10.812,21.687,21.625,13.5,1783304404.9724903
10.812,21.687,21.625,13.5,1783304464.3320682
10.875,21.625,21.625,13.562,1783304524.7480495
10.875,21.687,21.625,13.5,1783304585.0999765
10.937,21.687,21.625,13.5,1783304644.396538
11,21.625,21.687,13.5,1783304704.7800546
11,21.687,21.625,13.5,1783304765.0683687
10.875,21.625,21.625,13.5,1783304824.4600582
10.812,21.625,21.625,13.5,1783304884.8760586
10.75,21.625,21.625,13.5,1783304945.2320614
10.75,21.625,21.625,13.5,1783305004.588058
10.687,21.625,21.625,13.5,1783305064.9400706
10.687,21.625,21.625,13.5,1783305125.2920551
10.687,21.687,21.625,13.5,1783305184.6520677
10.75,21.625,21.625,13.5,1783305245.067987
10.687,21.625,21.625,13.437,1783305304
10.687,21.625,21.625,13.5,1783305364.7804868
10.687,21.625,21.625,13.437,1783305425.1643593
10.687,21.625,21.625,13.437,1783305484.5560567
10.687,21.625,21.625,13.437,1783305544.9080708
10.687,21.625,21.625,13.437,1783305605.2320673
10.687,21.625,21.625,13.437,1783305664.6200616
10.687,21.625,21.687,13.437,1783305724.9720535
10.75,21.625,21.625,13.437,1783305785.3240573
10.687,21.625,21.625,13.437,1783305844.6840563
10.687,21.625,21.625,13.437,1783305905.035975
10.687,21.625,21.625,13.437,1783305964.4600573
10.687,21.625,21.625,13.437,1783306025
10.687,21.625,21.625,13.437,1783306085.1639707
10.687,21.625,21.625,13.375,1783306144.5240595
10.75,21.625,21.625,13.437,1783306204.812489
10.687,21.625,21.625,13.437,1783306265.1960747
10.687,21.625,21.625,13.437,1783306324.6200628
10.625,21.625,21.625,13.375,1783306384.9720533
10.625,21.625,21.625,13.375,1783306445.3240576
10.562,21.625,21.625,13.375,1783306504.684054
10.562,21.625,21.625,13.375,1783306565.0359895
10.625,21.687,21.625,13.375,1783306624.3960567
10.562,21.625,21.625,13.375,1783306684.812059
10.562,21.625,21.625,13.375,1783306745.1639817
10.562,21.625,21.625,13.375,1783306805
10.562,21.625,21.625,13.375,1783306864.8760545
10.5,21.625,21.625,13.312,1783306925.232054
10.562,21.625,21.625,13.375,1783306984.524055
10.562,21.625,21.625,13.375,1783307044.9400663
10.562,21.625,21.625,13.375,1783307105.2920713
10.562,21.625,21.625,13.375,1783307164.620057
10.625,21.625,21.625,13.312,1783307224.9720504
10.562,21.625,21.625,13.312,1783307285.3240664
10.562,21.625,21.625,13.375,1783307344.684062
10.562,21.625,21.625,13.312,1783307405.099974
10.562,21.625,21.625,13.312,1783307464
10.625,21.625,21.625,13.375,1783307524.812056
10.562,21.625,21.625,13.312,1783307585.1003866
10.5,21.625,21.625,13.312,1783307644.4600537
10.5,21.625,21.625,13.312,1783307704.812065
10.5,21.625,21.625,13.25,1783307765.1960661
10.5,21.625,21.625,13.312,1783307824.5880585
10.5,21.625,21.625,13.312,1783307884.9400568
10.562,21.562,21.625,13.312,1783307945.2920523
10.5,21.625,21.625,13.312,1783308004.5884972
10.5,21.625,21.625,13.312,1783308064.972481
10.437,21.625,21.625,13.312,1783308124.4280586
10.5,21.625,21.562,13.312,1783308184.7800598
10.5,21.562,21.625,13.25,1783308245.1319728
10.5,21.625,21.625,13.312,1783308304.4920566
10.5,21.625,21.625,13.25,1783308364.7805023
10.5,21.625,21.562,13.312,1783308425.1639783
10.5,21.625,21.625,13.312,1783308484.5880527
10.5,21.625,21.562,13.312,1783308544.9400556
10.562,21.625,21.625,13.25,1783308605.2920668
10.562,21.625,21.562,13.25,1783308664.6525028
10.5,21.562,21.562,13.25,1783308725.0359752
10.437,21.625,21.625,13.25,1783308784
10.5,21.625,21.562,13.187,1783308844.8120713
10.5,21.562,21.625,13.187,1783308905.163974
10.437,21.562,21.562,13.187,1783308964.5240583
10.5,21.562,21.562,13.187,1783309024.8760715
10.437,21.625,21.625,13.187,1783309085.1643639
10.5,21.625,21.562,13.187,1783309144.4920673
10.437,21.562,21.562,13.187,1783309204.9080632
10.437,21.562,21.562,13.187,1783309265.2600589
10.437,21.562,21.562,13.187,1783309324.6200712
10.437,21.562,21.562,13.187,1783309384.9720523
10.437,21.625,21.562,13.125,1783309445.260402
10.375,21.562,21.562,13.125,1783309504.6525187
10.375,21.562,21.562,13.125,1783309565.0999854
10.375,21.625,21.625,13.125,1783309624.4600706
10.375,21.625,21.562,13.125,1783309684.8120656
10.375,21.562,21.562,13.125,1783309745.1639752
10.375,21.562,21.562,13.125,1783309804.5240579
10.5,21.562,21.562,13.125,1783309864.8760586
10.375,21.562,21.562,13.125,1783309925.163969
10.312,21.562,21.562,13.125,1783309984.5560586
10.375,21.562,21.562,13.125,1783310044.9080584
10.375,21.562,21.562,13.125,1783310105.1967516
10.437,21.625,21.562,13.125,1783310164.5245118
10.437,21.625,21.562,13.062,1783310224.844058
10.375,21.625,21.625,13.125,1783310285.1960635
10.437,21.562,21.562,13.125,1783310344.6205087
10.5,21.625,21.562,13.125,1783310405.004004
10.562,21.562,21.562,13.062,1783310464.3640594
10.5,21.562,21.562,13.062,1783310524.7160633
10.5,21.562,21.562,13.125,1783310585.0044198
10.562,21.562,21.562,13.062,1783310644.396054
10.5,21.562,21.562,13.062,1783310704.8120573
10.437,21.562,21.562,13.062,1783310765.1639905
10.5,21.562,21.562,13.062,1783310824.524061
10.5,21.562,21.625,13.062,1783310884.8760703
10.5,21.562,21.562,13.062,1783310945.2320657
10.562,21.562,21.562,13.062,1783311004.5880618
10.5,21.562,21.562,13.062,1783311065
10.5,21.625,21.562,13.062,1783311124.3640542
10.5,21.562,21.562,13.062,1783311184.7160726
10.437,21.562,21.562,13,1783311245.067974
10.5,21.562,21.562,13,1783311304.4280546
10.5,21.562,21.562,13,1783311364.7800512
10.5,21.562,21.562,12.937,1783311425.100383
10.437,21.562,21.562,13,1783311484.5280557
10.437,21.562,21.562,12.937,1783311544.8760688
10.437,21.562,21.562,12.937,1783311605.1643584
10.375,21.562,21.562,12.937,1783311664.5560718
10.375,21.562,21.562,12.937,1783311724.9080734
10.375,21.562,21.562,12.937,1783311785.2600622
10.437,21.562,21.562,12.937,1783311845
10.437,21.562,21.562,12.937,1783311905.0679803
10.375,21.562,21.5,12.937,1783311964.4280522
10.375,21.562,21.562,12.937,1783312024.7805178
10.375,21.562,21.562,12.875,1783312085.163975
10.437,21.562,21.562,12.875,1783312144.5240574
10.375,21.562,21.562,12.875,1783312204.9400663
10.375,21.562,21.562,12.875,1783312265.2920601
10.375,21.562,21.562,12.875,1783312324.6200676
10.312,21.562,21.562,12.875,1783312384.9720433
10.312,21.562,21.562,12.875,1783312445.324069
10.312,21.562,21.562,12.812,1783312504.6840694
10.312,21.562,21.562,12.812,1783312565.0999825
10.312,21.562,21.562,12.812,1783312624.4600496
10.312,21.5,21.5,12.812,1783312684.8120556
10.312,21.562,21.5,12.812,1783312745.1639774
10.25,21.5,21.562,12.812,1783312804.4605055
10.312,21.562,21.562,12.812,1783312864.7800558
10.312,21.5,21.562,12.812,1783312925.1319757
10.312,21.5,21.562,12.812,1783312984.5240602
10.375,21.5,21.562,12.812,1783313044.876067
10.312,21.5,21.5,12.812,1783313105.2320607
10.375,21.562,21.562,12.812,1783313164.5880556
10.375,21.562,21.562,12.812,1783313224.876056
10.312,21.562,21.562,12.812,1783313285.228054
10.312,21.562,21.562,12.812,1783313344.6520607
10.375,21.562,21.562,12.75,1783313405.003998
10.437,21.562,21.5,12.812,1783313464.364063
10.375,21.5,21.562,12.812,1783313524.652504
10.437,21.562,21.5,12.75,1783313585.0359771
10.437,21.562,21.5,12.75,1783313644.3960645
10.5,21.562,21.5,12.75,1783313704.8120673
10.5,21.562,21.5,12.75,1783313765.1643684
10.375,21.5,21.5,12.75,1783313824.556068
10.375,21.562,21.5,12.75,1783313884.844521
10.312,21.562,21.5,12.75,1783313945.2320578
10.25,21.5,21.562,12.75,1783314004.5240643
10.187,21.5,21.562,12.687,1783314064.9400606
10.187,21.5,21.5,12.687,1783314125.2920578
10.187,21.5,21.562,12.687,1783314184.588511
10.187,21.5,21.5,12.687,1783314244.9720654
10.25,21.5,21.5,12.687,1783314305.3240526
10.187,21.5,21.5,12.687,1783314364.6840687
10.187,21.5,21.5,12.75,1783314425.099991
10.25,21.5,21.5,12.687,1783314484.4600563
10.187,21.562,21.5,12.687,1783314544.8120694
10.125,21.5,21.5,12.687,1783314605.1639826
10.187,21.562,21.5,12.687,1783314664.5240548
10.187,21.5,21.5,12.687,1783314724.8760648
10.187,21.5,21.5,12.687,1783314785.2280521
10.125,21.5,21.5,12.687,1783314844.6200738
10.125,21.5,21.5,12.687,1783314904.9720523
10.187,21.5,21.5,12.687,1783314965.3240628
10.125,21.5,21.5,12.687,1783315024.684066
10.125,21.562,21.5,12.687,1783315085.0359848
10.125,21.5,21.5,12.687,1783315144.4600558
10.125,21.5,21.5,12.75,1783315204.8120558
10.125,21.5,21.5,12.687,1783315265.1960673
10.187,21.5,21.5,12.687,1783315324.5560722
10.187,21.5,21.5,12.687,1783315384.8444884
10.187,21.5,21.5,12.687,1783315445.2320597
10.187,21.5,21.5,12.75,1783315504.6520653
10.25,21.5,21.5,12.687,1783315565.004521
10.312,21.5,21.5,12.75,1783315624.3960567
10.25,21.5,21.5,12.75,1783315684.7480588
10.187,21.5,21.5,12.75,1783315745.036373
10.187,21.5,21.5,12.687,1783315804.4280531
10.187,21.5,21.5,12.75,1783315864.8440676
10.187,21.5,21.5,12.75,1783315925.200154
10.25,21.5,21.5,12.75,1783315984.5560699
10.25,21.5,21.5,12.75,1783316044.8444986
10.187,21.5,21.5,12.75,1783316105.2280648
10.25,21.5,21.5,12.75,1783316164.5560684
10.25,21.5,21.5,12.75,1783316224.9720454
10.25,21.5,21.437,12.75,1783316285.3240578
10.25,21.5,21.437,12.75,1783316344.684071
10.25,21.5,21.5,12.75,1783316404.9724917
10.375,21.5,21.5,12.75,1783316464.3640637
10.312,21.5,21.5,12.75,1783316524.6520696
10.312,21.5,21.5,12.75,1783316585.0679746
10.375,21.5,21.5,12.75,1783316644.4280598
10.375,21.5,21.5,12.812,1783316704.780058
10.437,21.5,21.437,12.812,1783316765.1319845
10.375,21.5,21.5,12.75,1783316824.4920664
10.375,21.5,21.437,12.75,1783316884.8440719
10.437,21.5,21.5,12.812,1783316945.163975
10.437,21.5,21.5,12.75,1783317004.5560596
10.437,21.5,21.5,12.75,1783317064.9080567
10.5,21.5,21.5,12.75,1783317125.2005458
10.437,21.5,21.5,12.812,1783317184.5880566
10.5,21.5,21.5,12.75,1783317244.9400668
10.5,21.5,21.5,12.812,1783317305.292066
10.5,21.5,21.437,12.75,1783317364.7160695
10.5,21.5,21.437,12.75,1783317425.0679765
10.5,21.5,21.437,12.75,1783317484.4280586
10.5,21.5,21.437,12.75,1783317544.780058
10.5,21.5,21.437,12.812,1783317605.1319704
10.5,21.5,21.437,12.812,1783317664.4920568
10.5,21.5,21.437,12.75,1783317724.9080703
10.5,21.5,21.5,12.75,1783317785.2600663
10.5,21.5,21.437,12.812,1783317844.6200578
10.562,21.5,21.437,12.812,1783317904.9084857
10.562,21.5,21.437,12.75,1783317965.2920706
10.562,21.437,21.437,12.75,1783318025
10.562,21.437,21.437,12.75,1783318085.003998
10.562,21.5,21.437,12.75,1783318144.3640528
10.625,21.5,21.437,12.812,1783318204.716064
10.687,21.5,21.437,12.812,1783318265.0679796
10.625,21.5,21.437,12.812,1783318324.4280543
10.562,21.437,21.437,12.812,1783318384.7160661
10.562,21.5,21.437,12.812,1783318445.0679848
10.562,21.437,21.437,12.812,1783318504
10.5,21.5,21.437,12.812,1783318564.8120685
10.562,21.437,21.437,12.812,1783318625.1639695
10.5,21.5,21.5,12.75,1783318684.5240593
10.562,21.5,21.437,12.75,1783318744.8760557
10.625,21.5,21.437,12.75,1783318805.2280657
10.562,21.5,21.437,12.75,1783318864.652062
10.625,21.5,21.437,12.75,1783318925.0039928
10.625,21.5,21.437,12.75,1783318984.3640604
10.625,21.5,21.437,12.75,1783319044.716057
10.687,21.437,21.437,12.812,1783319105.0679865
10.687,21.5,21.437,12.75,1783319164.3960662
10.75,21.5,21.437,12.812,1783319224.812059
10.687,21.5,21.437,12.75,1783319285.163984
10.75,21.562,21.437,12.812,1783319344.5240571
10.687,21.5,21.437,12.812,1783319404.8760524
10.687,21.437,21.437,12.812,1783319465.2320507
10.75,21.5,21.437,12.75,1783319524.524071
10.75,21.5,21.437,12.812,1783319584.940064
10.75,21.5,21.437,12.812,1783319645.2920609
10.75,21.5,21.437,12.812,1783319704.6200585
10.75,21.5,21.437,12.812,1783319764.9720523
10.812,21.5,21.437,12.875,1783319825.3240578
10.812,21.5,21.437,12.875,1783319884.6840596
10.812,21.5,21.437,12.875,1783319945.0999753
10.875,21.5,21.437,12.875,1783320004.4600725
10.875,21.5,21.437,12.875,1783320064.8440545
10.937,21.5,21.437,12.875,1783320125.2001765
10.875,21.5,21.437,12.875,1783320184.4925003
10.937,21.437,21.437,12.875,1783320244.8760712
10.937,21.5,21.437,12.875,1783320305.196079
10.937,21.5,21.437,12.875,1783320364.5884998
11,21.5,21.437,12.875,1783320424.9720473
11,21.5,21.437,12.937,1783320485.2604024
11,21.5,21.437,12.937,1783320544.5565166
11.062,21.5,21.437,12.937,1783320604.8760521
11.062,21.5,21.437,12.937,1783320665.2320642
11.062,21.5,21.437,12.937,1783320724.6520696
11.062,21.5,21.437,13,1783320785.035991
11.062,21.5,21.437,13,1783320844.3960538
11.062,21.437,21.437,12.937,1783320904.748051
11.125,21.5,21.437,13,1783320965
11.125,21.5,21.437,13,1783321024.4280608
11.187,21.437,21.437,13,1783321085
11.25,21.5,21.437,13,1783321145.196078
11.312,21.5,21.437,13.062,1783321204.4924977
11.312,21.5,21.437,13.062,1783321264.8760688
11.312,21.5,21.375,13.062,1783321325.228058
11.312,21.5,21.437,13.062,1783321384.5880568
11.312,21.5,21.375,13.062,1783321445.003999
11.312,21.5,21.437,13.125,1783321504.364056
11.375,21.437,21.437,13.125,1783321564.7160716
11.312,21.437,21.437,13.125,1783321625.067981
11.312,21.5,21.375,13.125,1783321684.4280574
11.312,21.437,21.437,13.125,1783321744.7800543
11.312,21.437,21.375,13.062,1783321805.0999835
11.375,21.437,21.437,13.062,1783321864.4920566
11.375,21.437,21.437,13.125,1783321924.844057
11.375,21.437,21.437,13.125,1783321985.1323774
11.437,21.437,21.375,13.125,1783322044.524051
11.437,21.437,21.375,13.125,1783322104.8760695
11.5,21.437,21.437,13.187,1783322165.1960814
11.437,21.437,21.437,13.187,1783322224.620065
11.5,21.437,21.437,13.187,1783322284.9720535
11.5,21.437,21.437,13.187,1783322345.324072
11.5,21.437,21.375,13.187,1783322404.684058
11.562,21.437,21.437,13.25,1783322464.9724822
11.562,21.437,21.375,13.25,1783322524.364053
11.562,21.437,21.375,13.25,1783322584.7800555
11.75,21.437,21.375,13.25,1783322645.1319828
11.812,21.437,21.375,13.25,1783322704.428491
11.812,21.437,21.375,13.312,1783322764.8120553
11.75,21.437,21.437,13.312,1783322825.1003916
11.75,21.437,21.375,13.312,1783322884.4280527
11.75,21.437,21.375,13.375,1783322944.8440523
11.812,21.437,21.375,13.375,1783323005.2001615
11.812,21.437,21.375,13.375,1783323064.5563893
11.687,21.437,21.375,13.375,1783323124.9400675
11.625,21.437,21.437,13.375,1783323185.2283902
11.625,21.437,21.375,13.375,1783323244.5880592
11.625,21.437,21.375,13.375,1783323305.0039935
11.75,21.437,21.375,13.375,1783323364.3640678
11.687,21.437,21.375,13.437,1783323424.7160635
11.687,21.437,21.375,13.437,1783323485.0679696
11.687,21.437,21.437,13.437,1783323544.4280643
11.687,21.5,21.375,13.375,1783323604.7800636
11.75,21.437,21.375,13.375,1783323665.1319802
11.812,21.5,21.375,13.437,1783323724.5240555
11.75,21.437,21.375,13.437,1783323784.876068
11.75,21.5,21.375,13.375,1783323845.1643653
11.75,21.437,21.375,13.437,1783323904.5564992
11.875,21.437,21.375,13.437,1783323964.876071
11.875,21.375,21.375,13.437,1783324025.2360556
11.875,21.437,21.375,13.437,1783324084.6524963
12,21.437,21.375,13.5,1783324145.0359905
12,21.437,21.375,13.5,1783324204.3960676
12.062,21.5,21.375,13.5,1783324264.7480564
12.062,21.5,21.375,13.5,1783324325.0999818
12,21.5,21.375,13.5,1783324384
12,21.562,21.437,13.5,1783324444.9080637
12.062,21.562,21.437,13.5,1783324505.2600646
12,21.625,21.375,13.5,1783324564.5565326
12.125,21.625,21.437,13.5,1783324624.8764997
12.062,21.687,21.437,13.5,1783324685.2600567
12.187,21.687,21.437,13.562,1783324744.6200585
12.187,21.687,21.437,13.562,1783324805.035981
12.062,21.687,21.437,13.562,1783324864.3960543
12.062,21.687,21.437,13.562,1783324924.748048
12.125,21.687,21.437,13.562,1783324985.0363836
12.125,21.687,21.437,13.562,1783325044.428056
12.187,21.75,21.437,13.562,1783325104.7160678
12.312,21.687,21.437,13.625,1783325165.0679767
12.312,21.687,21.437,13.625,1783325224.4600556
12.25,21.687,21.437,13.625,1783325284.8120642
12.375,21.687,21.437,13.625,1783325345.100397
12.437,21.687,21.5,13.687,1783325404.492057
12.5,21.687,21.5,13.687,1783325464.7800558
12.562,21.687,21.5,13.75,1783325525.0680025
12.5,21.625,21.5,13.75,1783325584.4600594
12.625,21.687,21.5,13.812,1783325644.8120573
12.625,21.687,21.5,13.812,1783325705.1639857
12.5,21.687,21.5,13.875,1783325764.5240524
12.625,21.687,21.5,13.812,1783325824.8760707
12.625,21.687,21.5,13.875,1783325885.2320719
12.625,21.687,21.5,13.875,1783325944.6520474
12.687,21.75,21.5,13.875,1783326005.0039985
12.937,21.75,21.5,13.937,1783326064.3043842
12.875,21.75,21.5,13.937,1783326124.684056
12.812,21.687,21.562,14,1783326185.0359905
13,21.75,21.562,14,1783326244.3320646
12.812,21.687,21.562,14,1783326304.748048
12.75,21.75,21.562,14,1783326365.0999844
12.687,21.75,21.562,14.062,1783326424.4600565
12.875,21.75,21.562,14.062,1783326484.8120487
12.75,21.75,21.562,14.062,1783326545.196067
12.937,21.75,21.562,14.062,1783326604.5560665
13.125,21.75,21.562,14.125,1783326664.9720504
13.187,21.75,21.562,14.187,1783326725.3240669
13.125,21.75,21.562,14.187,1783326784.684069
13,21.75,21.562,14.25,1783326844.9725049
13,21.75,21.625,14.25,1783326904.3320708
13.125,21.812,21.625,14.25,1783326964.684059
13.125,21.812,21.625,14.312,1783327025.0999749
13.062,21.812,21.625,14.312,1783327084.4600673
13,21.812,21.562,14.312,1783327144.8120663
12.937,21.812,21.625,14.312,1783327205.1639707
12.875,21.75,21.625,14.312,1783327264.4604058
12.875,21.75,21.625,14.312,1783327324.844071
12.812,21.812,21.625,14.312,1783327385.1319716
12.875,21.75,21.625,14.25,1783327444.5240564
12.812,21.75,21.625,14.25,1783327504.876069
12.687,21.75,21.625,14.25,1783327565.1643605
12.687,21.75,21.625,14.25,1783327624.5240574
12.75,21.75,21.625,14.25,1783327684.908053
12.75,21.75,21.625,14.187,1783327745.1960618
12.625,21.75,21.625,14.187,1783327804.6200597
12.625,21.75,21.625,14.187,1783327864.972044
12.562,21.75,21.625,14.187,1783327925.3240564
12.5,21.75,21.625,14.125,1783327984.6840606
12.625,21.75,21.625,14.125,1783328045.0360014
12.562,21.687,21.625,14.125,1783328104.3640542
12.5,21.687,21.625,14.125,1783328164.780054
12.625,21.687,21.625,14.062,1783328225.1319788
12.625,21.687,21.625,14.062,1783328284.4920595
12.562,21.687,21.625,14.062,1783328344.8440685
12.625,21.687,21.625,14.062,1783328405.196084
12.687,21.687,21.625,14.062,1783328464.4920661
12.75,21.75,21.625,14.062,1783328524.908056
12.625,21.687,21.625,14.062,1783328585.2600532
12.75,21.687,21.625,14.062,1783328644.5880587
12.75,21.687,21.625,14.062,1783328704.9400594
12.687,21.687,21.625,14.062,1783328765.292069
12.75,21.687,21.625,14.062,1783328824.652057
12.687,21.687,21.625,14.062,1783328885.0679867
12.75,21.687,21.625,14.062,1783328944.4280667
12.687,21.687,21.625,14.062,1783329004.812056
12.687,21.625,21.562,14.062,1783329065.1639838
12.687,21.625,21.625,14.062,1783329124.4605095
12.75,21.625,21.625,14.062,1783329184.8120522
12.75,21.625,21.562,14.062,1783329245.1639795
12.687,21.625,21.562,14.125,1783329304.5560608
12.687,21.625,21.625,14.125,1783329364.908074
12.812,21.625,21.562,14.125,1783329425.2600658
12.937,21.625,21.625,14.125,1783329484.5880585
12.937,21.625,21.562,14.187,1783329544.9405205
12.937,21.625,21.625,14.187,1783329605.3240666
12.937,21.625,21.625,14.25,1783329664.7480583
12.937,21.625,21.562,14.187,1783329725.0999837
13.062,21.625,21.625,14.25,1783329784.4600625
13,21.625,21.562,14.25,1783329844.7485728
12.937,21.625,21.562,14.25,1783329905.1319876
13.062,21.625,21.625,14.25,1783329964.4600658
13,21.625,21.562,14.312,1783330024.876055
12.937,21.625,21.562,14.312,1783330085.228051
13,21.625,21.562,14.312,1783330144.588049
13.062,21.562,21.562,14.375,1783330204.8764963
13.125,21.562,21.562,14.375,1783330265.2600634
13.062,21.562,21.562,14.375,1783330324.6200578
13,21.562,21.562,14.437,1783330385.0359867
13.062,21.625,21.562,14.437,1783330444.396059
13.062,21.625,21.562,14.437,1783330504.748052
13.062,21.625,21.562,14.5,1783330565.099996
13.125,21.562,21.562,14.5,1783330624.3965063
13.062,21.562,21.562,14.437,1783330684.7800572
13.125,21.562,21.562,14.5,1783330745.0999818
13.062,21.562,21.562,14.5,1783330804.492068
13,21.625,21.562,14.5,1783330865
13.062,21.562,21.562,14.5,1783330925.132396
13.062,21.562,21.562,14.5,1783330984.4920475
13.062,21.562,21.562,14.5,1783331044.8440707
13.125,21.562,21.562,14.562,1783331105.1960616
13.187,21.562,21.562,14.562,1783331164.6200562
13.125,21.562,21.562,14.562,1783331224.9720573
13.187,21.625,21.562,14.562,1783331285.3240669
13.062,21.562,21.562,14.562,1783331344.684058
13.062,21.562,21.562,14.562,1783331405.0399928
13,21.562,21.562,14.562,1783331464.3320515
12.875,21.562,21.562,14.5,1783331524.7480583
12.875,21.625,21.562,14.5,1783331585.099992
13,21.625,21.562,14.5,1783331644.4600575
13.062,21.625,21.5,14.5,1783331704.812053
13.062,21.562,21.562,14.5,1783331765.1639836
13.187,21.562,21.5,14.5,1783331824.4600644
13.187,21.562,21.562,14.562,1783331884.8760567
13.187,21.562,21.562,14.562,1783331945.2320793
13.062,21.562,21.5,14.562,1783332004.5244856
13.062,21.625,21.5,14.562,1783332064.9080591
13.125,21.562,21.5,14.562,1783332125.1967404
13.125,21.562,21.5,14.562,1783332184.5240593
13.187,21.5,21.5,14.562,1783332244.940068
13.25,21.562,21.5,14.562,1783332305.2920666
13.187,21.562,21.5,14.625,1783332364.6200576
13.062,21.562,21.5,14.562,1783332424.972057
13.062,21.562,21.562,14.562,1783332485.324051
13,21.562,21.5,14.562,1783332544.684067
12.937,21.562,21.5,14.562,1783332605.0999923
13.062,21.625,21.5,14.562,1783332664.4600596
13.125,21.562,21.5,14.562,1783332724.8120568
13.125,21.562,21.5,14.625,1783332785.1003766
13.187,21.562,21.5,14.562,1783332844.4920592
13.125,21.562,21.5,14.625,1783332904.8440664
13.25,21.562,21.5,14.625,1783332965.168065
13.312,21.562,21.5,14.687,1783333024.5560715
13.375,21.562,21.5,14.687,1783333084.9080558
13.312,21.562,21.5,14.75,1783333145.2643492
13.437,21.562,21.5,14.687,1783333204.620056
13.562,21.562,21.5,14.75,1783333264.9720435
13.625,21.562,21.5,14.812,1783333325.264053
13.687,21.562,21.5,14.812,1783333384.684067
13.75,21.562,21.5,14.875,1783333445.035979
13.812,21.562,21.5,14.875,1783333504.3960774
13.687,21.562,21.5,14.875,1783333564.7480588
13.625,21.562,21.5,14.937,1783333625.0363855
13.625,21.562,21.5,14.937,1783333684.4280493
13.75,21.562,21.5,15,1783333744.876045
13.875,21.5,21.437,15,1783333805.2324202
13.875,21.562,21.5,15.062,1783333864.6200678
13.937,21.5,21.5,15.062,1783333924.972051
13.875,21.562,21.5,15.125,1783333985.3240614
13.875,21.562,21.5,15.125,1783334044.6840718
13.875,21.562,21.5,15.125,1783334105.0999818
14.062,21.562,21.5,15.125,1783334164.4600585
14.125,21.562,21.5,15.187,1783334224.812066
14.062,21.562,21.437,15.187,1783334285.1003869
13.875,21.562,21.437,15.187,1783334344.4920633
13.875,21.562,21.5,15.187,1783334404.8440592
13.812,21.562,21.5,15.187,1783334465.1960776
13.75,21.562,21.437,15.187,1783334524.588062
13.812,21.562,21.437,15.25,1783334584.9400635
13.812,21.562,21.5,15.25,1783334645
13.687,21.562,21.437,15.25,1783334704.6525297
13.875,21.562,21.5,15.25,1783334765.0359943
13.75,21.562,21.437,15.25,1783334824.4600554
13.875,21.562,21.5,15.25,1783334884.8120553
13.75,21.562,21.437,15.25,1783334945.1639855
13.75,21.562,21.437,15.25,1783335004.5240672
13.812,21.562,21.437,15.25,1783335064.812519
13.687,21.562,21.437,15.312,1783335125.1960745
13.812,21.562,21.437,15.25,1783335184.6200619
13.875,21.562,21.437,15.312,1783335244.9720643
14,21.562,21.5,15.312,1783335305.3240669
14,21.562,21.437,15.375,1783335364.6205025
14.187,21.562,21.437,15.375,1783335424.9405591
14.187,21.562,21.437,15.375,1783335485.3240702
14.187,21.5,21.437,15.437,1783335544.7480557
14.25,21.562,21.5,15.437,1783335605.1003864
14.187,21.562,21.437,15.437,1783335664.428496
14.187,21.562,21.437,15.437,1783335724.748501
14,21.562,21.5,15.5,1783335785.0683928
14,21.562,21.437,15.437,1783335844.3960576
14.125,21.562,21.437,15.437,1783335904.8120723
14.187,21.562,21.437,15.5,1783335965.1643655
14.375,21.562,21.437,15.5,1783336024.5564945
14.437,21.562,21.437,15.562,1783336084.9400635
14.562,21.562,21.437,15.562,1783336145.2920551
14.687,21.562,21.437,15.625,1783336204.6520655
14.562,21.562,21.437,15.625,1783336265.0679936
14.687,21.562,21.437,15.687,1783336324.428067
14.75,21.562,21.437,15.75,1783336384.8120668
14.437,21.562,21.437,15.812,1783336445.1639855
14.562,21.562,21.437,15.75,1783336504.5240679
14.5,21.562,21.437,15.812,1783336564.876056
14.625,21.562,21.437,15.812,1783336625.1960812
14.5,21.562,21.437,15.812,1783336684.5880706
14.562,21.5,21.437,15.812,1783336744.9400733
14.562,21.5,21.437,15.812,1783336805.228537
14.437,21.5,21.437,15.875,1783336864.5880585
14.5,21.5,21.437,15.812,1783336924.9400568
14.562,21.5,21.437,15.875,1783336985.2920659
14.562,21.562,21.437,15.812,1783337044.716532
14.437,21.562,21.437,15.875,1783337105.0999827
14.5,21.562,21.437,15.875,1783337164.4600668
14.625,21.5,21.437,15.875,1783337224.8120584
14.5,21.562,21.375,15.875,1783337285.1639855
14.5,21.562,21.437,15.875,1783337344.524056
14.625,21.562,21.437,15.875,1783337404.9400506
14.5,21.562,21.375,15.875,1783337465.2920632
14.562,21.5,21.437,15.875,1783337524.6520646
14.437,21.562,21.437,15.937,1783337585.0040033
14.562,21.562,21.437,15.937,1783337644.3640485
14.75,21.562,21.437,15.937,1783337704.7160614
14.687,21.5,21.437,15.937,1783337765.1319818
14.687,21.562,21.437,15.937,1783337824.492058
14.875,21.562,21.437,15.937,1783337884.844058
15,21.562,21.437,16,1783337945.1960542
15,21.562,21.437,16.062,1783338004.5560699
14.875,21.562,21.437,16,1783338064.9080489
14.875,21.562,21.437,16,1783338125.260049
14.812,21.562,21.375,16,1783338184.652057
14.625,21.562,21.437,16.062,1783338245
14.562,21.562,21.437,16,1783338304.3640475
14.5,21.562,21.437,16,1783338364.7160602
14.437,21.562,21.375,16,1783338425.0999835
14.5,21.562,21.437,16,1783338484.5240474
14.625,21.562,21.437,16.062,1783338544.8760746
14.687,21.562,21.437,16.062,1783338605.232053
14.937,21.562,21.437,16.062,1783338664.5880587
15.062,21.562,21.437,16.125,1783338724.8765018
14.937,21.562,21.437,16.125,1783338785.2600648
14.937,21.562,21.437,16.125,1783338844.6840725
15.062,21.562,21.437,16.125,1783338905.0359905
15.062,21.562,21.437,16.125,1783338964.396062
15,21.562,21.437,16.125,1783339024.7480679
14.937,21.562,21.437,16.187,1783339085.0999892
14.937,21.562,21.437,16.187,1783339144.4600503
14.75,21.562,21.437,16.187,1783339204.8760695
14.875,21.562,21.437,16.187,1783339265.2320666
14.937,21.562,21.437,16.187,1783339324.5880568
15,21.562,21.437,16.187,1783339384.9400704
14.687,21.562,21.375,16.187,1783339445.2920568
14.687,21.562,21.437,16.25,1783339504.6200573
14.75,21.562,21.375,16.25,1783339565.0359974
14.812,21.625,21.437,16.25,1783339624.3960588
14.875,21.562,21.375,16.25,1783339684.7480602
14.625,21.562,21.437,16.25,1783339745.0999804
14.875,21.562,21.375,16.187,1783339804.4600604
14.812,21.562,21.437,16.25,1783339864.8120658
14.75,21.562,21.437,16.312,1783339925.1319785
14.937,21.562,21.437,16.25,1783339984.5240593
15.062,21.562,21.437,16.312,1783340044.8760593
15.062,21.562,21.437,16.312,1783340105.232065
15.187,21.562,21.437,16.312,1783340164.5880544
15.062,21.562,21.437,16.312,1783340224.940064
15.125,21.562,21.375,16.375,1783340285.292071
15.125,21.562,21.437,16.375,1783340344.716564
15.125,21.562,21.437,16.375,1783340405.0999835
14.625,21.562,21.437,16.375,1783340464.4600515
14.5,21.562,21.437,16.312,1783340525
14.562,21.562,21.437,16.312,1783340585.1639807
14.562,21.562,21.437,16.312,1783340644.524067
14.562,21.562,21.437,16.312,1783340704.9400597
14.75,21.562,21.375,16.312,1783340765.2920568
15.125,21.562,21.375,16.312,1783340824.6520681
15.562,21.562,21.437,16.375,1783340885.004002
15.687,21.625,21.437,16.437,1783340944.3640594
15.562,21.562,21.437,16.5,1783341004.7160652
15.312,21.625,21.375,16.562,1783341065.131996
15.375,21.625,21.437,16.562,1783341124.4920633
15.562,21.562,21.375,16.625,1783341184.8440652
15.5,21.625,21.437,16.625,1783341245.1960623
15.625,21.562,21.375,16.687,1783341304.524056
15.562,21.625,21.437,16.687,1783341364.8760607
15.625,21.625,21.437,16.75,1783341425.1639845
15.625,21.625,21.437,16.75,1783341484.5560663
15.375,21.625,21.437,16.75,1783341544.9080713
15.5,21.562,21.375,16.75,1783341605.1968288
15.375,21.625,21.437,16.75,1783341664.5880678
15.437,21.562,21.375,16.75,1783341724.876056
15.5,21.562,21.375,16.75,1783341785.163997
15.437,21.625,21.375,16.75,1783341844.5560644
15.375,21.625,21.375,16.75,1783341904.9080708
15.5,21.562,21.437,16.75,1783341965.2600543
15.437,21.625,21.437,16.75,1783342024.6200674
15.5,21.562,21.375,16.75,1783342084.9720638
15.687,21.625,21.437,16.75,1783342145.3240716
15.625,21.562,21.375,16.812,1783342204.7480578
15.687,21.625,21.375,16.812,1783342265.0999963
15.687,21.625,21.437,16.812,1783342324.4600616
15.562,21.562,21.437,16.812,1783342384.8120558
15.5,21.562,21.437,16.75,1783342445
15.5,21.625,21.375,16.75,1783342504.4920661
15.5,21.625,21.437,16.75,1783342564.9080694
15.75,21.562,21.437,16.75,1783342625.2600603
15.562,21.625,21.437,16.812,1783342684.5880563
15.625,21.625,21.437,16.812,1783342744.940067
15.625,21.562,21.437,16.812,1783342805.2920668
15.687,21.625,21.437,16.812,1783342864.652066
15.812,21.562,21.375,16.812,1783342925.067986
15.937,21.625,21.437,16.875,1783342984.428062
15.937,21.625,21.437,16.875,1783343044.7800562
15.937,21.625,21.437,16.937,1783343105.131986
15.937,21.625,21.437,16.937,1783343164.4920611
15.75,21.625,21.437,16.937,1783343224.8440616
15.687,21.625,21.437,17,1783343285.1960628
15.75,21.625,21.437,16.937,1783343344.5880673
15.937,21.625,21.437,16.937,1783343404.9400535
16.062,21.625,21.437,17,1783343465.2920728
15.75,21.625,21.437,17,1783343524.652513
15.812,21.625,21.437,17,1783343585.0359879
15.75,21.625,21.437,17,1783343644.460055
15.75,21.562,21.375,17,1783343704.812054
15.687,21.562,21.437,17.062,1783343765.1639738
15.687,21.625,21.437,17.062,1783343824.4925404
15.625,21.687,21.437,17.062,1783343884.876138
15.562,21.75,21.437,17.125,1783343945.2605672
15.687,21.75,21.437,17.062,1783344004.6520748
15.875,21.812,21.437,17.125,1783344065.0040083
15.937,21.812,21.437,17.125,1783344124.3640678
16,21.75,21.437,17.125,1783344184.7480617
16,21.687,21.437,17.125,1783344245.036389
16,21.75,21.437,17.125,1783344304.4280486
15.937,21.687,21.437,17.187,1783344365
16.062,21.687,21.437,17.187,1783344425.200069
16.25,21.687,21.437,17.125,1783344484.5560668
16.25,21.687,21.437,17.125,1783344545
16.062,21.687,21.437,17.125,1783344605
15.812,21.687,21.437,17.125,1783344664.6200635
15.937,21.687,21.437,17.062,1783344725.0359921
16,21.687,21.437,17.125,1783344784.3960552
15.75,21.687,21.437,17.125,1783344844.7480528
15.875,21.687,21.437,17.125,1783344905.0999818
15.937,21.687,21.437,17.125,1783344964.4600568
16,21.75,21.437,17.125,1783345024.812051
15.75,21.812,21.5,17.125,1783345085.1639805
15.687,21.875,21.5,17.187,1783345144.5560608
15.875,21.875,21.5,17.125,1783345204.9080496
15.687,21.875,21.5,17.125,1783345265.2600548
15.687,21.875,21.5,17.062,1783345324.6200716
15.875,21.875,21.5,17.062,1783345384.9080591
15.812,21.875,21.5,17.062,1783345445.2600658
15.687,21.75,21.5,17.062,1783345504.6844926
15.625,21.812,21.5,17.062,1783345565.0679781
15.562,21.875,21.5,17.062,1783345624.364483
15.687,21.875,21.5,17.062,1783345684.7484963
15.687,21.875,21.5,17.062,1783345745.1319919
15.812,21.937,21.5,17.125,1783345804.4920638
15.812,21.937,21.5,17.187,1783345864.9085133
15.812,21.937,21.5,17.187,1783345925.2920644
15.812,22,21.5,17.125,1783345984.5885139
15.937,21.937,21.5,17.187,1783346044.9085133
15.937,21.875,21.5,17.125,1783346105.2920504
15.875,21.875,21.5,17.125,1783346164.6520581
16,21.875,21.5,17.187,1783346225.067995
16,21.812,21.5,17.187,1783346284.4280622
15.937,21.812,21.5,17.187,1783346344.7800498
16.062,21.812,21.5,17.187,1783346405.0684044
15.875,21.812,21.5,17.187,1783346464.3965223
15.75,21.812,21.5,17.187,1783346524.7800605
15.75,21.812,21.5,17.125,1783346585.0999854
15.937,21.75,21.562,17.187,1783346644.492078
16.062,21.812,21.5,17.187,1783346704.8440526
16.062,21.75,21.5,17.187,1783346765.196058
15.75,21.75,21.562,17.187,1783346824.556538
15.687,21.75,21.5,17.125,1783346884.9400496
15.437,21.75,21.5,17.125,1783346945.2920582
15.25,21.75,21.562,17.125,1783347004.7164936
15.437,21.812,21.5,17.062,1783347065.1003978
15.5,21.875,21.562,17,1783347124.4600487
15.437,21.875,21.562,17,1783347184.812064
15.375,21.937,21.562,17,1783347245.1639807
15.562,21.937,21.562,16.937,1783347304.524058
15.5,22,21.562,16.875,1783347364.940069
15.375,22,21.562,16.875,1783347425.2920454
15.375,22,21.562,16.875,1783347484.6520677
15.375,22,21.625,16.875,1783347545.0039885
15.25,22.062,21.562,16.875,1783347604.364066
15.312,22.062,21.562,16.875,1783347664.716067
15.312,22.062,21.562,16.875,1783347725.131982
15.437,22.125,21.625,16.875,1783347784.4920528
15.312,22.062,21.562,16.875,1783347844.8440704
15.5,22.062,21.562,16.875,1783347905.1324022
15.5,22.062,21.625,16.875,1783347964.4605136
15.375,22.062,21.625,16.875,1783348024.844069
15.437,22.125,21.625,16.875,1783348085.2280653
15.5,22.062,21.625,16.937,1783348144.6200616
15.687,22.062,21.625,16.937,1783348204.9720328
15.875,22.062,21.625,17,1783348265.3240604
15.875,22.062,21.625,17,1783348324.6840606
15.75,22.062,21.625,17.062,1783348385.0359857
15.625,22.062,21.625,17.062,1783348444.4600568
15.75,22.062,21.625,17.062,1783348504.8120663
15.812,22.062,21.625,17.062,1783348565.1639757
15.812,22.062,21.625,17.062,1783348624.5240662
16,22.062,21.625,17.125,1783348684.8760655
16.187,22.062,21.687,17.125,1783348745.228059
16.25,22.125,21.687,17.187,1783348804.652047
16.375,22.125,21.687,17.187,1783348865.0039983
16.375,22.125,21.625,17.25,1783348924.364061
16.25,22.125,21.687,17.25,1783348984.7160676
16.312,22.125,21.687,17.312,1783349045.0679774
16.375,22.187,21.687,17.375,1783349104.4280584
16.062,22.125,21.687,17.312,1783349164.8440654
16.062,22.125,21.687,17.312,1783349225.1960564
15.937,22.125,21.687,17.312,1783349284.556053
15.75,22.125,21.687,17.312,1783349344.9400663
15.812,22.125,21.687,17.312,1783349405.2285254
16.125,22.125,21.687,17.375,1783349464.556063
16.312,22.125,21.687,17.375,1783349524.9720364
16.437,22.187,21.687,17.437,1783349585.3241057
16.5,22.187,21.687,17.437,1783349644.6840534
16.625,22.187,21.687,17.5,1783349704.972064
16.75,22.125,21.75,17.562,1783349765.2600634
16.625,22.187,21.687,17.562,1783349824.6200602
16.75,22.062,21.687,17.625,1783349885.0359762
16.687,22.062,21.75,17.625,1783349944.3960576
16.75,22,21.75,17.625,1783350004.7480636
16.937,21.937,21.687,17.625,1783350065.0999763
16.875,21.937,21.687,17.625,1783350124.4600596
16.625,21.875,21.687,17.625,1783350184.8120675
16.562,21.937,21.687,17.687,1783350245.1319728
16.625,21.875,21.687,17.687,1783350304.4920585
16.687,21.875,21.687,17.75,1783350364.8440511
16.625,21.937,21.687,17.75,1783350425.1323698
16.812,21.937,21.687,17.812,1783350485
17,22.062,21.687,17.812,1783350544.8760567
16.875,22.062,21.75,17.812,1783350605.228059
16.812,22.125,21.75,17.812,1783350664.6520567
16.625,22.125,21.75,17.812,1783350725.0039942
16.5,22.187,21.75,17.812,1783350784.364067
16.437,22.125,21.75,17.812,1783350844.7160625
16.5,22.187,21.75,17.812,1783350905.0679777
16.562,22.187,21.75,17.812,1783350964.364052
16.562,22.187,21.75,17.812,1783351024.7800548
16.437,22.187,21.75,17.875,1783351085
16.187,22.25,21.75,17.812,1783351144.4920511
16.187,22.25,21.75,17.812,1783351204.8440619
16.375,22.25,21.75,17.812,1783351265.196084
16.375,22.25,21.812,17.75,1783351324.5560486
16.375,22.25,21.75,17.75,1783351384.972031
16.437,22.25,21.812,17.75,1783351445.3240664
16,22.187,21.812,17.687,1783351504.6840572
15.875,22.25,21.75,17.687,1783351565.0359786
15.812,22.25,21.812,17.625,1783351624.3960552
15.812,22.25,21.812,17.562,1783351684.7480505
15.75,22.25,21.812,17.5,1783351745.1639783
15.75,22.25,21.812,17.5,1783351804.5240648
15.625,22.25,21.812,17.5,1783351864.8760595
15.562,22.25,21.812,17.437,1783351925.2280495
15.625,22.187,21.75,17.375,1783351984.5880525
15.5,22.187,21.812,17.375,1783352044.9400542
15.25,22.25,21.812,17.312,1783352105.2600636
15.375,22.25,21.812,17.25,1783352164.6520643
15.312,22.25,21.812,17.187,1783352225.0039818
15.125,22.25,21.812,17.125,1783352284
15.187,22.25,21.812,17.125,1783352344.7160554
15.25,22.25,21.812,17.125,1783352405.0679848
15.187,22.25,21.812,17.062,1783352464.4920635
15.187,22.25,21.812,17.062,1783352524.8760695
15.312,22.187,21.812,17.062,1783352585.2280655
15.437,22.187,21.812,17.125,1783352644.5880628
15.375,22.25,21.812,17.062,1783352704.9400542
15.312,22.25,21.812,17.062,1783352765.2920659
15.312,22.187,21.812,17.062,1783352824.7160587
14.937,22.187,21.812,17.062,1783352885.0679822
14.75,22.25,21.812,17,1783352944.3644593
14.875,22.25,21.812,16.937,1783353004.6844938
14.937,22.25,21.875,16.937,1783353065.0679805
15.062,22.25,21.875,16.937,1783353124.3960507
15.062,22.25,21.875,16.937,1783353184.8120666
15,22.25,21.812,16.875,1783353245.1639795
15.062,22.187,21.812,16.875,1783353304.5240552
15.062,22.187,21.875,16.875,1783353364.8760536
15,22.187,21.875,16.812,1783353425.1643708
15,22.187,21.875,16.875,1783353484.556057
14.875,22.187,21.875,16.875,1783353544.9720442
14.687,22.187,21.875,16.812,1783353605.3240566
14.75,22.25,21.812,16.812,1783353664.6840637
14.75,22.187,21.875,16.812,1783353725.0359921
14.562,22.187,21.875,16.812,1783353784.3960495
14.687,22.187,21.875,16.812,1783353844.7480657
14.687,22.187,21.875,16.812,1783353905.1639903
14.75,22.187,21.875,16.812,1783353964.524057
14.812,22.187,21.875,16.75,1783354024.8760557
14.875,22.187,21.875,16.812,1783354085.2280602
15,22.25,21.875,16.812,1783354144.5880497
15,22.25,21.875,16.812,1783354204.9400632
14.937,22.25,21.875,16.812,1783354265.2920594
14.875,22.25,21.875,16.812,1783354324.6845531
14.875,22.25,21.875,16.812,1783354385.0679824
14.812,22.25,21.875,16.812,1783354444.4280627
14.812,22.25,21.875,16.75,1783354504.7804918
14.75,22.312,21.875,16.75,1783354565.163974
14.75,22.25,21.875,16.75,1783354624.5880682
14.875,22.312,21.875,16.687,1783354684.9400713
14.75,22.25,21.875,16.687,1783354745.2920623
14.625,22.312,21.875,16.687,1783354804.6520634
14.812,22.25,21.875,16.687,1783354865.0039935
14.812,22.187,21.875,16.687,1783354924.364054
14.937,22.25,21.875,16.687,1783354984.7800553
15,22.25,21.875,16.687,1783355045.1319768
15.125,22.25,21.875,16.687,1783355104.492051
15.062,22.187,21.875,16.687,1783355164.844063
14.812,22.187,21.875,16.75,1783355225.132372
14.687,22.187,21.875,16.687,1783355284.492051
14.75,22.187,21.875,16.687,1783355344.908066
14.625,22.25,21.875,16.687,1783355405.2600574
14.75,22.187,21.875,16.625,1783355464.6200514
14.75,22.187,21.875,16.625,1783355525.003978
14.875,22.25,21.937,16.625,1783355584.3640537
15,22.25,21.875,16.625,1783355644.7160635
14.937,22.25,21.875,16.625,1783355705.1319659
15,22.25,21.937,16.625,1783355764.492058
14.937,22.25,21.937,16.687,1783355824.844069
15.062,22.25,21.937,16.687,1783355885.1967502
15,22.312,21.937,16.687,1783355944.5880642
15.125,22.25,21.937,16.75,1783356004.9400535
15.25,22.25,21.937,16.75,1783356065.2920656
15.125,22.25,21.937,16.75,1783356124.6840699
15.125,22.25,21.937,16.75,1783356185.035982
15.125,22.25,21.937,16.75,1783356244.3960536
15,22.187,21.937,16.75,1783356304.7480547
14.875,22.187,21.875,16.75,1783356365.0359833
14.812,22.125,21.875,16.687,1783356424.4600635
14.812,22.062,21.875,16.687,1783356484.812069
14.812,22,21.937,16.687,1783356545.1639786
14.875,22,21.875,16.625,1783356604.4605002
14.812,21.937,21.875,16.625,1783356664.8440535
14.687,21.937,21.875,16.625,1783356725.1960616
14.687,21.937,21.875,16.562,1783356784.6200516
14.75,21.875,21.875,16.562,1783356844.9720316
14.75,21.875,21.875,16.562,1783356905.324056
14.625,21.875,21.875,16.562,1783356964.684057
14.625,21.875,21.875,16.5,1783357025.0359745
14.5,21.875,21.875,16.5,1783357084.3960578
14.625,21.875,21.875,16.437,1783357144.812061
14.625,21.875,21.875,16.437,1783357205.1680565
14.562,21.875,21.875,16.437,1783357264.5240679
14.625,21.875,21.875,16.437,1783357324.876066
14.625,21.937,21.875,16.437,1783357385.228054
14.812,21.875,21.875,16.437,1783357444.5880563
14.687,21.937,21.875,16.437,1783357505.0039868
14.625,21.937,21.875,16.437,1783357564.3640609
14.625,21.875,21.875,16.437,1783357624.7160544
14.625,21.937,21.875,16.437,1783357685.0679898
14.562,21.937,21.875,16.375,1783357744.428059
14.562,21.937,21.875,16.312,1783357804.7160614
14.562,21.937,21.875,16.312,1783357865
14.562,21.937,21.875,16.25,1783357924.4280748
14.437,21.937,21.812,16.187,1783357984.7800503
14.375,21.875,21.875,16.187,1783358045.1319711
14.25,21.875,21.812,16.125,1783358104.492068
14.25,21.875,21.875,16.125,1783358164.8440652
14.25,21.875,21.812,16.062,1783358225.1960607
14.25,21.875,21.875,16.062,1783358284.620067
14.25,21.937,21.812,16.062,1783358344.9720285
14.312,21.937,21.875,16.062,1783358405.324058
14.187,21.937,21.812,16,1783358464.6840632
14.312,21.937,21.875,16,1783358524.972457
14.312,21.937,21.875,16.062,1783358584.3320699
14.375,21.875,21.812,16,1783358644.7480488
14.437,21.937,21.812,16,1783358705.0999792
14.312,21.937,21.812,16.062,1783358764.4600687
14.375,21.937,21.812,16.062,1783358824.8120737
14.5,21.937,21.812,16.062,1783358885.1639755
14.437,21.937,21.812,16.062,1783358944.524059
14.437,21.937,21.812,16.062,1783359004.9400544
14.437,21.937,21.812,16.062,1783359065.2920563
14.375,22,21.812,16,1783359124.652062
14.375,21.937,21.812,16,1783359185.0039856
14.125,21.937,21.812,16,1783359244.364053
14.062,21.937,21.812,15.937,1783359304.716069
14,21.937,21.812,15.937,1783359365.1319811
13.937,21.937,21.812,15.937,1783359424.492046
13.937,21.937,21.875,15.875,1783359484.8440673
13.937,21.937,21.812,15.875,1783359545.200069
13.937,21.937,21.812,15.875,1783359604.5600543
13.875,21.937,21.812,15.812,1783359664.8440573
13.875,21.937,21.812,15.812,1783359725.1639783
13.875,22.062,21.812,15.812,1783359784.5565147
13.875,22.062,21.812,15.75,1783359844.9400578
13.875,22.062,21.812,15.75,1783359905.2284827
13.687,22.062,21.812,15.687,1783359964.6200662
13.625,22.125,21.812,15.687,1783360024.9720335
13.687,22.125,21.875,15.687,1783360085.3240528
13.687,22.125,21.812,15.625,1783360144.7480702
13.75,22.125,21.875,15.625,1783360205.0999854
13.875,22.125,21.812,15.687,1783360264.4600587
13.812,22.187,21.875,15.625,1783360324.8120487
13.75,22.187,21.875,15.687,1783360385.1639736
13.812,22.187,21.875,15.687,1783360444.4920633
13.75,22.187,21.875,15.625,1783360504.9080646
13.687,22.187,21.875,15.625,1783360565.2600706
13.75,22.125,21.875,15.687,1783360624.620057
13.812,22.125,21.875,15.687,1783360685.0039861
13.75,22.062,21.812,15.687,1783360744.3640673
13.812,22.062,21.875,15.687,1783360804.7160506
13.75,22.062,21.875,15.625,1783360865.1319757
13.75,22.125,21.875,15.625,1783360924.4920564
13.812,22.187,21.875,15.687,1783360984.8440568
13.812,22.187,21.875,15.687,1783361045.1960773
13.812,22.25,21.875,15.687,1783361104.4925182
13.875,22.25,21.875,15.687,1783361164.8765173
13.812,22.312,21.875,15.687,1783361225.2280703
13.75,22.312,21.875,15.625,1783361284.6200614
13.687,22.312,21.875,15.625,1783361344.9720483
13.562,22.312,21.875,15.625,1783361405.324069
13.5,22.312,21.875,15.562,1783361464.684067
13.375,22.375,21.875,15.5,1783361525.0359883
13.375,22.375,21.875,15.5,1783361584.4600568
13.25,22.375,21.937,15.5,1783361644.812061
13.125,22.375,21.875,15.437,1783361705.1639714
13.125,22.375,21.937,15.437,1783361764.5240574
13.062,22.437,21.937,15.437,1783361824.8760638
13.062,22.437,21.875,15.375,1783361885.228058
13,22.375,21.875,15.375,1783361944.6520615
12.937,22.375,21.937,15.375,1783362005.0040088
12.937,22.375,21.937,15.312,1783362064.364071
13,22.375,21.937,15.312,1783362124.7160673
13,22.375,21.937,15.312,1783362185.0999768
13,22.375,21.937,15.312,1783362244.3960686
13,22.437,21.937,15.312,1783362304.812055
13.062,22.437,21.937,15.312,1783362365.1639886
13.125,22.437,21.937,15.312,1783362424.524067
13.125,22.437,21.937,15.312,1783362484.9080555
13.187,22.437,21.937,15.375,1783362545.2600548
13.125,22.375,21.937,15.312,1783362604.620069
13.062,22.375,21.937,15.375,1783362665.035981
13.062,22.437,21.937,15.312,1783362724.396066
13.062,22.375,21.937,15.312,1783362784.748057
13,22.375,21.937,15.312,1783362845.131981
13.187,22.375,21.937,15.312,1783362904.492058
13.312,22.375,21.937,15.312,1783362965
13.25,22.375,21.937,15.375,1783363025.1639898
13.25,22.375,21.937,15.375,1783363084.556054
13.25,22.375,21.937,15.375,1783363144.9400692
13.187,22.437,21.937,15.375,1783363205.2323728
13.062,22.375,22,15.375,1783363264.5880568
13,22.437,22,15.312,1783363324.8760672
13.062,22.437,22,15.312,1783363385.163987
13.062,22.437,22,15.312,1783363444.5560555
13,22.437,22,15.312,1783363504.9080553
12.937,22.437,22,15.312,1783363565
12.937,22.375,22,15.25,1783363624.5880566
12.937,22.375,22,15.25,1783363684.8760521
13.062,22.437,22,15.25,1783363745.1639829
13.125,22.375,22,15.25,1783363804.5880609
13.062,22.375,22,15.25,1783363864.940069
13,22.375,22,15.25,1783363925.2920666
13,22.375,22,15.187,1783363984.6520662
13.062,22.375,22,15.25,1783364044.940515
13,22.375,22,15.187,1783364105.3240697
13,22.437,22,15.187,1783364164.7480574
13,22.375,22,15.187,1783364225.0999842
13.062,22.375,22,15.187,1783364284.4600585
13.062,22.375,22,15.187,1783364344.8120599
13,22.375,22,15.187,1783364405.1003914
13,22.375,22,15.25,1783364464.4920704
13,22.375,22,15.187,1783364524.908067
13,22.437,22,15.187,1783364585.2640657
13,22.437,22,15.187,1783364644.6200655
13.062,22.5,22,15.187,1783364704.972033
13,22.5,22,15.187,1783364765.260503
13.062,22.5,22,15.187,1783364824.6520643
13.062,22.5,22.062,15.187,1783364885.0679784
13.125,22.5,22.062,15.187,1783364944.4280522
13,22.437,22,15.187,1783365004.7800503
12.937,22.437,22,15.187,1783365065.1319818
13.062,22.437,22.062,15.125,1783365124.4920561
13.062,22.437,22,15.125,1783365184.8440547
13.062,22.437,22.062,15.125,1783365245
13.062,22.437,22,15.125,1783365304.6200526
13.062,22.437,22.062,15.187,1783365364.9720318
13.187,22.437,22,15.187,1783365425.3240697
13.187,22.375,22.062,15.187,1783365484.6840537
13.125,22.375,22.062,15.187,1783365544.9720485
13.125,22.312,22,15.187,1783365605.260062
13.187,22.312,22,15.187,1783365664.6840682
13.25,22.312,22.062,15.187,1783365725.0360594
13.25,22.312,22,15.187,1783365784.3960676
13.25,22.312,22,15.187,1783365844.7480543
13.125,22.312,22,15.187,1783365905.099986
13.125,22.375,22.062,15.187,1783365964.4600675
13.062,22.312,22.062,15.125,1783366024.8760672
12.937,22.312,22.062,15.125,1783366085.2280738
12.875,22.375,22,15.125,1783366144.5880654
12.75,22.375,22.062,15.062,1783366205
12.75,22.375,22.062,15.062,1783366265.196714
12.75,22.375,22.062,15.062,1783366324.588067
12.75,22.375,22.062,15.062,1783366385.0040038
12.75,22.375,22.062,15,1783366444.3640566
12.687,22.437,22.062,15,1783366504.7480528
12.687,22.375,22.062,15,1783366565.0360668
12.75,22.375,22.062,15,1783366624.3960612
12.687,22.375,22.062,14.937,1783366684.7480645
12.687,22.375,22.062,14.937,1783366745.1000578
12.625,22.375,22.062,14.937,1783366804.4920688
12.625,22.375,22.062,14.937,1783366864.8440719
12.625,22.312,22.062,14.875,1783366925.1323802
12.625,22.375,22.062,14.875,1783366984.5240612
12.625,22.375,22.062,14.875,1783367044.8760684
12.625,22.437,22.062,14.875,1783367105.2600656
12.625,22.375,22.062,14.875,1783367164.6840658
12.625,22.375,22.062,14.875,1783367225.0680616
12.562,22.437,22.062,14.875,1783367284.4280703
12.625,22.437,22.062,14.875,1783367344.8120553
12.625,22.437,22.062,14.875,1783367405.1639771
12.687,22.312,22.062,14.812,1783367464.4600706
12.687,22.312,22.062,14.875,1783367524.8760698
12.687,22.312,22.062,14.875,1783367585.164489
12.687,22.312,22.062,14.812,1783367644.556076
12.625,22.312,22.062,14.875,1783367704.8445036
12.5,22.312,22.062,14.812,1783367765.2280536
12.5,22.312,22.062,14.812,1783367824.5880508
12.437,22.375,22.062,14.812,1783367885.0359907
12.437,22.375,22.062,14.75,1783367944.3960636
12.375,22.375,22.062,14.75,1783368004.7800524
12.375,22.375,22.062,14.75,1783368065.1320088
12.375,22.375,22.062,14.687,1783368124.4285073
12.437,22.375,22.062,14.75,1783368184.8120735
12.437,22.375,22.062,14.75,1783368245.1320674
12.5,22.375,22.062,14.75,1783368304.5240636
12.437,22.375,22.062,14.75,1783368364.876055
12.375,22.375,22.062,14.75,1783368425.2280507
12.375,22.375,22.062,14.75,1783368484.5245054
12.312,22.375,22.062,14.687,1783368544.9084895
12.25,22.375,22.062,14.687,1783368605.2920654
12.312,22.375,22.062,14.687,1783368664.7165165
12.375,22.312,22.062,14.687,1783368725.1000547
12.312,22.375,22.062,14.687,1783368784.4600618
12.312,22.312,22.062,14.687,1783368844.8120627
12.312,22.312,22.062,14.687,1783368905.1639955
12.312,22.375,22.062,14.687,1783368964.5240571
12.25,22.375,22.062,14.687,1783369024.9400544
12.187,22.375,22.062,14.687,1783369085.296069
12.187,22.375,22.062,14.687,1783369144.6520586
12.25,22.375,22.062,14.687,1783369205.0360494
12.312,22.375,22.062,14.687,1783369264.3960717
12.187,22.375,22.062,14.625,1783369324.6840677
12.187,22.375,22.062,14.625,1783369385.0999768
12.25,22.437,22.062,14.625,1783369444.4600744
12.187,22.437,22.062,14.625,1783369505
12.125,22.437,22.062,14.562,1783369565.164051
12.187,22.437,22.062,14.625,1783369624.524055
12.125,22.5,22.062,14.625,1783369684.9080703
12.125,22.437,22.125,14.562,1783369745.1960697
12.125,22.437,22.125,14.562,1783369804.5880694
12.062,22.437,22.125,14.562,1783369864.9400673
12,22.437,22.062,14.562,1783369925.2284935
11.937,22.437,22.062,14.5,1783369984.5565035
11.937,22.375,22.125,14.5,1783370044.876054
11.937,22.312,22.062,14.437,1783370105.2280655
11.937,22.25,22.062,14.437,1783370164.6525023
11.937,22.187,22.062,14.437,1783370225.0040033
12.062,22.187,22.062,14.437,1783370284.3640666
12,22.125,22.062,14.437,1783370344.7160695
12,22.125,22.062,14.375,1783370405.0999813
11.937,22.125,22.062,14.375,1783370464.460066
11.937,22.125,22.062,14.375,1783370524.908053
11.937,22.125,22.062,14.312,1783370585.2600589
11.812,22.125,22,14.312,1783370644.6200702
11.812,22.062,22.062,14.312,1783370704.9720407
11.687,22.062,22.062,14.312,1783370765.324073
11.75,22.062,22.062,14.25,1783370824.6840708
11.687,22.062,22,14.25,1783370885.0999928
11.687,22,22,14.187,1783370944.4600658
11.625,22.062,22,14.125,1783371004.8160613
11.625,22,22,14.125,1783371065.1640713
11.562,22,22,14.125,1783371124.5240486
11.562,22.062,22,14.125,1783371184.8120563
11.437,22,22,14.062,1783371245.0999818
11.5,22,22,14.062,1783371304.4920576
11.5,21.937,22,14.062,1783371364.8440487
11.437,21.937,22,14.062,1783371425.1323755
11.562,22,22,14.062,1783371484.5240731
11.5,22,22,14.062,1783371544.9080484
11.562,22,22,14.062,1783371605.2600715
11.5,21.937,22,14.062,1783371664.6845222
11.562,22,21.937,14,1783371725.0679803
11.562,22,22,14.062,1783371784.4280531
11.5,22,22,14,1783371844.7165096
11.5,22,22,14,1783371905.0363822
11.437,21.937,22,14,1783371964.3960562
11.5,21.937,22,14,1783372024.812063
11.5,21.937,22,13.937,1783372085.1640677
11.5,21.937,22,14,1783372144.5240629
11.437,21.937,21.937,13.937,1783372204.8760557
11.375,21.937,22,13.937,1783372265.2280524
11.437,21.937,22,13.937,1783372324.5880563
11.437,21.937,21.937,13.937,1783372385.0039833
11.437,21.937,21.937,13.937,1783372444.3640687
11.437,21.937,21.937,13.875,1783372504.7160563
11.5,21.937,21.937,13.875,1783372565.0680528
11.5,21.875,21.937,13.875,1783372624.4280496
11.437,21.937,21.937,13.875,1783372684.716062
11.375,21.875,21.937,13.875,1783372745.0363822
11.375,21.937,21.937,13.875,1783372804.4600687
11.375,21.875,21.937,13.875,1783372864.8120675
11.375,21.875,21.937,13.875,1783372925.100488
11.312,21.875,21.937,13.875,1783372984.4920564
11.375,21.875,21.937,13.812,1783373044.7801707
11.375,21.875,21.937,13.812,1783373105.1319857
11.375,21.875,21.937,13.812,1783373164.5560584
11.312,21.937,21.937,13.812,1783373224.9080555
11.312,21.875,21.937,13.812,1783373285.2600653
11.312,21.875,21.937,13.812,1783373344.620068
11.312,21.875,21.875,13.75,1783373404.9085262
11.312,21.875,21.937,13.75,1783373465.228057
11.312,21.875,21.875,13.75,1783373524.6520622
11.312,21.875,21.875,13.75,1783373585.0360112
11.312,21.875,21.875,13.75,1783373644.3325229
11.25,21.875,21.875,13.75,1783373704.7160678
11.312,21.875,21.875,13.687,1783373765.0679953
11.312,21.875,21.875,13.687,1783373824.4280553
11.25,21.875,21.937,13.687,1783373884.844061
11.25,21.875,21.875,13.75,1783373945.1960568
11.25,21.812,21.875,13.687,1783374004.5560513
11.125,21.875,21.875,13.687,1783374064.9080703
11.125,21.812,21.875,13.625,1783374125.2920575
11.125,21.812,21.875,13.625,1783374184.6524858
11.187,21.812,21.875,13.562,1783374245.0999856
11.187,21.812,21.875,13.562,1783374304.4600532
11.187,21.875,21.875,13.562,1783374364.8120654
11.125,21.875,21.875,13.562,1783374425.1004941
11.187,21.875,21.875,13.562,1783374484.4920504
11.187,21.875,21.812,13.625,1783374544.8440745
11.187,21.875,21.875,13.562,1783374605.1639733
11.125,21.812,21.875,13.562,1783374664.556053
11.125,21.812,21.875,13.562,1783374724.9080684
11.125,21.812,21.875,13.562,1783374785.2600574
11.125,21.875,21.875,13.5,1783374844.6200602
11.125,21.875,21.812,13.5,1783374904.972058
11.125,21.812,21.812,13.5,1783374965.2600565
11.187,21.875,21.812,13.5,1783375024.6840658
11.187,21.812,21.812,13.5,1783375085.0359855
11.187,21.812,21.812,13.5,1783375144
11.187,21.812,21.812,13.5,1783375204.7480702
11.25,21.875,21.812,13.437,1783375265.0999749
11.25,21.812,21.812,13.5,1783375324.396053
11.25,21.812,21.812,13.5,1783375384.8125186
11.25,21.875,21.812,13.437,1783375445.1960685
11.187,21.812,21.812,13.5,1783375504.5560567
11.187,21.875,21.812,13.5,1783375564.9080446
11.125,21.812,21.812,13.437,1783375625.2600477
11.125,21.812,21.812,13.5,1783375684.6200573
11.062,21.812,21.812,13.437,1783375745.0359862
11.062,21.812,21.812,13.437,1783375804.3960536
11.125,21.812,21.812,13.437,1783375864.7480476
11.062,21.812,21.812,13.437,1783375925.100069
11.062,21.812,21.812,13.437,1783375984.4600582
11.062,21.812,21.812,13.437,1783376044.7480726
11.062,21.75,21.812,13.375,1783376105.0679986
11.062,21.812,21.812,13.375,1783376164.4600549
11.125,21.812,21.812,13.375,1783376224.8120599
11.062,21.812,21.812,13.375,1783376285.1640503
11,21.875,21.812,13.375,1783376344.5240574
11.125,21.812,21.812,13.375,1783376404.8760655
11.062,21.812,21.75,13.375,1783376465.228061
11.062,21.812,21.812,13.375,1783376525
11.062,21.875,21.812,13.375,1783376585.0039983
11,21.875,21.812,13.375,1783376644.3640506
11,21.937,21.812,13.312,1783376704.7160573
11,21.937,21.812,13.312,1783376765.100054
11,22,21.812,13.312,1783376824.396065
11,21.937,21.812,13.312,1783376884.812068
11,22,21.812,13.312,1783376945.1640034
11.062,22.062,21.812,13.312,1783377004.5240684
11.062,22.062,21.812,13.312,1783377064.8760557
11.062,22.125,21.75,13.312,1783377125.228055
11.062,22.125,21.812,13.312,1783377184.5240536
11,22.187,21.812,13.25,1783377244.940062
10.937,22.125,21.812,13.25,1783377305.3240836
10.937,22.125,21.812,13.25,1783377364.684056
11,22.125,21.812,13.25,1783377425.0679898
10.937,22.062,21.812,13.25,1783377484.3640523
10.937,22.062,21.812,13.25,1783377544.6520648
10.937,22.062,21.812,13.187,1783377605.0679927
10.937,22,21.812,13.187,1783377664.4280665
10.937,22,21.812,13.187,1783377724.7800682
10.937,22,21.812,13.187,1783377785.0684884
10.937,21.937,21.75,13.125,1783377844.4600515
10.937,21.937,21.812,13.187,1783377904.748073
10.875,21.875,21.75,13.125,1783377965.067995
10.937,21.875,21.75,13.125,1783378024.4600537
10.875,21.875,21.75,13.125,1783378084.812049
10.875,21.875,21.812,13.125,1783378145.1003804
10.937,21.812,21.75,13.125,1783378204.4920561
10.937,21.812,21.75,13.125,1783378264.8480496
11,21.812,21.75,13.125,1783378325.1961064
10.937,21.812,21.75,13.125,1783378384.620065
10.875,21.812,21.75,13.125,1783378444.9720464
10.937,21.75,21.75,13.125,1783378505.3240569
11,21.75,21.75,13.125,1783378564.6840603
11,21.812,21.75,13.125,1783378624.972471
10.937,21.75,21.75,13.125,1783378684.3640473
10.937,21.75,21.75,13.125,1783378744.7800536
10.937,21.75,21.75,13.125,1783378805.1640518
11,21.75,21.75,13.125,1783378864.524059
11,21.75,21.75,13.062,1783378924.8760521
10.937,21.75,21.75,13.125,1783378985.2600508
10.937,21.75,21.75,13.125,1783379044.620072
10.937,21.75,21.75,13.125,1783379105.0679905
11,21.75,21.75,13.125,1783379164.4280543
11,21.75,21.75,13.125,1783379224.7800589
10.937,21.75,21.687,13.125,1783379285.1640513
10.875,21.75,21.687,13.125,1783379344.5240664
11,21.75,21.687,13.125,1783379404.876066
11,21.75,21.687,13.125,1783379465.2280657
11,21.75,21.75,13.125,1783379524.6200666
10.937,21.75,21.75,13.125,1783379584.972035
10.937,21.75,21.75,13.125,1783379645.2604964
10.937,21.75,21.687,13.125,1783379704.620494
10.937,21.75,21.687,13.125,1783379765.0040686
10.937,21.75,21.75,13.125,1783379824.428073
10.937,21.75,21.75,13.062,1783379884.7800524
11,21.75,21.687,13.062,1783379945.1319811
10.937,21.75,21.687,13.062,1783380004
10.937,21.75,21.687,13.062,1783380064.8120537
11,21.75,21.687,13.062,1783380125.164053
11,21.75,21.75,13.062,1783380184.5880535
11,21.75,21.687,13.062,1783380244.9400501
10.937,21.75,21.687,13.062,1783380305.2920613
10.937,21.75,21.75,13.062,1783380364.6520677
10.937,21.75,21.687,13.062,1783380424.940517
10.875,21.75,21.687,13.062,1783380485.3240666
10.937,21.75,21.687,13.062,1783380545
11,21.75,21.687,13,1783380605.1000612
11,21.75,21.687,13.062,1783380664.3964965
11,21.75,21.687,13.062,1783380724.7800539
10.937,21.75,21.687,13,1783380785.1680589
10.937,21.75,21.75,13.062,1783380844.4920635
10.875,21.75,21.687,13,1783380904.9080484
10.875,21.687,21.687,13,1783380965.2600563
10.875,21.687,21.687,13,1783381024.6200693
10.875,21.75,21.687,12.937,1783381085.0040529
10.812,21.75,21.687,12.937,1783381144
10.812,21.687,21.687,12.937,1783381204.7160773
10.812,21.75,21.687,13,1783381265.1319718
10.812,21.75,21.687,13,1783381324.4920619
10.812,21.75,21.687,13,1783381384.8440537
10.75,21.75,21.625,13,1783381445.196074
10.75,21.687,21.687,12.937,1783381504.5560708
10.812,21.75,21.687,12.937,1783381564.9080596
10.812,21.75,21.687,12.937,1783381625.2000632
10.812,21.75,21.687,12.937,1783381684.5880742
10.75,21.75,21.687,12.937,1783381744.9400718
10.75,21.687,21.687,12.937,1783381805.2285357
10.875,21.75,21.687,12.937,1783381864.588063
10.812,21.75,21.687,12.937,1783381924.9400668
10.75,21.75,21.625,12.937,1783381985.2280555
10.812,21.75,21.687,12.937,1783382044.6520708
10.75,21.75,21.687,12.937,1783382105.0040658
10.75,21.687,21.687,12.937,1783382164.3640583
10.687,21.687,21.687,12.937,1783382224.7160609
10.75,21.687,21.625,12.937,1783382285.067986
10.75,21.75,21.625,12.937,1783382344.4280577
10.687,21.687,21.625,12.937,1783382404.844059
10.75,21.687,21.625,12.937,1783382465.1960943
10.687,21.687,21.625,12.875,1783382524.4925048
10.625,21.625,21.625,12.937,1783382584.8760579
10.625,21.687,21.625,12.937,1783382645.2280638
10.625,21.687,21.625,12.875,1783382704.5880568
10.562,21.687,21.625,12.875,1783382765.003995
10.625,21.687,21.625,12.875,1783382824.3640504
10.562,21.687,21.625,12.875,1783382884.716069
10.562,21.75,21.625,12.875,1783382945.0679808
10.562,21.687,21.625,12.875,1783383004.4280655
10.562,21.687,21.687,12.875,1783383064.716062
10.562,21.687,21.625,12.875,1783383125.0360558
10.5,21.687,21.625,12.875,1783383184.4280632
10.5,21.687,21.625,12.812,1783383244.780053
10.5,21.687,21.625,12.875,1783383305.1319864
10.5,21.687,21.625,12.875,1783383364.4920564
10.5,21.687,21.625,12.875,1783383424.8440566
10.5,21.687,21.625,12.812,1783383485.1960733
10.5,21.625,21.625,12.812,1783383544.6200578
10.5,21.687,21.625,12.812,1783383605
10.5,21.687,21.625,12.812,1783383665
10.5,21.687,21.625,12.812,1783383724.6840565
10.437,21.625,21.625,12.812,1783383785.0360024
10.437,21.687,21.625,12.812,1783383844.396062
10.437,21.687,21.625,12.812,1783383904.8120654
10.437,21.687,21.562,12.75,1783383965.1960719
10.437,21.687,21.625,12.812,1783384024.556067
10.437,21.687,21.625,12.75,1783384084.9080493
10.437,21.687,21.625,12.75,1783384145.260067
10.437,21.687,21.625,12.75,1783384204.6200678
10.437,21.687,21.625,12.75,1783384265.0679839
10.437,21.625,21.625,12.75,1783384324.4280612
10.437,21.687,21.625,12.812,1783384384.7800744
10.375,21.687,21.625,12.75,1783384445.0684996
10.375,21.687,21.625,12.75,1783384504.4600527
10.437,21.625,21.625,12.75,1783384564.7480576
10.375,21.687,21.625,12.75,1783384625.0999854
10.5,21.625,21.625,12.75,1783384684.4920735
10.437,21.687,21.625,12.75,1783384744.8440502
10.437,21.625,21.562,12.75,1783384805.1960666
10.437,21.687,21.625,12.75,1783384864.5560598
10.437,21.687,21.625,12.687,1783384924.8440773
10.437,21.687,21.625,12.687,1783384985.196778
10.375,21.625,21.562,12.687,1783385044.6520677
10.5,21.625,21.625,12.687,1783385105.004014
10.437,21.687,21.562,12.75,1783385164.3640625
10.437,21.687,21.562,12.75,1783385224.7165065
10.375,21.687,21.562,12.75,1783385285.099996
10.437,21.687,21.562,12.75,1783385344.3960547
10.437,21.625,21.562,12.75,1783385404.844065
10.437,21.687,21.562,12.75,1783385465.2280703
10.437,21.687,21.625,12.75,1783385524.5880594
10.437,21.687,21.562,12.75,1783385584.9400673
10.437,21.625,21.625,12.75,1783385645.2920604
10.5,21.687,21.625,12.75,1783385704.6525283
10.437,21.687,21.562,12.75,1783385765.0999808
10.437,21.625,21.562,12.75,1783385824.4600608
10.437,21.625,21.625,12.75,1783385884.8120592
10.437,21.625,21.562,12.75,1783385945.1640642
10.5,21.625,21.562,12.75,1783386004.5240557
10.5,21.625,21.562,12.75,1783386064.8760724
10.5,21.625,21.562,12.75,1783386125.228047
10.437,21.625,21.625,12.75,1783386184.6200585
10.437,21.625,21.562,12.687,1783386244.9720297
10.437,21.625,21.562,12.75,1783386305.3240569
10.437,21.625,21.562,12.75,1783386364.6840549
10.437,21.687,21.562,12.687,1783386425.0360515
10.5,21.625,21.562,12.687,1783386484.460064
10.562,21.625,21.562,12.687,1783386544.8120668
10.5,21.625,21.562,12.625,1783386605.163975
10.562,21.625,21.562,12.687,1783386664.5240717
10.562,21.625,21.562,12.687,1783386724.8760543
10.5,21.625,21.562,12.625,1783386785.2280564
10.562,21.625,21.562,12.687,1783386844.6520522
10.562,21.625,21.562,12.625,1783386905.004057
10.5,21.625,21.562,12.687,1783386964.3640559
10.5,21.625,21.562,12.687,1783387024.7160547
10.5,21.625,21.562,12.625,1783387085.0999835
10.562,21.625,21.562,12.625,1783387144.4600558
10.5,21.562,21.562,12.625,1783387204.8760524
10.5,21.625,21.562,12.625,1783387265.2280574
10.5,21.562,21.562,12.625,1783387324.5880597
10.437,21.562,21.562,12.625,1783387384.8764806
10.437,21.625,21.562,12.562,1783387445.1967697
10.437,21.625,21.562,12.625,1783387504.588055
10.437,21.625,21.562,12.625,1783387565.003981
10.437,21.625,21.562,12.625,1783387624
10.437,21.625,21.562,12.562,1783387684.7160692
10.5,21.625,21.5,12.625,1783387745.0679808
10.5,21.625,21.5,12.625,1783387804.428062
10.5,21.562,21.562,12.562,1783387864.716058
10.5,21.625,21.562,12.562,1783387925.0360734
10.5,21.625,21.562,12.625,1783387984.4280598
10.5,21.562,21.5,12.625,1783388044.7800584
10.5,21.625,21.562,12.625,1783388105.1319866
10.5,21.562,21.562,12.625,1783388164.4920685
10.562,21.625,21.562,12.625,1783388224.8440695
10.5,21.625,21.562,12.625,1783388285.1960545
10.5,21.562,21.5,12.625,1783388344.620071
10.437,21.562,21.562,12.562,1783388404.9720573
10.5,21.625,21.562,12.625,1783388465.3240702
10.5,21.625,21.5,12.562,1783388524.6840546
10.5,21.562,21.5,12.562,1783388585.0359972
10.5,21.562,21.5,12.562,1783388644.3960528
10.562,21.625,21.5,12.562,1783388704.812071
10.5,21.562,21.5,12.562,1783388765.1640522
10.562,21.625,21.5,12.562,1783388824.5240674
10.5,21.562,21.5,12.562,1783388884.8760664
10.437,21.562,21.5,12.562,1783388945.2280595
10.5,21.562,21.5,12.562,1783389004.5880575
10.5,21.625,21.5,12.5,1783389065.003988
10.5,21.562,21.5,12.5,1783389124.3640625
10.5,21.625,21.562,12.5,1783389184.7160554
10.437,21.562,21.5,12.5,1783389245.1000583
10.5,21.625,21.5,12.5,1783389304.4600627
10.5,21.562,21.5,12.5,1783389364.8120575
10.5,21.562,21.562,12.5,1783389425.163996
10.5,21.562,21.5,12.5,1783389484.5560737
10.562,21.562,21.5,12.5,1783389544.9080548
10.5,21.625,21.5,12.5,1783389605.1968195
10.5,21.562,21.5,12.562,1783389664.5244966
10.5,21.562,21.5,12.5,1783389724.9080713
10.437,21.562,21.5,12.5,1783389785.2600682
10.5,21.562,21.562,12.5,1783389844.6840641
10.437,21.562,21.5,12.5,1783389905.0359805
10.437,21.625,21.5,12.437,1783389964.396066
10.437,21.562,21.5,12.437,1783390024.6845133
10.375,21.562,21.5,12.437,1783390085.0679858
10.375,21.562,21.5,12.5,1783390144.3640606
10.375,21.625,21.5,12.5,1783390204.7800894
10.375,21.562,21.5,12.437,1783390265.1320615
10.375,21.562,21.5,12.437,1783390324.4920566
10.437,21.562,21.5,12.5,1783390384.844063
10.375,21.562,21.5,12.437,1783390445.196069
10.375,21.562,21.5,12.437,1783390504.5565414
10.375,21.562,21.5,12.437,1783390565.003995
10.375,21.562,21.5,12.5,1783390624.3640487
10.375,21.562,21.5,12.437,1783390684.716066
10.312,21.562,21.5,12.437,1783390745.0680556
10.312,21.562,21.5,12.437,1783390804.4280608
10.312,21.562,21.5,12.437,1783390864.7800515
10.375,21.562,21.437,12.5,1783390925.0999825
10.437,21.562,21.5,12.437,1783390984.4920523
10.437,21.562,21.5,12.437,1783391044.8440702
10.375,21.562,21.5,12.437,1783391105.196077
10.375,21.562,21.5,12.437,1783391164.5560539
10.437,21.562,21.5,12.437,1783391225
10.375,21.562,21.5,12.437,1783391285.2921262
10.375,21.562,21.5,12.437,1783391344.7160623
10.375,21.562,21.437,12.437,1783391405.067986
10.375,21.562,21.437,12.437,1783391464.4280527
10.437,21.562,21.5,12.437,1783391524.7800539
10.375,21.562,21.5,12.437,1783391585.1319761
10.437,21.562,21.5,12.437,1783391644.4920604
10.437,21.562,21.5,12.375,1783391704.9080634
10.437,21.562,21.5,12.375,1783391765.2600691
10.437,21.5,21.5,12.375,1783391824.620494
10.437,21.562,21.437,12.375,1783391885.0039845
10.437,21.562,21.437,12.375,1783391944.3640509
10.437,21.562,21.437,12.375,1783392004.7160554
10.437,21.562,21.5,12.375,1783392065.1319761
10.437,21.562,21.437,12.375,1783392124.4920747
10.5,21.562,21.437,12.375,1783392184.844067
10.437,21.562,21.437,12.375,1783392245.200054
10.437,21.5,21.437,12.375,1783392304.5560703
10.437,21.562,21.437,12.312,1783392364.9080741
10.437,21.562,21.437,12.312,1783392425.2280676
10.437,21.562,21.5,12.312,1783392484.6200604
10.437,21.5,21.437,12.312,1783392544.9720478
10.5,21.562,21.437,12.312,1783392605.3560548
10.5,21.562,21.437,12.312,1783392664.716059
10.5,21.5,21.437,12.312,1783392725.0040534
10.5,21.562,21.437,12.312,1783392784.4280548
10.437,21.562,21.437,12.312,1783392844.780056
10.437,21.5,21.437,12.312,1783392905.1319823
10.5,21.5,21.437,12.312,1783392964.492051
10.5,21.562,21.437,12.312,1783393024.8440714
10.437,21.562,21.437,12.25,1783393085.1960754
10.437,21.5,21.437,12.312,1783393144.6204937
10.437,21.562,21.437,12.312,1783393205.0040567
10.437,21.562,21.437,12.312,1783393264.3640616
10.437,21.562,21.437,12.25,1783393324.6525068
10.437,21.5,21.437,12.25,1783393385.0359871
10.437,21.562,21.437,12.25,1783393444.3960617
10.375,21.562,21.437,12.25,1783393504.8120694
10.375,21.5,21.437,12.25,1783393565.1640463
10.375,21.5,21.375,12.25,1783393624.5240679
10.437,21.5,21.437,12.25,1783393684.876059
10.375,21.5,21.437,12.25,1783393745.2280653
10.375,21.5,21.437,12.25,1783393804.5880647
10.375,21.5,21.437,12.25,1783393865.003992
10.375,21.5,21.437,12.25,1783393924.3640661
10.312,21.5,21.437,12.25,1783393984.716062
10.312,21.562,21.437,12.25,1783394045.0044854
10.375,21.562,21.437,12.25,1783394104.3325317
10.375,21.562,21.437,12.25,1783394164.652068
10.312,21.5,21.437,12.25,1783394225.068002
10.312,21.5,21.437,12.187,1783394284.4280605
10.312,21.562,21.437,12.187,1783394344.7800488
10.312,21.5,21.437,12.187,1783394405.1319778
10.375,21.562,21.437,12.187,1783394464.4920642
10.375,21.5,21.437,12.187,1783394524.8440683
10.375,21.5,21.437,12.125,1783394585.1640573
10.375,21.562,21.437,12.187,1783394644.5560687
10.312,21.562,21.437,12.125,1783394704.9080694
10.312,21.562,21.437,12.187,1783394765.196761
10.187,21.5,21.437,12.125,1783394824.5880544
10.062,21.562,21.437,12.125,1783394884.9400733
10,21.562,21.437,12.125,1783394945.2920601
9.937,21.562,21.437,12.062,1783395004.7160695
9.812,21.5,21.437,12.062,1783395065.0680544
9.75,21.5,21.437,12.062,1783395124.4280648
9.687,21.5,21.375,12,1783395184.7800612
9.625,21.5,21.375,11.937,1783395245.1319807
9.687,21.5,21.437,11.937,1783395304.4920485
9.687,21.5,21.437,11.937,1783395364.908061
9.812,21.5,21.437,11.875,1783395425.2600713
9.812,21.5,21.437,11.937,1783395484.6200671
9.875,21.5,21.375,11.937,1783395544.9720483
9.875,21.5,21.437,11.937,1783395605.324067
10,21.5,21.375,11.937,1783395664.684066
10,21.5,21.375,11.937,1783395725.0999818
10.062,21.5,21.437,11.937,1783395784.4600623
10,21.5,21.437,12,1783395844.8120594
10.062,21.5,21.375,11.937,1783395905.1960752
10.062,21.5,21.375,11.937,1783395964.5560696
10.062,21.5,21.437,11.937,1783396024.9080698
10.062,21.562,21.437,12,1783396085.2605069
10.125,21.5,21.375,12,1783396144.684508
10.125,21.5,21.437,12,1783396205.0679803
10.125,21.5,21.375,12,1783396264.4280407
10.125,21.5,21.375,11.937,1783396324.7800543
10.125,21.5,21.437,12,1783396385.0679877
10.125,21.5,21.375,12,1783396444.4920573
10.125,21.5,21.375,12,1783396504.844057
10.125,21.5,21.375,12,1783396565.196059
10.187,21.5,21.375,12,1783396624.5560598
10.125,21.5,21.375,12,1783396684.9080663
10.187,21.562,21.375,12,1783396745.2600586
10.187,21.5,21.375,12,1783396804.6840687
10.187,21.5,21.375,12,1783396865.0359912
10.187,21.5,21.375,12,1783396924.3323925
10.187,21.562,21.375,12,1783396984.7160509
10.187,21.562,21.375,12,1783397045.0680568
10.25,21.5,21.375,12,1783397104.4280593
10.187,21.5,21.375,12,1783397164.8440504
10.187,21.5,21.375,12,1783397225.1960697
10.25,21.5,21.375,12,1783397284.5560586
10.187,21.5,21.375,11.937,1783397344.9400678
10.187,21.5,21.375,12,1783397405.2284946
10.25,21.5,21.375,12,1783397464.556058
10.187,21.5,21.375,12,1783397524.9720492
10.25,21.5,21.375,12,1783397585.3240552
10.25,21.5,21.375,12,1783397644.6840515
10.25,21.5,21.375,12,1783397705.0359888
10.25,21.5,21.375,12,1783397764.3960476
10.25,21.5,21.375,12,1783397824.748051
10.25,21.5,21.375,12,1783397885.1640444
10.25,21.5,21.375,12,1783397944.524061
10.25,21.5,21.375,12,1783398004.9080486
10.25,21.5,21.375,12,1783398065.2600563
10.25,21.5,21.375,12.062,1783398124.5564945
10.25,21.5,21.375,12,1783398184.940064
10.25,21.5,21.375,12.062,1783398245.2600546
10.25,21.5,21.375,12.062,1783398304.6520567
10.312,21.5,21.375,12.062,1783398365.0040507
10.187,21.5,21.375,12.062,1783398424.300563
10.25,21.5,21.375,12.062,1783398484.6840737
10.312,21.437,21.375,12,1783398544.972039
10.312,21.5,21.375,12,1783398605.3240454
10.312,21.5,21.375,12.062,1783398664.7485206
10.312,21.5,21.312,12,1783398725.1319778
10.312,21.5,21.375,12,1783398784.492057
10.312,21.437,21.375,12,1783398844.7807279
10.375,21.5,21.375,12,1783398905.1640372
10.375,21.5,21.375,12,1783398964.4600556
10.375,21.5,21.375,12.062,1783399024.876069
10.375,21.5,21.375,12,1783399085.2280495
10.312,21.5,21.375,12,1783399144.5880554
10.312,21.5,21.375,12,1783399204.9400668
10.375,21.5,21.375,12,1783399265.2920654
10.312,21.5,21.375,12,1783399324.5880501
10.312,21.5,21.375,12.062,1783399385.004057
10.312,21.437,21.312,12,1783399444.364056
10.375,21.437,21.375,12.062,1783399504.7160642
10.375,21.437,21.375,12,1783399565.0679731
10.312,21.5,21.375,12,1783399624.428048
10.312,21.5,21.375,12,1783399684.7800498
10.312,21.5,21.375,12.062,1783399745.067995
10.312,21.5,21.375,12,1783399804.4600496
10.312,21.5,21.375,12,1783399864.8120596
10.312,21.5,21.312,12,1783399925.1640563
10.312,21.5,21.375,12,1783399984.5240676
10.312,21.5,21.312,11.937,1783400044.8760595
10.375,21.5,21.375,11.937,1783400105.1639857
10.375,21.5,21.375,11.937,1783400164.5880668
10.312,21.5,21.375,11.937,1783400224.9400585
10.375,21.5,21.375,11.937,1783400285.292068
10.375,21.5,21.312,11.937,1783400344.6520586
10.312,21.5,21.312,11.937,1783400405.0040572
10.375,21.437,21.312,12,1783400464.3640459
10.375,21.437,21.375,11.937,1783400524.7800696
10.375,21.5,21.375,11.937,1783400585.1319845
10.312,21.437,21.375,11.937,1783400644.492051
10.312,21.5,21.312,12,1783400704.8440645
10.312,21.5,21.312,12,1783400765.2000704
10.312,21.5,21.375,11.937,1783400824.492052
10.25,21.5,21.312,11.937,1783400884.9080555
10.312,21.5,21.312,12,1783400945.2600646
10.25,21.5,21.375,12,1783401004.6200628
10.25,21.5,21.375,12,1783401064.9720414
10.25,21.5,21.312,11.937,1783401125.3240657
10.187,21.5,21.312,11.937,1783401184.6840549
10.187,21.5,21.312,11.937,1783401245.1000657
10.125,21.5,21.375,11.937,1783401304.460057
10.062,21.5,21.312,11.937,1783401364.8120794
10.062,21.5,21.312,11.875,1783401425.1639824
10.062,21.5,21.375,11.875,1783401484.4605176
10.125,21.5,21.312,11.875,1783401544.8440537
10,21.5,21.312,11.875,1783401605.1319826
10,21.5,21.312,11.875,1783401664.5240607
9.937,21.5,21.312,11.812,1783401724.8760495
9.875,21.5,21.312,11.812,1783401785.1644907
9.937,21.5,21.312,11.812,1783401844.5560796
9.937,21.5,21.312,11.812,1783401904.9080634
9.937,21.5,21.312,11.812,1783401965.2600667
9.875,21.5,21.312,11.75,1783402024.7201471
9.875,21.437,21.312,11.75,1783402085.067991
9.875,21.5,21.312,11.75,1783402144.4280543
9.875,21.437,21.312,11.75,1783402204.780061
9.937,21.437,21.375,11.75,1783402265.0685275
9.875,21.437,21.312,11.75,1783402324.4600685
9.875,21.5,21.312,11.75,1783402384.876059
9.812,21.437,21.312,11.687,1783402445.260068
9.812,21.5,21.375,11.687,1783402504.6200686
9.75,21.437,21.312,11.687,1783402564.9720461
9.75,21.437,21.312,11.687,1783402625.3240519
9.75,21.437,21.312,11.625,1783402684.6840563
9.75,21.5,21.375,11.625,1783402745.1000624
9.75,21.5,21.312,11.625,1783402804.4600675
9.75,21.5,21.375,11.625,1783402864.8120701
9.75,21.5,21.375,11.625,1783402925.1639748
9.812,21.437,21.312,11.625,1783402984.5240498
9.75,21.437,21.312,11.625,1783403044.876069
9.75,21.437,21.312,11.562,1783403105.2285385
9.562,21.437,21.312,11.625,1783403164.652062
9.5,21.5,21.312,11.625,1783403225.0040588
9.5,21.437,21.312,11.562,1783403284.3640544
9.375,21.437,21.312,11.562,1783403344.7160573
9.375,21.5,21.312,11.562,1783403405.0679715
9.312,21.437,21.312,11.562,1783403464.4920475
9.25,21.437,21.312,11.562,1783403524.8440704
9.187,21.437,21.312,11.5,1783403585.1960719
9.062,21.437,21.312,11.437,1783403644.4924786
8.937,21.5,21.312,11.375,1783403704.8760602
8.937,21.437,21.312,11.375,1783403765.1640565
8.812,21.5,21.312,11.312,1783403824.5880568
8.687,21.437,21.312,11.25,1783403884.940063
8.75,21.5,21.312,11.312,1783403945.2920575
8.812,21.5,21.312,11.312,1783404004.6520684
8.75,21.437,21.312,11.25,1783404064.9405162
8.812,21.437,21.312,11.25,1783404125.3240638
8.812,21.437,21.312,11.25,1783404184.7480533
8.75,21.5,21.312,11.25,1783404245.1000564
8.812,21.437,21.312,11.25,1783404304.4600744
8.812,21.5,21.312,11.25,1783404364.8120618
8.812,21.5,21.312,11.187,1783404425.163981
8.75,21.5,21.312,11.187,1783404484.5240686
8.812,21.5,21.312,11.187,1783404544.9400601
8.812,21.437,21.312,11.187,1783404605.2920735
8.687,21.437,21.312,11.187,1783404664.5884993
8.687,21.5,21.312,11.187,1783404724.9720528
8.625,21.5,21.312,11.187,1783404785.3240552
8.625,21.5,21.312,11.187,1783404844.6840754
8.625,21.5,21.312,11.187,1783404905.1003866
8.625,21.5,21.312,11.187,1783404964.4920566
8.625,21.5,21.312,11.187,1783405025
8.562,21.5,21.312,11.125,1783405085.1960785
8.5,21.437,21.312,11.125,1783405144.5560665
8.5,21.437,21.312,11.062,1783405204.9080477
8.437,21.5,21.312,11.062,1783405265.2280653
8.437,21.5,21.312,11.062,1783405324.6200545
8.437,21.5,21.312,11.062,1783405385.0040178
8.437,21.5,21.312,11.062,1783405444.3005154
8.437,21.5,21.312,11,1783405504.6840649
8.375,21.5,21.25,11,1783405565.0360482
8.375,21.5,21.312,11,1783405624.4600642
8.375,21.437,21.312,11,1783405684.8120654
8.375,21.437,21.312,10.937,1783405745.1640153
8.375,21.437,21.312,11,1783405804.5240595
8.312,21.437,21.312,11,1783405864.8760462
8.312,21.5,21.312,11,1783405925.2280602
8.375,21.437,21.312,11,1783405984.652051
8.437,21.437,21.312,11,1783406045.0040588
8.437,21.5,21.312,11,1783406104.3005178
8.5,21.437,21.312,11.062,1783406164.6840565
8.5,21.437,21.312,11.062,1783406225.0359752
8.5,21.437,21.312,11.062,1783406284.396054
8.5,21.437,21.312,11,1783406344.812047
8.562,21.437,21.312,11,1783406405.168056
8.5,21.5,21.25,11,1783406464.5240633
8.625,21.437,21.25,11.062,1783406524.812498
8.562,21.437,21.312,11,1783406585
8.562,21.5,21.312,11,1783406644.5560496
8.562,21.437,21.312,11.062,1783406704.9720387
8.5,21.437,21.312,11,1783406765.324064
8.562,21.437,21.312,11.062,1783406824.6840687
8.5,21.437,21.312,11,1783406884.9724784
8.562,21.437,21.312,11,1783406944.3640451
8.562,21.437,21.25,11,1783407004.716066
8.5,21.5,21.312,11,1783407065.1320574
8.562,21.437,21.25,11,1783407124.4920485
8.625,21.437,21.312,11,1783407185
8.687,21.437,21.312,11,1783407245.2000628
8.625,21.5,21.312,10.937,1783407304.5560708
8.625,21.437,21.312,10.937,1783407364.908058
8.687,21.437,21.312,10.937,1783407425.2600577
8.625,21.5,21.312,11,1783407484.652068
8.625,21.437,21.312,11,1783407545.004039
8.625,21.437,21.25,10.937,1783407604.364073
8.687,21.437,21.312,11,1783407664.7160645
8.687,21.437,21.312,11,1783407725.0039911
8.687,21.437,21.25,11,1783407784.4280593
8.687,21.437,21.312,11,1783407844.7800522
8.687,21.437,21.312,11,1783407905.1319957
8.687,21.437,21.312,11,1783407964.4920447
8.687,21.437,21.312,11,1783408024.8440523
8.687,21.437,21.25,11,1783408085.1320577
8.687,21.437,21.312,11,1783408144.5560555
8.625,21.375,21.312,11,1783408204.9080615
8.625,21.375,21.25,11,1783408265.2600563
8.625,21.437,21.25,11,1783408324.6200554
8.562,21.437,21.25,11,1783408384.9720368
8.625,21.437,21.312,11,1783408445.324063
8.625,21.375,21.25,11,1783408504.7480633
8.625,21.437,21.25,11,1783408565
8.625,21.437,21.25,11,1783408624.4600601
8.562,21.437,21.25,11,1783408684.8120542
8.562,21.437,21.25,11,1783408745.1639705
8.625,21.437,21.312,11,1783408804.5240538
8.562,21.375,21.25,11,1783408865
8.625,21.437,21.25,11,1783408925.324053
8.625,21.437,21.25,11.062,1783408984.6845002
8.625,21.375,21.25,11.062,1783409045.0680604
8.687,21.437,21.25,11,1783409104.4280486
8.625,21.437,21.25,11,1783409164.780048
8.625,21.375,21.25,11.062,1783409225.1960547
8.687,21.437,21.25,11.062,1783409284.5560546
8.687,21.375,21.25,11.062,1783409344.9080584
8.75,21.375,21.25,11.062,1783409405.2600505
8.75,21.375,21.25,11.062,1783409464.6200683
8.812,21.437,21.25,11.062,1783409524.9080617
8.812,21.375,21.25,11.062,1783409585.1960678
8.812,21.437,21.25,11.062,1783409644.5880592
8.812,21.437,21.25,11.062,1783409704.9400704
8.875,21.437,21.312,11.125,1783409765.292061
8.937,21.437,21.25,11.125,1783409824.6520643
8.875,21.375,21.25,11.062,1783409884.9400728
8.875,21.375,21.25,11.062,1783409945.2920728
8.875,21.375,21.25,11.062,1783410004.7165277
8.937,21.375,21.25,11.062,1783410065.0999815
8.875,21.375,21.25,11.062,1783410124.4600701
8.812,21.375,21.25,11.062,1783410184.7485175
8.75,21.437,21.25,11.062,1783410245.1319826
8.812,21.375,21.25,11.062,1783410304.4280536
8.812,21.375,21.25,11.062,1783410364.8445714
8.812,21.437,21.25,11.062,1783410425.2280545
8.812,21.437,21.25,11.062,1783410484.588064
8.75,21.437,21.25,11,1783410544.940063
8.687,21.437,21.25,11,1783410605.2920585
8.687,21.437,21.25,11,1783410664.6520548
8.687,21.437,21.25,10.937,1783410725.067991
8.687,21.437,21.25,11,1783410784.4280493
8.75,21.437,21.25,10.937,1783410844.7800584
8.75,21.437,21.25,10.937,1783410905.0684974
8.75,21.437,21.25,11,1783410964.4280527
8.687,21.375,21.25,10.937,1783411024.812058
8.687,21.437,21.25,10.937,1783411085.0999744
8.625,21.375,21.25,10.875,1783411144.4920604
8.625,21.375,21.25,10.875,1783411204.8440673
8.625,21.375,21.25,10.875,1783411265.1323767
8.625,21.437,21.25,10.875,1783411324.5240571
8.687,21.375,21.25,10.937,1783411384.9080622
8.687,21.437,21.25,10.937,1783411445.2600687
8.75,21.437,21.25,10.875,1783411504.6840672
8.75,21.437,21.25,10.937,1783411565.0359871
8.812,21.437,21.25,10.937,1783411624.3960588
8.812,21.437,21.25,10.937,1783411684.7480607
8.812,21.437,21.25,10.937,1783411745.036398
8.875,21.437,21.25,11,1783411804.4280572
8.875,21.375,21.25,10.937,1783411864.844066
8.937,21.375,21.25,10.937,1783411925.196061
9,21.375,21.25,10.937,1783411984.5560663
9,21.375,21.25,11,1783412044.9080603
9,21.375,21.25,11.062,1783412105.2600665
9.062,21.437,21.25,11.062,1783412164.6200674
9.062,21.437,21.25,11.062,1783412225.0359893
9.062,21.375,21.25,11.062,1783412284.4000564
9.125,21.375,21.25,11.062,1783412344.7480695
9.187,21.375,21.25,11.062,1783412405.1000562
9.187,21.375,21.25,11.062,1783412464.4600606
9.25,21.437,21.25,11.125,1783412524.7480686
9.25,21.437,21.25,11.125,1783412585.0679789
9.25,21.437,21.25,11.125,1783412644.4600742
9.312,21.375,21.25,11.125,1783412704.8120668
9.312,21.437,21.25,11.187,1783412765.164492
9.375,21.437,21.187,11.187,1783412824.5560534
9.375,21.375,21.25,11.25,1783412884.908061
9.375,21.375,21.25,11.187,1783412945.2600567
9.437,21.375,21.25,11.25,1783413004.6840677
9.375,21.375,21.25,11.25,1783413065.0359793
9.375,21.437,21.25,11.25,1783413124.3960547
9.5,21.437,21.187,11.312,1783413184.7485056
9.5,21.375,21.187,11.312,1783413245.0685241
9.5,21.437,21.25,11.312,1783413304.4600654
9.625,21.437,21.25,11.312,1783413364.876065
9.625,21.375,21.25,11.375,1783413425.2280676
9.625,21.375,21.25,11.375,1783413484.5880551
9.75,21.437,21.25,11.437,1783413544.940059
9.687,21.437,21.25,11.437,1783413605.2920635
9.75,21.375,21.25,11.437,1783413664.6520615
9.75,21.437,21.25,11.437,1783413725.0680573
9.812,21.437,21.25,11.437,1783413784.428072
9.875,21.437,21.25,11.437,1783413844.780063
9.937,21.437,21.25,11.5,1783413905.131968
10,21.437,21.25,11.5,1783413964.4920704
10,21.437,21.25,11.5,1783414024.8760486
10.062,21.437,21.25,11.5,1783414085.1967394
10.062,21.437,21.25,11.5,1783414144.6200593
10.125,21.437,21.187,11.562,1783414204.972047
10.125,21.437,21.25,11.562,1783414265.2604988
10.125,21.437,21.25,11.625,1783414324.6200616
10.125,21.437,21.25,11.625,1783414384.9720352
10.062,21.437,21.25,11.625,1783414445.3240561
10.062,21.437,21.25,11.625,1783414504.7480555
10.125,21.437,21.25,11.625,1783414565.0999799
10.125,21.437,21.25,11.625,1783414624.460063
10.187,21.375,21.25,11.687,1783414684.812067
10.187,21.437,21.25,11.75,1783414745.1640558
10.187,21.437,21.187,11.75,1783414804.5240624
10.25,21.437,21.187,11.75,1783414864.9400494
10.25,21.375,21.25,11.75,1783414925.2920642
10.25,21.437,21.25,11.75,1783414984.6520715
10.312,21.437,21.25,11.75,1783415045.0039818
10.312,21.437,21.187,11.812,1783415104.3640537
10.375,21.437,21.187,11.812,1783415164.716059
10.375,21.437,21.25,11.812,1783415225.1320524
10.312,21.437,21.25,11.812,1783415284.4920528
10.312,21.437,21.25,11.75,1783415344.8440685
10.312,21.437,21.25,11.75,1783415405.2280529
10.25,21.437,21.25,11.75,1783415464.5880542
10.312,21.437,21.187,11.75,1783415524.9400668
10.312,21.437,21.25,11.75,1783415585.2920709
10.375,21.437,21.25,11.75,1783415644.6845393
10.312,21.437,21.25,11.75,1783415705.068057
10.437,21.375,21.25,11.812,1783415764.4280667
10.375,21.437,21.187,11.812,1783415824.780058
10.437,21.437,21.25,11.812,1783415885.067986
10.375,21.437,21.187,11.875,1783415944.4920685
10.375,21.437,21.187,11.875,1783416004.8440633
10.437,21.437,21.25,11.875,1783416065.1961067
10.437,21.437,21.187,11.875,1783416124.5560584
10.437,21.375,21.187,11.875,1783416184.9080646
10.437,21.437,21.25,11.937,1783416245.2600608
10.5,21.437,21.25,11.875,1783416304.684073
10.437,21.437,21.187,11.875,1783416365.0360012
10.437,21.437,21.187,11.937,1783416424.396062
10.437,21.437,21.25,11.937,1783416484.7480557
10.375,21.437,21.25,11.937,1783416545.0363827
10.437,21.437,21.25,11.937,1783416604.4280684
10.437,21.437,21.187,11.937,1783416664.8440585
10.312,21.437,21.187,11.937,1783416725.1960814
10.25,21.437,21.187,11.937,1783416784.5560498
10.25,21.437,21.25,11.937,1783416844.908058
10.187,21.437,21.187,11.937,1783416905.2605016
10.25,21.437,21.25,11.937,1783416964.5560591
10.312,21.437,21.25,11.937,1783417024.9720454
10.312,21.437,21.25,12,1783417085.3240623
10.375,21.437,21.187,11.937,1783417144.6205075
10.375,21.437,21.25,12,1783417205.0040607
10.437,21.437,21.25,12,1783417264.3640606
10.437,21.437,21.25,12,1783417324.7160459
10.5,21.437,21.25,12.062,1783417385.1323934
10.562,21.437,21.25,12.062,1783417444.492069
10.437,21.437,21.25,12.062,1783417504.8440683
10.437,21.437,21.25,12.062,1783417565.1960738
10.25,21.437,21.187,12,1783417624.5560563
10.125,21.437,21.25,12,1783417684.9080458
10,21.437,21.187,11.937,1783417745.196074
9.937,21.437,21.187,11.937,1783417804.5880609
9.875,21.437,21.187,11.875,1783417864.9404864
9.687,21.437,21.187,11.75,1783417925.260488
9.687,21.437,21.187,11.75,1783417984.6204987
9.687,21.437,21.187,11.687,1783418044.9400494
9.625,21.437,21.25,11.687,1783418105.292071
9.75,21.437,21.187,11.625,1783418164.7160587
9.687,21.437,21.187,11.625,1783418225.0680072
9.625,21.437,21.187,11.562,1783418284.428052
9.5,21.437,21.25,11.562,1783418344.7165039
9.5,21.437,21.187,11.562,1783418405.099986
9.5,21.437,21.187,11.5,1783418464.4600523
9.437,21.437,21.25,11.5,1783418525
9.437,21.437,21.187,11.5,1783418585.2280567
9.375,21.437,21.25,11.437,1783418644.5880604
9.375,21.437,21.187,11.437,1783418704.9400702
9.375,21.437,21.187,11.437,1783418765.292057
9.375,21.437,21.187,11.437,1783418824.652057
9.375,21.437,21.25,11.375,1783418885.0679827
9.437,21.437,21.25,11.375,1783418944.428051
9.437,21.375,21.187,11.375,1783419004.7800732
9.5,21.437,21.25,11.375,1783419065.1320488
9.5,21.437,21.187,11.375,1783419124.492055
9.5,21.437,21.187,11.375,1783419184.780066
9.5,21.375,21.187,11.437,1783419245.067986
9.562,21.437,21.187,11.375,1783419304.4600642
9.5,21.437,21.187,11.375,1783419364.8120668
9.562,21.437,21.25,11.437,1783419425.1639824
9.5,21.437,21.187,11.437,1783419484.5240505
9.5,21.437,21.25,11.437,1783419544.8760638
9.5,21.437,21.25,11.437,1783419605.1640549
9.5,21.437,21.187,11.437,1783419664.5880551
9.625,21.5,21.25,11.437,1783419725
9.625,21.437,21.187,11.437,1783419785.2920506
9.625,21.437,21.187,11.437,1783419844.6520557
9.562,21.437,21.187,11.437,1783419904.9405248
9.562,21.437,21.187,11.437,1783419965.2920704
9.625,21.437,21.25,11.437,1783420024.7160575
9.625,21.437,21.187,11.437,1783420085.068054
9.625,21.437,21.25,11.5,1783420144
9.625,21.437,21.187,11.5,1783420204.7165127
9.625,21.437,21.25,11.5,1783420265.099986
9.687,21.437,21.187,11.5,1783420324.4600558
9.625,21.437,21.187,11.5,1783420384.876069
9.625,21.437,21.187,11.5,1783420445.2325392
9.5,21.437,21.25,11.5,1783420504.6200526
9.5,21.437,21.25,11.437,1783420564.9720504
9.437,21.437,21.25,11.375,1783420625.3240554
9.375,21.437,21.187,11.375,1783420684.6840587
9.375,21.437,21.25,11.312,1783420745.099992
9.375,21.437,21.25,11.312,1783420804.460051
9.375,21.437,21.187,11.312,1783420864.8120563
9.312,21.437,21.25,11.25,1783420925.1644864
9.25,21.437,21.187,11.25,1783420984.556052
9.25,21.437,21.187,11.25,1783421044.8440673
9.187,21.437,21.187,11.187,1783421105.1640036
9.125,21.437,21.187,11.187,1783421164.5560713
9.187,21.437,21.187,11.187,1783421224.9080667
9.125,21.437,21.187,11.125,1783421285.2600665
9.125,21.437,21.187,11.062,1783421344.6200674
9.187,21.437,21.187,11.062,1783421404.9720643
9.187,21.437,21.187,11.062,1783421465.3240669
9.125,21.437,21.25,11.062,1783421524.7480557
9.125,21.437,21.25,11,1783421585.0999894
9.125,21.437,21.187,11,1783421644.460057
9.187,21.437,21.187,11,1783421704.8120532
9.187,21.437,21.187,11,1783421765.1639838
9.125,21.437,21.187,11.062,1783421824.5240586
9.125,21.437,21.187,11,1783421884.9400554
9.062,21.437,21.25,11,1783421945.324075
9.125,21.437,21.187,11.062,1783422004.6845477
9.187,21.437,21.187,11.062,1783422065.0679898
9.187,21.437,21.187,11.062,1783422124.4280512
9.187,21.437,21.187,11.062,1783422184.7160544
9.187,21.437,21.187,11.062,1783422245.1639802
9.187,21.437,21.187,11.062,1783422304.524521
9.187,21.437,21.187,11.062,1783422364.9080496
9.125,21.437,21.187,11,1783422425.2600617
9.187,21.437,21.187,11,1783422484.6200523
9.187,21.437,21.187,11,1783422544.9720292
9.125,21.437,21.187,11,1783422605.3240674
9.187,21.437,21.187,11,1783422664.7160718
9.125,21.437,21.187,11,1783422725.0679853
9.187,21.437,21.187,10.937,1783422784.4280634
9.125,21.437,21.187,10.937,1783422844.7840495
9.125,21.437,21.187,10.937,1783422905.1320508
9.187,21.437,21.187,10.937,1783422964.556049
9.125,21.437,21.25,10.937,1783423024.9080663
9.125,21.437,21.187,10.937,1783423085.260055
9.125,21.5,21.187,11,1783423144.6200619
9.187,21.437,21.187,10.937,1783423204.9085073
9.187,21.5,21.187,11,1783423265.2280588
9.187,21.437,21.25,10.937,1783423324.6520567
9.25,21.437,21.25,10.937,1783423385.0040555
9.25,21.5,21.187,10.937,1783423444.3640575
9.187,21.437,21.187,11,1783423504.7160494
9.25,21.437,21.187,10.937,1783423565.0043855
9.312,21.437,21.25,10.937,1783423624.3960514
9.25,21.437,21.187,11,1783423684.8440564
9.312,21.437,21.187,11,1783423745.1960824
9.25,21.437,21.187,11,1783423804.5560682
9.375,21.437,21.187,11,1783423864.9080453
9.375,21.437,21.187,11,1783423925.1967826
9.375,21.437,21.25,11,1783423984.5240648
9.312,21.437,21.187,11,1783424044.9400635
9.375,21.437,21.187,11,1783424105.3240654
9.312,21.437,21.187,11,1783424164.620505
9.375,21.437,21.187,11,1783424225.0039797
9.437,21.437,21.25,11.062,1783424284.300059
9.5,21.437,21.187,11.062,1783424344.5880518
9.5,21.437,21.187,11.125,1783424405.0040514
9.562,21.437,21.187,11.125,1783424464.3640487
9.562,21.437,21.187,11.125,1783424524.7160697
9.625,21.437,21.187,11.187,1783424585.0679848
9.687,21.437,21.187,11.25,1783424644.3644836
9.75,21.437,21.187,11.25,1783424704.6840582
9.812,21.437,21.187,11.25,1783424765.0040567
9.75,21.437,21.187,11.25,1783424824.396063
9.75,21.437,21.25,11.25,1783424884.7480583
9.75,21.437,21.187,11.25,1783424945.0999882
9.75,21.437,21.187,11.312,1783425004.4600685
9.812,21.437,21.187,11.312,1783425064.8120701
9.812,21.437,21.187,11.312,1783425125.163973
9.812,21.437,21.187,11.312,1783425184.5885148
9.75,21.437,21.25,11.312,1783425244.972058
9.687,21.437,21.187,11.25,1783425305.3240845
9.812,21.437,21.187,11.25,1783425364.684064
9.875,21.437,21.187,11.312,1783425425.035983
9.875,21.437,21.187,11.312,1783425484.3960583
9.812,21.437,21.187,11.312,1783425544.8440652
9.875,21.437,21.187,11.375,1783425605.196064
9.937,21.437,21.187,11.375,1783425664.5560527
9.937,21.437,21.187,11.375,1783425724.8445253
9.937,21.437,21.187,11.375,1783425785.2280626
9.937,21.437,21.187,11.437,1783425844.5880704
10,21.437,21.187,11.437,1783425905.0039885
10.062,21.437,21.187,11.5,1783425964.3640523
10.125,21.437,21.187,11.5,1783426024.7160523
10.125,21.437,21.187,11.5,1783426085.0679812
10.125,21.437,21.187,11.562,1783426144.4280527
10.187,21.437,21.187,11.562,1783426204.7800527
10.125,21.437,21.187,11.625,1783426265.1000595
10.062,21.437,21.187,11.562,1783426324.4920628
10.187,21.437,21.187,11.562,1783426384.844063
10.187,21.437,21.187,11.625,1783426445.196079
10.25,21.437,21.187,11.625,1783426504.5560734
10.312,21.437,21.187,11.687,1783426564.9080698
10.375,21.437,21.187,11.625,1783426625.260068
10.625,21.437,21.187,11.75,1783426684.6840627
10.75,21.437,21.187,11.812,1783426745.0360637
10.875,21.437,21.187,11.875,1783426804.3960564
11,21.437,21.187,11.937,1783426864.7800655
11.125,21.437,21.187,12,1783426925.1319768
11,21.437,21.187,12,1783426984.492053
11.125,21.437,21.187,12.062,1783427044.9080772
11,21.437,21.187,12.125,1783427105.2605007
10.937,21.437,21.187,12.062,1783427164.620055
10.875,21.437,21.187,12.062,1783427224.9720545
10.875,21.5,21.187,12.062,1783427285.3240447
10.812,21.437,21.187,12.062,1783427344.6845298
10.875,21.437,21.187,12.062,1783427405.131972
10.812,21.437,21.25,12.062,1783427464.492051
10.75,21.437,21.187,12.062,1783427524.8440592
10.75,21.437,21.125,12.062,1783427585.1323962
10.75,21.437,21.187,12.062,1783427644.5240643
10.812,21.437,21.187,12,1783427704.876058
10.875,21.437,21.187,12.062,1783427765.2280724
10.812,21.437,21.187,12,1783427824.6200647
10.812,21.375,21.187,12.062,1783427884.9720423
10.875,21.437,21.187,12.062,1783427945.3240707
11,21.437,21.187,12.125,1783428004.684057
11,21.437,21.187,12.125,1783428064.9720352
11.187,21.437,21.187,12.187,1783428125.3240664
11.187,21.437,21.187,12.187,1783428184.748069
11.125,21.437,21.187,12.187,1783428245.1000602
11.125,21.437,21.187,12.187,1783428304.4600627
11.187,21.437,21.187,12.25,1783428364.8440642
11.25,21.437,21.187,12.312,1783428425.1960614
11.25,21.437,21.125,12.312,1783428484.4920573
11.312,21.437,21.187,12.375,1783428544.9080665
11.375,21.437,21.187,12.375,1783428605.2605336
11.312,21.437,21.187,12.375,1783428664.6200533
11.312,21.437,21.187,12.375,1783428724.9720612
11.125,21.437,21.187,12.375,1783428785.324056
11.125,21.437,21.187,12.375,1783428844.620057
11.187,21.437,21.187,12.312,1783428905.0359993
11.187,21.437,21.187,12.312,1783428964.3960648
11.062,21.437,21.187,12.312,1783429024.7480576
11.062,21.437,21.187,12.312,1783429085.0364838
11,21.5,21.25,12.312,1783429144.4280522
11,21.437,21.187,12.25,1783429204.7160707
11,21.5,21.187,12.25,1783429265.0999806
11,21.437,21.187,12.25,1783429324.4920542
11,21.437,21.187,12.187,1783429384.876064
10.937,21.5,21.187,12.25,1783429445.1643908
11,21.437,21.187,12.25,1783429504.5560687
11,21.437,21.187,12.187,1783429564.844069
11,21.5,21.187,12.187,1783429625.196072
11,21.5,21.187,12.187,1783429684.6200683
11.062,21.437,21.187,12.187,1783429744.9720502
11.125,21.5,21.187,12.187,1783429805.324057
11.125,21.437,21.187,12.187,1783429864.684072
11.125,21.437,21.187,12.25,1783429924.972483
11.187,21.437,21.187,12.25,1783429984.3000665
11.187,21.437,21.187,12.25,1783430044.7480574
11.25,21.5,21.187,12.312,1783430105.1000617
11.312,21.5,21.187,12.375,1783430164.4600668
11.375,21.437,21.187,12.375,1783430224.8120658
11.375,21.437,21.187,12.437,1783430285.163975
11.312,21.5,21.187,12.437,1783430344.5244858
11.312,21.5,21.187,12.5,1783430405
11.437,21.5,21.187,12.5,1783430465.3240602
11.437,21.437,21.187,12.5,1783430524.6204884
11.375,21.5,21.187,12.562,1783430584.9404945
11.437,21.5,21.187,12.562,1783430645.3240635
11.5,21.5,21.187,12.625,1783430704.6840737
11.562,21.5,21.187,12.625,1783430765.0999897
11.5,21.5,21.187,12.687,1783430824.4600518
11.562,21.5,21.187,12.687,1783430884.8120754
11.625,21.5,21.187,12.75,1783430945.1639898
11.625,21.5,21.25,12.75,1783431004.524058
11.687,21.5,21.187,12.812,1783431064.908055
11.687,21.5,21.187,12.75,1783431125.2600687
11.625,21.5,21.187,12.812,1783431185
11.687,21.5,21.187,12.812,1783431245.0359902
11.687,21.437,21.187,12.812,1783431304.3325038
11.687,21.5,21.187,12.812,1783431364.6525192
11.75,21.5,21.187,12.812,1783431424.9720445
11.75,21.5,21.187,12.875,1783431485.324053
11.75,21.437,21.187,12.875,1783431544.748079
11.812,21.5,21.187,12.875,1783431605.1000519
11.812,21.5,21.187,12.875,1783431664.4600651
11.812,21.5,21.25,12.875,1783431724.812064
11.812,21.5,21.187,12.937,1783431785.1639862
11.75,21.5,21.187,12.875,1783431844.5240695
11.687,21.5,21.187,12.875,1783431904.940061
11.75,21.5,21.187,12.875,1783431965
11.687,21.5,21.187,12.875,1783432024.6525233
11.687,21.5,21.187,12.875,1783432085.0360565
11.687,21.562,21.187,12.875,1783432144.3960516
11.687,21.5,21.187,12.812,1783432204.7480674
11.687,21.5,21.187,12.812,1783432265.1639838
11.625,21.5,21.25,12.812,1783432324.5240622
11.687,21.5,21.187,12.812,1783432384.876071
11.625,21.5,21.187,12.75,1783432445.2324789
11.625,21.5,21.25,12.75,1783432504.6200585
11.625,21.5,21.187,12.75,1783432564.908051
11.625,21.5,21.187,12.75,1783432625.1960797
11.687,21.5,21.187,12.687,1783432684.5880575
11.687,21.5,21.25,12.75,1783432744.9400673
11.625,21.5,21.187,12.687,1783432805.2920625
11.687,21.5,21.187,12.75,1783432864.6520665
11.75,21.5,21.187,12.687,1783432925.0360706
11.75,21.5,21.25,12.687,1783432984.460062
11.75,21.5,21.25,12.687,1783433044.812059
11.75,21.5,21.187,12.687,1783433105
11.687,21.5,21.25,12.687,1783433164.4605124
11.75,21.5,21.25,12.687,1783433224.8445258
11.75,21.5,21.25,12.625,1783433285.228065
11.75,21.5,21.187,12.687,1783433344.6520603
11.812,21.5,21.25,12.687,1783433405.004072
11.937,21.5,21.187,12.687,1783433464.3005247
12,21.5,21.187,12.687,1783433524.6845453
12.062,21.5,21.25,12.687,1783433585.0679955
12.062,21.5,21.187,12.687,1783433644.4280617
12.062,21.5,21.25,12.75,1783433704.8440614
12,21.5,21.187,12.75,1783433765.196069
12.062,21.5,21.25,12.75,1783433824.5560553
12.125,21.5,21.187,12.75,1783433884.8445303
12.187,21.5,21.187,12.75,1783433945.1645045
12.125,21.5,21.187,12.75,1783434004.5560555
12.187,21.5,21.25,12.75,1783434064.972032
12.25,21.5,21.25,12.75,1783434125.3240707
12.312,21.5,21.187,12.75,1783434184.684069
12.25,21.437,21.187,12.75,1783434245
12.25,21.437,21.187,12.812,1783434304.3960512
12.25,21.437,21.187,12.812,1783434364.780076
12.25,21.5,21.25,12.812,1783434425.1960745
12.312,21.5,21.25,12.812,1783434484.5560539
12.375,21.5,21.25,12.875,1783434544.9080687
12.437,21.5,21.25,12.875,1783434605.2600656
12.5,21.437,21.187,12.875,1783434664.6200702
12.562,21.437,21.187,12.937,1783434724.9720447
12.687,21.5,21.187,12.937,1783434785.2920716
12.75,21.5,21.25,13,1783434844.6844835
12.687,21.5,21.25,13,1783434905.0680532
12.812,21.5,21.187,13.062,1783434964.4280581
12.75,21.5,21.187,13.062,1783435024.780059
12.812,21.5,21.25,13.125,1783435085.067984
12.937,21.5,21.187,13.125,1783435144.4920533
13.062,21.5,21.187,13.125,1783435204.8440607
13.25,21.5,21.187,13.187,1783435265.196064
13.5,21.437,21.25,13.312,1783435324.4925165
13.687,21.5,21.187,13.375,1783435384.8760617
13.75,21.5,21.25,13.437,1783435445.2280674
13.75,21.437,21.25,13.5,1783435504.6520598
13.625,21.5,21.187,13.562,1783435565.0039966
13.625,21.5,21.25,13.562,1783435624.3640597
13.562,21.5,21.25,13.625,1783435684.7160592
13.625,21.5,21.187,13.625,1783435745.0679872
13.625,21.5,21.187,13.625,1783435804.4280636
13.5,21.5,21.187,13.562,1783435864.8440716
13.5,21.5,21.187,13.562,1783435925.1960666
13.437,21.5,21.25,13.562,1783435984.5560534
13.437,21.5,21.187,13.562,1783436044.9080653
13.5,21.5,21.25,13.562,1783436105.260068
13.437,21.5,21.187,13.562,1783436164.6200674
13.375,21.5,21.25,13.562,1783436225.0359817
13.312,21.5,21.25,13.562,1783436284
13.375,21.5,21.187,13.5,1783436344.7480617
13.375,21.562,21.187,13.5,1783436405.1000502
13.437,21.5,21.187,13.5,1783436464.4600596
13.5,21.5,21.25,13.5,1783436524.8120728
13.5,21.562,21.25,13.5,1783436585.1643927
13.625,21.562,21.25,13.5,1783436644.5880623
13.562,21.562,21.187,13.562,1783436704.9400568
13.625,21.5,21.25,13.562,1783436765
13.562,21.5,21.187,13.562,1783436824.588536
13.562,21.562,21.25,13.562,1783436884.9080703
13.5,21.562,21.25,13.562,1783436945.2600532
13.375,21.5,21.25,13.562,1783437004.6840603
13.25,21.5,21.25,13.562,1783437065.0359802
13.312,21.5,21.25,13.562,1783437124.3960557
13.312,21.562,21.187,13.562,1783437184.748061
13.25,21.562,21.187,13.5,1783437245.0365303
13.125,21.562,21.187,13.437,1783437304.4280598
13.125,21.562,21.25,13.437,1783437364.8440661
13.125,21.562,21.25,13.437,1783437425.2000747
13.187,21.5,21.187,13.375,1783437484.5560687
13.187,21.5,21.25,13.437,1783437544.9080591
13.25,21.562,21.25,13.375,1783437605.2600596
13.25,21.5,21.25,13.437,1783437664.6200693
13.312,21.562,21.25,13.437,1783437725.036072
13.437,21.562,21.187,13.437,1783437784.3960612
13.437,21.5,21.25,13.5,1783437844.7480614
13.375,21.562,21.25,13.5,1783437905.1319833
13.375,21.562,21.25,13.5,1783437964.428506
13.375,21.5,21.25,13.437,1783438024.812059
13.375,21.562,21.187,13.437,1783438085.1319935
13.375,21.5,21.25,13.437,1783438144.5240624
13.375,21.5,21.25,13.437,1783438204.876059
13.437,21.5,21.25,13.5,1783438265.1645467
13.437,21.5,21.187,13.5,1783438324.5560567
13.375,21.5,21.25,13.5,1783438384.9080522
13.375,21.5,21.25,13.5,1783438445.260046
13.312,21.5,21.25,13.5,1783438504.6840587
13.312,21.5,21.187,13.5,1783438565.0359867
13.312,21.562,21.25,13.5,1783438624.3960633
13.25,21.5,21.187,13.437,1783438684.6845243
13.125,21.562,21.25,13.437,1783438745.004517
13.125,21.562,21.25,13.437,1783438804.364047
13.062,21.562,21.25,13.375,1783438864.7800694
13,21.562,21.25,13.375,1783438925.1319816
13,21.5,21.25,13.375,1783438984.4920568
13,21.562,21.25,13.375,1783439045
13.062,21.562,21.25,13.312,1783439105.132373
13.062,21.562,21.25,13.312,1783439164.4920635
13.062,21.562,21.187,13.312,1783439225
12.937,21.687,21.25,13.312,1783439285.1360655
13,21.687,21.25,13.312,1783439344.4284947
13,21.687,21.25,13.312,1783439404.7484984
12.937,21.687,21.25,13.312,1783439465.0683782
12.937,21.625,21.25,13.312,1783439524.460053
12.875,21.625,21.25,13.25,1783439584.8760695
12.937,21.625,21.25,13.25,1783439645.2280655
12.937,21.625,21.25,13.312,1783439704.5880585
12.937,21.625,21.25,13.25,1783439764.940067
12.937,21.625,21.25,13.25,1783439825.2920578
12.875,21.625,21.25,13.25,1783439884.6525176
12.937,21.625,21.25,13.25,1783439945.099975
12.875,21.625,21.25,13.25,1783440004.4640582
12.875,21.625,21.25,13.187,1783440064.8120522
12.875,21.625,21.25,13.25,1783440125.1003714
12.812,21.625,21.25,13.187,1783440184.4285016
12.875,21.625,21.25,13.187,1783440244.7480648
12.875,21.625,21.25,13.187,1783440305.1319823
12.812,21.625,21.25,13.187,1783440364.5240614
12.812,21.687,21.25,13.125,1783440424.876074
12.875,21.812,21.312,13.187,1783440485.2280626
12.875,21.875,21.312,13.187,1783440544.5880466
12.812,21.875,21.25,13.125,1783440604.9400504
12.875,21.937,21.312,13.125,1783440665.2920635
12.812,21.937,21.312,13.187,1783440724.7160559
12.875,21.937,21.312,13.187,1783440785
12.875,21.937,21.312,13.187,1783440844.428063
12.937,21.937,21.312,13.187,1783440904.7165067
13,21.937,21.312,13.187,1783440965.0999844
13,21.937,21.312,13.25,1783441024.3960588
12.937,21.937,21.375,13.25,1783441084.8120573
12.937,21.937,21.375,13.25,1783441145.163989
12.937,21.937,21.312,13.25,1783441204.4604857
12.875,21.937,21.312,13.25,1783441264.844054
12.937,21.875,21.312,13.25,1783441325.2280655
12.937,21.875,21.375,13.25,1783441384.5880542
12.937,21.937,21.375,13.25,1783441445.003993
12.937,21.937,21.375,13.25,1783441504.364046
12.937,21.875,21.375,13.25,1783441564.716073
12.937,21.937,21.375,13.25,1783441625.0679848
13,21.875,21.375,13.25,1783441684.4280663
13,21.937,21.375,13.25,1783441744.7800584
13,21.937,21.375,13.25,1783441805.0999765
13,21.937,21.375,13.25,1783441864.492071
13.062,21.937,21.375,13.25,1783441924.8440626
13.062,21.937,21.375,13.312,1783441985.1323934
13.125,21.937,21.437,13.25,1783442044.4604914
13.062,21.937,21.437,13.312,1783442104.8440661
13.062,21.937,21.437,13.312,1783442165.1639857
13.062,21.937,21.437,13.312,1783442224.5880682
13.125,21.937,21.437,13.312,1783442284.9400566
13.125,21.937,21.437,13.312,1783442345.2920668
13.062,22,21.437,13.312,1783442404.6520588
13.125,21.937,21.437,13.375,1783442464.9405074
13.187,22,21.437,13.375,1783442525.3240552
13.25,22,21.437,13.375,1783442584.7480555
13.187,22,21.375,13.437,1783442645.1003783
13.25,21.937,21.437,13.375,1783442704.4284875
13.25,21.937,21.437,13.437,1783442764.8120568
13.312,22,21.437,13.437,1783442825.1639771
13.312,22,21.437,13.437,1783442884.5240536
13.25,22,21.437,13.437,1783442944.9400587
13.25,22,21.437,13.5,1783443005.2920554
13.312,21.937,21.437,13.5,1783443064.652068
13.375,22,21.437,13.5,1783443125.0044096
13.375,21.937,21.437,13.562,1783443184.396052
13.375,21.937,21.437,13.5,1783443244.748055
13.312,21.937,21.437,13.562,1783443305.196075
13.25,22,21.5,13.562,1783443364.5560591
13.25,22,21.5,13.562,1783443424.9080498
13.187,22.062,21.5,13.562,1783443485.2600493
13.125,22,21.5,13.562,1783443544.6200686
13.125,22,21.437,13.5,1783443604.9720366
13,22,21.437,13.562,1783443665.2920568
13.062,22.062,21.5,13.5,1783443724.6845207
13.062,22.062,21.5,13.5,1783443785.0679796
13,22.062,21.5,13.5,1783443844.3645055
13.125,22.062,21.5,13.5,1783443904.7480507
13.062,22.062,21.5,13.5,1783443965.0359814
13.062,22.125,21.5,13.5,1783444024.4600663
13.062,22.125,21.5,13.5,1783444084.8120596
13,22.125,21.5,13.5,1783444145.1639776
13,22.125,21.5,13.5,1783444204.5240717
13,22.125,21.5,13.5,1783444264.8760664
13,22.187,21.562,13.5,1783444325.2280524
13,22.125,21.5,13.5,1783444384.6520553
13,22.187,21.5,13.5,1783444445.0039735
13.062,22.125,21.5,13.5,1783444504.3640468
13,22.125,21.562,13.5,1783444564.7165082
13,22.125,21.5,13.5,1783444625
13,22.125,21.562,13.5,1783444684.4600558
13,22.125,21.5,13.5,1783444744.908056
12.937,22.125,21.562,13.5,1783444805.2600684
12.875,22.125,21.562,13.5,1783444864.6200593
12.937,22.125,21.562,13.5,1783444924.9720316
12.875,22.062,21.562,13.437,1783444985.260489
12.937,22.125,21.562,13.5,1783445044.652057
12.937,22.125,21.562,13.437,1783445105.0679827
12.937,22.125,21.562,13.437,1783445164.428054
13,22.125,21.562,13.437,1783445224.7800515
12.875,22.125,21.562,13.437,1783445285.1319861
13,22.187,21.562,13.437,1783445344.4920537
12.937,22.187,21.562,13.437,1783445404.8440573
13,22.125,21.562,13.437,1783445465.1319745
12.937,22.187,21.562,13.437,1783445524.524059
12.937,22.187,21.562,13.437,1783445584.8760538
12.75,22.187,21.562,13.437,1783445645.2280653
12.687,22.125,21.562,13.375,1783445704.5880535
12.687,22.125,21.562,13.375,1783445764.9400659
12.687,22.125,21.562,13.375,1783445825.2920666
12.687,22.187,21.625,13.312,1783445884.7160685
12.625,22.125,21.562,13.312,1783445945.067977
12.687,22.125,21.625,13.312,1783446004.4280608
12.562,22.187,21.562,13.25,1783446064.8120654
12.562,22.125,21.562,13.25,1783446125.1639762
12.562,22.187,21.562,13.25,1783446184.4920497
12.625,22.187,21.625,13.25,1783446244.9080548
12.562,22.125,21.625,13.187,1783446305.2600677
12.562,22.125,21.562,13.25,1783446364.6200593
12.562,22.125,21.625,13.187,1783446424.972036
12.562,22.125,21.625,13.187,1783446485.2606642
12.5,22.125,21.625,13.187,1783446544.6520717
12.5,22.125,21.625,13.187,1783446605.067979
12.5,22.125,21.625,13.125,1783446664.4280648
12.5,22.125,21.625,13.125,1783446724.780049
12.5,22.062,21.625,13.125,1783446785.163979
12.5,22.125,21.625,13.125,1783446844.5240686
12.562,22.125,21.625,13.125,1783446904.876069
12.562,22.125,21.625,13.187,1783446965.1960711
12.562,22.125,21.625,13.125,1783447024.588063
12.5,22.062,21.625,13.125,1783447084.940064
12.437,22.125,21.625,13.125,1783447145.2920575
12.437,22.125,21.625,13.125,1783447204.652491
12.437,22.125,21.625,13.125,1783447265.0363777
12.437,22.125,21.625,13.125,1783447324.492056
12.437,22.125,21.625,13.125,1783447384.8440707
12.437,22.125,21.625,13.062,1783447445.1960738
12.437,22.187,21.625,13.062,1783447504.5560696
12.437,22.187,21.625,13.062,1783447564.8445184
12.437,22.187,21.625,13.062,1783447625.2280521
12.5,22.125,21.625,13.062,1783447684.6520588
12.5,22.125,21.625,13.062,1783447745.003985
12.5,22.125,21.625,13.062,1783447804.3640594
12.437,22.125,21.625,13.062,1783447864.7160566
12.437,22.062,21.625,13.062,1783447925.0044017
12.437,22.062,21.625,13.062,1783447984.3960526
12.5,22.062,21.625,13.062,1783448044.8440561
12.437,22,21.625,13.062,1783448105.1967359
12.437,22.062,21.687,13.062,1783448164.5244997
12.5,22.062,21.625,13.062,1783448224.9080577
12.437,22,21.625,13.062,1783448285.1967385
12.437,22,21.625,13,1783448344.5240679
12.437,22,21.625,13.062,1783448404.940061
12.437,22.062,21.625,13.062,1783448465.2920673
12.437,22.062,21.625,13.062,1783448524.6525204
12.5,22.062,21.625,13.062,1783448585.0359774
12.5,22.125,21.625,13,1783448644.3960545
12.437,22.125,21.625,13,1783448704.7480612
12.437,22.125,21.625,13,1783448765.1639817
12.437,22.125,21.625,13,1783448824.5240521
12.5,22.187,21.625,13,1783448884.8760498
12.5,22.125,21.687,13,1783448945.228054
12.5,22.125,21.625,13,1783449004.5880566
12.5,22.125,21.625,13.062,1783449065
12.5,22.125,21.625,13,1783449125.2920415
12.5,22.125,21.687,13,1783449184.6840682
12.437,22.125,21.687,13,1783449245.0359786
12.375,22.125,21.625,13,1783449304.396052
12.312,22.125,21.625,13,1783449364.7480588
12.375,22.187,21.687,12.937,1783449425.0999784
12.375,22.125,21.687,12.937,1783449484.5240521
12.375,22.187,21.687,12.937,1783449544.876065
12.375,22.125,21.625,12.937,1783449605.2280579
12.437,22.187,21.687,12.937,1783449664.5880573
12.375,22.125,21.687,12.937,1783449724.9720385
12.375,22.125,21.625,12.937,1783449785.3240697
12.375,22.125,21.625,12.937,1783449844.7480655
12.375,22.125,21.687,12.937,1783449905.0999837
12.375,22.125,21.687,12.937,1783449964.4600673
12.312,22.125,21.687,12.937,1783450024.8120704
12.25,22.125,21.625,12.937,1783450085.1639695
12.25,22.062,21.687,12.937,1783450144.5240638
12.25,22.062,21.687,12.937,1783450204.9400563
12.125,22.125,21.687,12.875,1783450265.2920666
12.125,22.125,21.625,12.875,1783450324.6525238
12.187,22.125,21.687,12.875,1783450384.9724684
12.125,22.125,21.687,12.875,1783450444.3640566
12.062,22.125,21.687,12.875,1783450504.7160578
12.062,22.187,21.687,12.875,1783450565.1319776
12.187,22.125,21.625,12.875,1783450624.492053
12.187,22.125,21.687,12.875,1783450684.8440576
12.187,22.125,21.687,12.875,1783450745.1323793
12.125,22.125,21.687,12.875,1783450804.5240564
12.125,22.125,21.687,12.875,1783450864.8120708
12.125,22.125,21.687,12.875,1783450925.0999804
12.125,22.125,21.687,12.875,1783450984.4920595
12.125,22.125,21.687,12.875,1783451044.8440542
12.125,22.125,21.687,12.875,1783451105.1323571
12.125,22.187,21.687,12.875,1783451164.5240717
12.125,22.187,21.687,12.875,1783451224.876064
12.125,22.187,21.687,12.875,1783451285.228048
12.125,22.125,21.687,12.812,1783451344.652065
12.187,22.187,21.625,12.812,1783451405.0039852
12.187,22.125,21.687,12.875,1783451464.364058
12.187,22.125,21.687,12.812,1783451524.7160683
12.187,22.187,21.687,12.875,1783451585.0679793
12.125,22.187,21.625,12.812,1783451644.428052
12.125,22.187,21.687,12.812,1783451704.8440547
12.125,22.187,21.687,12.812,1783451765.1960652
12.125,22.187,21.687,12.812,1783451824.556057
12.125,22.125,21.687,12.812,1783451884.9080672
12.125,22.125,21.687,12.812,1783451945.2600691
12.125,22.125,21.687,12.75,1783452004.6200655
12.187,22.125,21.687,12.75,1783452065.0359945
12.125,22.125,21.687,12.75,1783452124.3960545
12.187,22.125,21.687,12.812,1783452184.7480607
12.187,22.125,21.687,12.812,1783452245.0999753
12.25,22.125,21.687,12.75,1783452304.4600573
12.187,22.187,21.687,12.812,1783452364.7480717
12.25,22.187,21.687,12.812,1783452425.0679846
12.25,22.187,21.687,12.812,1783452484.460063
12.25,22.125,21.687,12.812,1783452544.8120677
12.25,22.125,21.687,12.812,1783452605.100382
12.312,22.125,21.687,12.812,1783452664.492059
12.312,22.187,21.687,12.812,1783452724.7800555
12.312,22.187,21.687,12.812,1783452785.1319811
12.312,22.187,21.687,12.812,1783452844.556054
12.312,22.187,21.687,12.812,1783452904.9080672
12.25,22.187,21.687,12.812,1783452965.2600565
12.312,22.187,21.687,12.812,1783453024.6200707
12.312,22.187,21.687,12.875,1783453084.9085171
12.312,22.187,21.687,12.812,1783453145.292066
12.312,22.187,21.687,12.875,1783453204.7160704
12.375,22.187,21.687,12.812,1783453265.0679827
12.375,22.187,21.687,12.812,1783453324.4280548
12.312,22.187,21.687,12.875,1783453384.7800508
12.312,22.187,21.687,12.875,1783453445.1319883
12.312,22.187,21.687,12.875,1783453504.4600518
12.312,22.187,21.687,12.812,1783453564.9080682
12.312,22.187,21.687,12.875,1783453625.2600677
12.375,22.125,21.687,12.875,1783453685
12.312,22.125,21.687,12.812,1783453744.9724772
12.312,22.125,21.687,12.875,1783453804.3320649
12.312,22.187,21.687,12.875,1783453864.6840668
12.25,22.187,21.687,12.812,1783453925.0999775
12.312,22.187,21.75,12.812,1783453984.4600604
12.312,22.187,21.687,12.812,1783454044.8440554
12.312,22.187,21.687,12.875,1783454105.196058
12.25,22.187,21.687,12.812,1783454164.5560546
12.25,22.125,21.687,12.812,1783454224.908051
12.25,22.125,21.75,12.812,1783454285.2284887
12.25,22.125,21.687,12.812,1783454344.652072
12.25,22.125,21.687,12.812,1783454405.0039847
12.25,22.125,21.687,12.812,1783454464.3640628
12.312,22.125,21.687,12.812,1783454524.7160711
12.312,22.125,21.687,12.875,1783454585.0679846
12.312,22.125,21.687,12.875,1783454644.4920542
12.375,22.125,21.687,12.875,1783454704.844063
12.25,22.125,21.75,12.875,1783454765.2280593
12.187,22.187,21.687,12.875,1783454824.5245185
12.125,22.187,21.687,12.812,1783454884.9080565
12.187,22.187,21.687,12.812,1783454945.2600608
12.187,22.187,21.687,12.812,1783455004.684073
12.187,22.187,21.687,12.812,1783455065.0359771
12.187,22.25,21.687,12.812,1783455124.3960583
12.187,22.25,21.687,12.812,1783455184.7480714
12.187,22.25,21.687,12.875,1783455245.0999763
12.187,22.187,21.687,12.812,1783455304.4600563
12.187,22.25,21.75,12.812,1783455364.8760684
12.187,22.25,21.75,12.812,1783455425
12.187,22.312,21.75,12.812,1783455484.5880537
12.187,22.25,21.687,12.812,1783455544.9400632
12.187,22.25,21.687,12.812,1783455605.292062
12.125,22.25,21.75,12.812,1783455664.6520562
12.125,22.25,21.75,12.812,1783455725.0679884
12.062,22.25,21.75,12.812,1783455784.4280589
12,22.25,21.75,12.812,1783455844.7800539
12,22.25,21.75,12.75,1783455905.1319783
11.937,22.25,21.75,12.75,1783455964.4920523
11.875,22.25,21.75,12.75,1783456024.876054
11.875,22.25,21.75,12.75,1783456085.2280614
11.812,22.25,21.75,12.75,1783456144.620528
11.812,22.25,21.75,12.687,1783456205.0039904
11.812,22.25,21.75,12.687,1783456264.3005147
11.812,22.25,21.75,12.687,1783456324.620512
11.75,22.25,21.75,12.687,1783456384.9400675
11.75,22.25,21.687,12.687,1783456445.228066
11.812,22.25,21.75,12.687,1783456504.6200545
11.75,22.25,21.75,12.687,1783456564.9720294
11.687,22.25,21.75,12.625,1783456625.3240654
11.687,22.25,21.75,12.687,1783456684.6840682
11.625,22.25,21.687,12.625,1783456744.9720426
11.625,22.25,21.75,12.625,1783456805.292512
11.687,22.187,21.75,12.625,1783456864.7480655
11.687,22.25,21.75,12.625,1783456925.0999773
11.687,22.25,21.75,12.625,1783456984.4600532
11.625,22.187,21.687,12.625,1783457044.8120522
11.625,22.125,21.75,12.562,1783457105.1639729
11.625,22.062,21.687,12.562,1783457164.5240633
11.625,22,21.687,12.562,1783457224.9400551
11.687,21.937,21.687,12.562,1783457285.2920592
11.625,21.875,21.687,12.562,1783457344.6520617
11.625,21.875,21.687,12.562,1783457404.9405205
11.625,21.875,21.687,12.562,1783457465.3240497
11.562,21.875,21.687,12.5,1783457525
11.562,21.812,21.625,12.562,1783457585.099984
11.625,21.812,21.687,12.562,1783457644.4600625
11.625,21.812,21.687,12.562,1783457704.8120687
11.625,21.812,21.687,12.562,1783457765.1003952
11.625,21.75,21.687,12.562,1783457824.4284847
11.625,21.75,21.687,12.562,1783457884.8125103
11.625,21.75,21.625,12.562,1783457945.1319776
11.625,21.75,21.687,12.562,1783458004.5240524
11.625,21.75,21.625,12.562,1783458064.8760662
11.687,21.812,21.687,12.5,1783458125.164405
11.687,21.75,21.625,12.562,1783458184.556073
11.687,21.75,21.625,12.5,1783458244.908051
11.625,21.75,21.625,12.562,1783458305.260061
11.625,21.75,21.625,12.5,1783458364.684069
11.625,21.687,21.625,12.562,1783458425.0679805
11.625,21.687,21.625,12.5,1783458484.4280536
11.625,21.687,21.625,12.5,1783458544.812054
11.562,21.687,21.625,12.5,1783458605.1639788
11.625,21.687,21.625,12.5,1783458664.492068
11.625,21.687,21.625,12.5,1783458724.9080687
11.687,21.687,21.625,12.5,1783458785.2600608
11.625,21.75,21.625,12.562,1783458844.6200562
11.625,21.75,21.625,12.5,1783458904.9720306
11.687,21.75,21.625,12.5,1783458965.324051
11.625,21.687,21.625,12.562,1783459024.6840727
11.687,21.687,21.562,12.562,1783459085.0999773
11.625,21.687,21.562,12.5,1783459144.4600656
11.625,21.687,21.625,12.562,1783459204.8120515
11.625,21.687,21.562,12.5,1783459265.163984
11.625,21.75,21.562,12.562,1783459324.4605176
11.625,21.687,21.562,12.5,1783459384.8440506
11.625,21.687,21.562,12.5,1783459445.1960537
11.562,21.687,21.562,12.5,1783459504.5880666
11.562,21.687,21.562,12.5,1783459564.9400597
11.562,21.687,21.562,12.5,1783459625.2920551
11.562,21.687,21.562,12.5,1783459684.652068
11.562,21.687,21.562,12.5,1783459744.9400587
11.562,21.687,21.562,12.5,1783459805.228065
11.562,21.687,21.562,12.5,1783459864.6200686
11.5,21.687,21.562,12.5,1783459924.9720428
11.562,21.687,21.562,12.5,1783459985.3240547
11.562,21.687,21.562,12.5,1783460044.6840553
11.5,21.687,21.562,12.5,1783460105.0359912
11.562,21.687,21.5,12.5,1783460164.4600651
11.5,21.687,21.5,12.437,1783460224.844068
11.5,21.687,21.562,12.5,1783460285.1960628
11.562,21.687,21.5,12.5,1783460344.492521
11.5,21.687,21.5,12.5,1783460404.8124936
11.5,21.687,21.5,12.437,1783460465.1319995
11.5,21.687,21.562,12.437,1783460524.556047
11.5,21.625,21.5,12.437,1783460584.9400544
11.437,21.687,21.5,12.5,1783460645.292053
11.5,21.687,21.5,12.437,1783460704.6520603
11.437,21.687,21.5,12.437,1783460765.0039945
11.437,21.625,21.5,12.437,1783460824
11.437,21.625,21.5,12.437,1783460884.7800705
11.375,21.687,21.5,12.437,1783460945.1319847
11.312,21.625,21.5,12.437,1783461004.4920661
11.312,21.625,21.5,12.437,1783461064.8440568
11.312,21.625,21.5,12.437,1783461125.1960714
11.312,21.687,21.5,12.437,1783461184.4920578
11.25,21.625,21.5,12.437,1783461244.9080544
11.312,21.625,21.5,12.375,1783461305.2600691
11.25,21.687,21.5,12.375,1783461364.6200664
11.125,21.625,21.5,12.375,1783461424.9720285
11,21.625,21.5,12.375,1783461485.3240669
10.937,21.687,21.5,12.312,1783461544.6840634
10.812,21.625,21.5,12.312,1783461605.0999806
10.75,21.625,21.5,12.25,1783461664.4600573
10.75,21.625,21.5,12.25,1783461724.8120675
10.75,21.625,21.5,12.25,1783461785.1639743
10.75,21.625,21.5,12.187,1783461844.5240705
10.75,21.625,21.437,12.187,1783461904.8760605
10.75,21.625,21.437,12.187,1783461965.1960769
10.812,21.625,21.5,12.187,1783462025
10.875,21.625,21.437,12.25,1783462084.9400668
10.937,21.625,21.437,12.25,1783462145.2285097
10.937,21.625,21.437,12.25,1783462204.620053
10.937,21.625,21.437,12.25,1783462264.9724643
10.937,21.625,21.437,12.25,1783462324.4280605
11,21.625,21.437,12.25,1783462384.7800608
10.937,21.625,21.437,12.25,1783462445.131981
10.937,21.625,21.437,12.25,1783462504.4920533
10.937,21.625,21.437,12.25,1783462565
10.937,21.562,21.437,12.25,1783462625.1960769
10.937,21.625,21.437,12.25,1783462684.6200528
11,21.625,21.437,12.25,1783462744.9720376
10.937,21.625,21.437,12.25,1783462805.3240588
11,21.562,21.437,12.25,1783462864.6840665
11.062,21.625,21.437,12.25,1783462925.0359867
11.062,21.625,21.437,12.25,1783462984.3960493
11.062,21.625,21.437,12.25,1783463044.8120627
11.125,21.625,21.437,12.25,1783463105.1639805
11.125,21.625,21.437,12.25,1783463164.524066
11.125,21.625,21.437,12.25,1783463224.8760526
11.125,21.625,21.437,12.25,1783463285.1644008
11.062,21.625,21.375,12.25,1783463344.5560558
11.062,21.625,21.437,12.25,1783463405.0039942
11.125,21.625,21.375,12.25,1783463464.3640487
11.125,21.625,21.437,12.25,1783463524.716068
11.125,21.625,21.375,12.25,1783463585.0679824
11.125,21.625,21.375,12.25,1783463644.4280622
11.187,21.625,21.437,12.187,1783463704.8120542
11.125,21.625,21.437,12.187,1783463765.099979
11.125,21.625,21.375,12.187,1783463824.4920654
11.062,21.562,21.375,12.187,1783463884.844067
11,21.562,21.437,12.125,1783463945.228064
10.937,21.562,21.375,12.125,1783464004.5880504
11,21.562,21.375,12.125,1783464064.9720366
10.937,21.562,21.375,12.125,1783464125.324068
11,21.562,21.375,12.062,1783464184.7480557
10.937,21.562,21.375,12.062,1783464245.1003687
10.937,21.625,21.375,12.062,1783464304.4920676
10.937,21.562,21.375,12.062,1783464365
10.875,21.562,21.375,12.062,1783464425.1960595
10.875,21.562,21.375,12,1783464484.5560563
10.875,21.562,21.375,12.062,1783464545.0039785
10.812,21.562,21.375,12,1783464604.3640583
10.875,21.562,21.375,12.062,1783464664.7160695
10.812,21.562,21.375,12,1783464725.0679877
10.75,21.562,21.375,11.937,1783464784.4280555
10.75,21.562,21.375,11.875,1783464844.780053
10.812,21.562,21.375,11.875,1783464905.0999763
10.812,21.562,21.375,11.875,1783464964.4920595
10.812,21.562,21.375,11.875,1783465024.8440528
10.75,21.562,21.375,11.875,1783465085.132373
10.562,21.562,21.375,11.812,1783465144.5240645
10.375,21.562,21.375,11.812,1783465204.8760514
10.375,21.562,21.375,11.812,1783465265.2280512
10.312,21.562,21.375,11.75,1783465324.6520503
10.375,21.562,21.375,11.75,1783465385.0039864
10.375,21.562,21.375,11.75,1783465444.3640559
10.375,21.562,21.375,11.75,1783465504.7160695
10.312,21.562,21.375,11.812,1783465565.0679743
10.312,21.562,21.375,11.812,1783465624.4280634
10.312,21.562,21.375,11.75,1783465684.8440669
10.312,21.562,21.375,11.75,1783465745.196075
10.312,21.562,21.312,11.75,1783465804.556067
10.312,21.562,21.375,11.687,1783465864.908064
10.312,21.562,21.375,11.687,1783465925.260051
10.25,21.562,21.375,11.687,1783465984.5560517
10.187,21.562,21.375,11.687,1783466044.972031
10.187,21.562,21.312,11.625,1783466105.3240652
10.187,21.562,21.312,11.625,1783466164.6840668
10.187,21.562,21.312,11.625,1783466225.0359824
10.187,21.5,21.312,11.625,1783466284.3960736
10.187,21.5,21.312,11.562,1783466344.7800524
10.187,21.562,21.312,11.562,1783466405.2280672
10.187,21.562,21.375,11.562,1783466464.588048
10.187,21.562,21.312,11.562,1783466524.9720328
10.187,21.562,21.312,11.562,1783466585.3240533
10.187,21.562,21.312,11.562,1783466644.6204977
10.187,21.5,21.312,11.562,1783466705.0039835
10.187,21.562,21.312,11.5,1783466764.4280548
10.187,21.5,21.312,11.562,1783466824.780058
10.187,21.5,21.312,11.562,1783466885.1319818
10.187,21.562,21.312,11.562,1783466944.492053
10.062,21.562,21.312,11.562,1783467004.7804706
10.062,21.562,21.312,11.562,1783467065.0999734
10.062,21.5,21.312,11.5,1783467124.524051
10.062,21.562,21.312,11.5,1783467184.876071
10.062,21.5,21.312,11.5,1783467245.2280555
10,21.5,21.312,11.5,1783467304.5245256
10,21.5,21.312,11.437,1783467364.908065
10,21.5,21.312,11.437,1783467425.2600555
10,21.5,21.312,11.437,1783467484.6840668
10,21.5,21.312,11.437,1783467545.035979
10,21.5,21.312,11.5,1783467604.3960679
10,21.5,21.312,11.5,1783467664.748063
10,21.5,21.312,11.437,1783467725.0363998
9.937,21.5,21.312,11.437,1783467784.428054
9.937,21.5,21.312,11.437,1783467845
9.937,21.5,21.312,11.437,1783467905.2000535
9.937,21.5,21.312,11.437,1783467964.556056
9.937,21.5,21.312,11.437,1783468024.9080675
9.937,21.5,21.312,11.437,1783468085
9.875,21.5,21.312,11.437,1783468144.620065
9.875,21.5,21.312,11.375,1783468205.035984
9.875,21.5,21.312,11.375,1783468264.3960557
9.875,21.5,21.312,11.375,1783468324.7800586
9.812,21.5,21.312,11.375,1783468385.131982
9.875,21.5,21.312,11.375,1783468444.492502
9.875,21.5,21.25,11.375,1783468504.876067
9.875,21.5,21.312,11.437,1783468565.2280626
9.875,21.5,21.312,11.375,1783468624.6200614
9.937,21.5,21.25,11.375,1783468684.9720323
9.937,21.5,21.25,11.437,1783468745.260493
9.937,21.5,21.312,11.437,1783468804.6200693
9.937,21.5,21.25,11.437,1783468864.9080544
9.937,21.437,21.25,11.437,1783468925.2920737
9.937,21.5,21.25,11.375,1783468984.7160695
10,21.5,21.25,11.437,1783469045.067978
10,21.5,21.25,11.437,1783469104.4280467
10,21.5,21.25,11.375,1783469164.7800622
10.062,21.5,21.25,11.437,1783469225.1319776
10.062,21.5,21.25,11.437,1783469284.4925103
10.125,21.437,21.25,11.437,1783469344.9400475
10.125,21.5,21.25,11.5,1783469405.2920601
10.125,21.437,21.25,11.437,1783469464.6520648
10.125,21.5,21.25,11.5,1783469525.0039968
10.125,21.5,21.25,11.5,1783469584.3640459
10.187,21.437,21.25,11.5,1783469644.7160711
10.125,21.5,21.312,11.5,1783469705.1319911
10.125,21.437,21.25,11.5,1783469764.4920619
10.125,21.5,21.25,11.5,1783469824.8440642
10.187,21.437,21.25,11.5,1783469885.196074
10.187,21.437,21.25,11.5,1783469944.5560558
10.187,21.5,21.25,11.5,1783470004.9080496
10.125,21.437,21.25,11.5,1783470065.1960628
10.125,21.5,21.25,11.5,1783470124.5920718
10.125,21.437,21.25,11.437,1783470184.9400673
10.062,21.5,21.25,11.437,1783470245.2285163
10.125,21.437,21.25,11.437,1783470304.5880532
10,21.437,21.25,11.437,1783470364.8760705
10,21.437,21.25,11.437,1783470425.260066
10,21.437,21.25,11.437,1783470485
10,21.437,21.25,11.437,1783470545.0359852
9.937,21.437,21.25,11.437,1783470604.3960505
9.937,21.5,21.25,11.437,1783470664.7480693
9.937,21.437,21.25,11.437,1783470725.0999765
9.937,21.437,21.25,11.437,1783470784.4600642
9.937,21.437,21.25,11.437,1783470844.8760495
10,21.437,21.25,11.437,1783470905.2280695
10,21.437,21.25,11.437,1783470964.5880575
10.062,21.437,21.25,11.437,1783471024.9400487
10,21.437,21.25,11.437,1783471085.2920563
10,21.5,21.25,11.437,1783471144.6520662
10,21.437,21.25,11.437,1783471205.0999756
10.062,21.437,21.25,11.437,1783471264.4600656
10.062,21.437,21.25,11.437,1783471324.8120673
10.125,21.437,21.25,11.437,1783471385.1639757
10.125,21.437,21.187,11.437,1783471444.5240662
10.187,21.437,21.25,11.437,1783471504.8760543
10.125,21.437,21.187,11.437,1783471565.2280693
10.187,21.437,21.25,11.437,1783471624.6200562
10.187,21.5,21.187,11.5,1783471684.972037
10.125,21.437,21.25,11.437,1783471745.2605176
10.125,21.437,21.25,11.437,1783471804.6525242
10.187,21.437,21.25,11.437,1783471864.9720385
10.187,21.437,21.187,11.437,1783471925.260065
10.187,21.437,21.187,11.437,1783471984.684066
10.25,21.437,21.25,11.437,1783472045.0359867
10.25,21.437,21.187,11.437,1783472104.332518
10.25,21.437,21.187,11.437,1783472164.7160664
10.25,21.437,21.25,11.437,1783472225.004404
10.25,21.437,21.187,11.5,1783472284.3640563
10.25,21.437,21.187,11.5,1783472344.7800555
10.25,21.437,21.25,11.5,1783472405
10.312,21.437,21.187,11.437,1783472464.524067
10.25,21.437,21.187,11.437,1783472524.8760664
10.125,21.437,21.187,11.5,1783472585.2320573
10.062,21.437,21.187,11.437,1783472644.5880601
10.062,21.437,21.187,11.437,1783472705.0039914
10.125,21.437,21.187,11.437,1783472764.364061
10,21.437,21.187,11.437,1783472825
9.937,21.437,21.187,11.437,1783472885.067977
9.875,21.437,21.187,11.437,1783472944.4280648
9.687,21.437,21.187,11.375,1783473004.716058
9.687,21.437,21.187,11.375,1783473065
9.687,21.437,21.187,11.375,1783473124.3960626
9.625,21.375,21.187,11.375,1783473184.7480562
9.562,21.437,21.187,11.312,1783473245.0999804
9.5,21.437,21.187,11.312,1783473304.4600594
9.5,21.437,21.187,11.25,1783473364.812058
9.5,21.437,21.187,11.25,1783473425.163974
9.5,21.437,21.187,11.25,1783473484.5880637
9.5,21.437,21.187,11.25,1783473544.9400725
9.562,21.437,21.187,11.187,1783473605.292064
9.562,21.437,21.187,11.25,1783473664.6525004
9.562,21.375,21.187,11.25,1783473724.9724693
9.5,21.375,21.187,11.25,1783473784.364054
9.562,21.437,21.187,11.187,1783473844.7800498
9.562,21.375,21.187,11.187,1783473905.1319869
9.562,21.375,21.187,11.187,1783473964.4920533
9.562,21.375,21.187,11.25,1783474024.8440678
9.562,21.437,21.187,11.187,1783474085.196075
9.562,21.375,21.187,11.187,1783474144.4920664
9.562,21.437,21.187,11.25,1783474204.9080696
9.562,21.437,21.187,11.25,1783474265.2600687
9.562,21.375,21.187,11.25,1783474324.6200588
9.625,21.437,21.187,11.25,1783474384.908529
9.75,21.437,21.125,11.25,1783474445.2324867
9.75,21.375,21.187,11.25,1783474504.6200595
9.75,21.375,21.125,11.25,1783474565.0359771
9.75,21.437,21.187,11.25,1783474624.396065
9.75,21.437,21.187,11.25,1783474684.748066
9.687,21.437,21.125,11.25,1783474745.0999832
9.75,21.437,21.187,11.25,1783474804.460051
9.687,21.437,21.125,11.25,1783474864.7480705
9.687,21.437,21.187,11.25,1783474925.067988
9.625,21.437,21.187,11.187,1783474984.4600568
9.625,21.437,21.187,11.187,1783475044.8120668
9.562,21.437,21.187,11.25,1783475105.1003659
9.625,21.437,21.187,11.187,1783475164.4920561
9.687,21.375,21.187,11.25,1783475224.8440566
9.625,21.437,21.187,11.25,1783475285.196061
9.687,21.375,21.187,11.25,1783475344.6200573
9.687,21.375,21.187,11.25,1783475404.9720328
9.625,21.437,21.125,11.187,1783475465.3240545
9.687,21.375,21.187,11.187,1783475524.6205134
9.687,21.375,21.187,11.187,1783475584.9405222
9.687,21.375,21.125,11.187,1783475645.324064
9.75,21.375,21.187,11.25,1783475704.7480586
9.75,21.375,21.125,11.187,1783475765.0999913
9.812,21.437,21.125,11.25,1783475824.3964849
9.812,21.437,21.125,11.25,1783475885
9.812,21.375,21.187,11.25,1783475945.0999746
9.812,21.437,21.125,11.25,1783476004.4600618
9.875,21.437,21.187,11.25,1783476064.876055
9.875,21.375,21.125,11.25,1783476125.2280586
9.812,21.375,21.187,11.25,1783476184.5880556
9.812,21.437,21.125,11.25,1783476244.9400518
9.875,21.375,21.187,11.312,1783476305.324063
9.875,21.375,21.125,11.25,1783476364.684067
9.875,21.375,21.125,11.25,1783476425
9.937,21.375,21.125,11.312,1783476484.4600523
9.875,21.375,21.187,11.312,1783476544.8120677
9.812,21.375,21.125,11.312,1783476605.1639762
9.812,21.375,21.187,11.25,1783476664.524051
9.75,21.375,21.125,11.25,1783476724.876048
9.75,21.375,21.125,11.25,1783476785.2280545
9.75,21.375,21.125,11.25,1783476844.6200585
9.75,21.375,21.125,11.25,1783476904.972032
9.75,21.375,21.125,11.25,1783476965.324071
9.75,21.375,21.125,11.25,1783477024.684058
9.75,21.375,21.125,11.25,1783477085.035983
9.75,21.375,21.125,11.187,1783477144.4600568
9.75,21.375,21.125,11.187,1783477204.8120658
9.75,21.375,21.125,11.25,1783477265.1639683
9.812,21.375,21.125,11.187,1783477324.5240476
9.75,21.375,21.125,11.187,1783477384.876068
9.75,21.375,21.125,11.25,1783477445
9.687,21.375,21.125,11.187,1783477504.6520672
9.75,21.375,21.125,11.187,1783477565.0039945
9.75,21.375,21.125,11.187,1783477624.300493
9.75,21.375,21.125,11.187,1783477684.6840534
9.75,21.437,21.125,11.187,1783477745.035987
9.75,21.375,21.125,11.187,1783477804.396055
9.75,21.375,21.125,11.187,1783477864.844068
9.75,21.375,21.125,11.187,1783477925.1960583
9.812,21.375,21.125,11.25,1783477984.5560527
9.75,21.375,21.125,11.25,1783478044.9080658
9.812,21.375,21.125,11.25,1783478105.2600532
9.812,21.375,21.125,11.25,1783478164.6200635
9.812,21.375,21.125,11.25,1783478225.0359895
9.812,21.375,21.125,11.25,1783478284.3960612
9.812,21.375,21.125,11.25,1783478344.7480676
9.812,21.375,21.125,11.25,1783478405.0363863
9.812,21.375,21.125,11.25,1783478464.3960488
9.812,21.375,21.125,11.25,1783478524.7480676
9.875,21.375,21.125,11.25,1783478585.0999777
9.875,21.375,21.125,11.25,1783478644.4920619
9.812,21.375,21.125,11.25,1783478704.844044
9.875,21.375,21.125,11.25,1783478765.1323774
9.812,21.375,21.062,11.25,1783478824.460507
9.812,21.375,21.125,11.25,1783478884.7800505
9.875,21.375,21.125,11.25,1783478945.099977
9.875,21.375,21.125,11.25,1783479004.492059
9.875,21.375,21.125,11.25,1783479064.8440583
9.875,21.375,21.062,11.25,1783479125.1323647
9.875,21.375,21.125,11.25,1783479184.5240576
9.875,21.375,21.125,11.25,1783479244.812064
9.875,21.375,21.125,11.25,1783479305.1639824
9.937,21.375,21.125,11.25,1783479364.588068
9.937,21.375,21.125,11.25,1783479424.9400494
9.875,21.375,21.125,11.25,1783479485.2920675
9.875,21.375,21.125,11.25,1783479544.6520712
9.812,21.375,21.125,11.25,1783479604.9404964
9.812,21.375,21.125,11.25,1783479665.3240533
9.875,21.375,21.125,11.312,1783479724.7480555
9.875,21.375,21.125,11.312,1783479785.1003945
9.812,21.375,21.125,11.312,1783479844.3965144
9.75,21.375,21.062,11.312,1783479904.7800481
9.75,21.312,21.125,11.312,1783479965.1319761
9.75,21.375,21.125,11.25,1783480024.4920514
9.687,21.312,21.125,11.312,1783480084.908067
9.687,21.312,21.125,11.25,1783480145.2600687
9.625,21.375,21.125,11.25,1783480204.6200593
9.625,21.375,21.125,11.187,1783480264.9720352
9.625,21.375,21.125,11.187,1783480325.3560598
9.687,21.375,21.125,11.25,1783480384.7160692
9.625,21.312,21.125,11.187,1783480445.1639802
9.562,21.312,21.062,11.187,1783480504.5240676
9.562,21.375,21.125,11.187,1783480564.9080474
9.562,21.312,21.125,11.187,1783480625.2604961
9.625,21.375,21.125,11.187,1783480684.6200602
9.625,21.312,21.125,11.187,1783480745.0039816
9.625,21.375,21.125,11.187,1783480804
9.625,21.312,21.125,11.187,1783480864.7800498
9.625,21.375,21.062,11.187,1783480925.163975
9.625,21.375,21.062,11.187,1783480984.5240707
9.562,21.375,21.125,11.187,1783481044.876057
9.562,21.375,21.062,11.187,1783481105.2280679
9.562,21.375,21.062,11.187,1783481164.6520715
9.625,21.375,21.125,11.187,1783481225.0039792
9.562,21.375,21.125,11.187,1783481284.3005204
9.625,21.375,21.125,11.187,1783481344.6840625
9.562,21.375,21.062,11.125,1783481404.9724693
9.562,21.375,21.062,11.187,1783481464.3320537
9.625,21.375,21.125,11.187,1783481524.7480576
9.562,21.375,21.062,11.125,1783481585.0999937
9.625,21.375,21.125,11.187,1783481644.4600654
9.625,21.375,21.125,11.187,1783481704.8120558
9.687,21.375,21.062,11.125,1783481765.163975
9.625,21.375,21.125,11.125,1783481824.5240655
9.625,21.375,21.062,11.187,1783481884.940065
9.687,21.375,21.062,11.187,1783481945.292066
9.687,21.312,21.062,11.187,1783482004.652055
9.687,21.312,21.062,11.187,1783482065.0359771
9.625,21.375,21.062,11.187,1783482124.396066
9.625,21.375,21.125,11.187,1783482184.7800522
9.625,21.375,21.062,11.125,1783482245.1960738
9.625,21.375,21.062,11.125,1783482304.5560577
9.687,21.312,21.062,11.187,1783482364.9080684
9.625,21.375,21.062,11.187,1783482425.1967602
9.625,21.375,21.125,11.125,1783482484.5245078
9.562,21.375,21.062,11.125,1783482544.908068
9.625,21.312,21.062,11.125,1783482605.2600672
9.562,21.375,21.062,11.125,1783482664.6520665
9.5,21.312,21.125,11.125,1783482725.0359755
9.5,21.312,21.062,11.062,1783482784.3960578
9.437,21.312,21.062,11.062,1783482844.684515
9.5,21.312,21.062,11.062,1783482905.067977
9.5,21.375,21.062,11.062,1783482964.492064
9.5,21.312,21.062,11.062,1783483024.8480618
9.5,21.312,21.125,11,1783483085.1960595
9.562,21.312,21.125,11.062,1783483144.492484
9.562,21.375,21.062,11.062,1783483204.8765173
9.562,21.312,21.062,11.062,1783483265.2600565
9.625,21.312,21.062,11.062,1783483324.684057
9.625,21.312,21.062,11.062,1783483385.0360014
9.687,21.312,21.062,11.062,1783483444.3960526
9.687,21.375,21.062,11.062,1783483504.7480688
9.687,21.375,21.062,11.062,1783483565.099986
9.687,21.375,21.062,11.062,1783483624.4600632
9.625,21.375,21.062,11.062,1783483684.8760662
9.625,21.312,21.062,11.062,1783483745.2280574
9.687,21.312,21.062,11.062,1783483804.5880687
9.75,21.312,21.062,11.125,1783483864.9400492
9.687,21.312,21.062,11.062,1783483925.2920527
9.75,21.312,21.062,11.062,1783483984.6525161
9.687,21.312,21.062,11.062,1783484045.0999694
9.625,21.375,21.062,11.125,1783484104.4600556
9.687,21.312,21.062,11.125,1783484164.8120644
9.625,21.312,21.062,11.062,1783484225.1639764
9.625,21.312,21.062,11.062,1783484284.5240648
9.562,21.312,21.062,11.125,1783484344.8760693
9.562,21.312,21.062,11.062,1783484405.2600696
9.562,21.312,21.062,11.062,1783484464.6520655
9.562,21.312,21.062,11.125,1783484525.003981
9.5,21.312,21.062,11.062,1783484584.364049
9.5,21.312,21.062,11.062,1783484644.7160566
9.375,21.312,21.062,11.062,1783484705.0039816
9.312,21.312,21.062,11,1783484764.428048
9.25,21.312,21.062,11,1783484824.8120685
9.25,21.312,21.062,11,1783484885.1639771
9.312,21.312,21.062,11,1783484944.5240564
9.312,21.312,21.062,11,1783485004.8124835
9.312,21.312,21.062,11,1783485065.1960683
9.312,21.312,21.062,11,1783485124.6200647
9.312,21.312,21.062,11,1783485184.9720354
9.312,21.312,21.062,10.937,1783485245.3240693
9.312,21.312,21.062,11,1783485304.6204922
9.25,21.312,21.062,10.937,1783485365.0039787
9.187,21.312,21.062,10.937,1783485424.364043
9.25,21.312,21.062,10.937,1783485484.7800636
9.25,21.312,21.062,10.937,1783485545.1319838
9.312,21.312,21.062,11,1783485604.428479
9.312,21.312,21.062,10.937,1783485664.7485135
9.312,21.312,21.062,10.937,1783485725.0683756
9.312,21.312,21.062,10.937,1783485784.396055
9.375,21.312,21.062,10.937,1783485844.8120663
9.437,21.25,21.062,11,1783485905.1960564
9.312,21.312,21.062,11,1783485964.5560544
9.312,21.312,21.062,11,1783486024.8444843
9.375,21.312,21.062,11,1783486085.228054
9.437,21.312,21,11,1783486144.524049
9.375,21.312,21.062,11,1783486204.9400644
9.375,21.312,21.062,11,1783486265.2920668
9.437,21.312,21.062,11.062,1783486324.6520655
9.437,21.312,21.062,11.062,1783486384.9405305
9.437,21.312,21.062,11.062,1783486445.3240652
9.5,21.312,21.062,11.062,1783486504.684066
9.5,21.312,21.062,11.062,1783486565.0999715
9.5,21.312,21.062,11.062,1783486624.4600623
9.437,21.312,21,11.062,1783486684.8440561
9.437,21.312,21.062,11.062,1783486745.1960642
9.375,21.312,21.062,11.062,1783486804.5560555
9.375,21.312,21.062,11.062,1783486864.9080698
9.437,21.312,21.062,11.062,1783486925.2280533
9.437,21.312,21.062,11.062,1783486984.6200523
9.562,21.312,21.062,11.062,1783487044.9724927
9.5,21.312,21,11.062,1783487104.3005292
9.562,21.312,21.062,11.062,1783487164.6840677
9.5,21.312,21,11.062,1783487224.9720368
9.5,21.312,21,11.062,1783487285.324057
9.5,21.312,21,11.062,1783487344.7480605
9.5,21.25,21.062,11.062,1783487405.0999806
9.562,21.312,21.062,11.062,1783487464.4600549
9.625,21.312,21.062,11.062,1783487524.8120701
9.625,21.312,21.062,11.125,1783487585.163968
9.687,21.312,21,11.125,1783487644.4920466
9.75,21.312,21,11.125,1783487704.9080663
9.75,21.312,21.062,11.125,1783487765.2600708
9.687,21.25,21.062,11.125,1783487824.6200566
9.625,21.312,21.062,11.125,1783487884.9720283
9.562,21.312,21,11.125,1783487945.3240547
9.437,21.312,21.062,11.125,1783488004.6840682
9.437,21.25,21,11.125,1783488065
9.375,21.312,21,11.125,1783488124.4600525
9.375,21.25,21,11.125,1783488184.8120592
9.375,21.312,21,11.125,1783488245.1639805
9.375,21.312,21,11.125,1783488304.524055
9.375,21.25,21,11.062,1783488364.876067
9.437,21.312,21,11.062,1783488425.2280545
9.375,21.312,21.062,11.125,1783488484.6205266
9.437,21.312,21.062,11.125,1783488545.0039835
9.375,21.312,21,11.125,1783488604.3640482
9.375,21.312,21.062,11.125,1783488664.7160509
9.375,21.312,21.062,11.125,1783488725.0679865
9.312,21.312,21,11.062,1783488784.4920664
9.312,21.312,21,11.062,1783488844.8440611
9.312,21.312,21,11.062,1783488905.1960614
9.312,21.25,21,11.062,1783488964.5560675
9.312,21.25,21,11.062,1783489024.9080696
9.312,21.25,21.062,11.062,1783489085.2600667
9.312,21.25,21,11.062,1783489144.684074
9.312,21.25,21,11.062,1783489205.035984
9.312,21.312,21,11.062,1783489264.3325129
9.312,21.25,21,11.062,1783489324.7160656
9.25,21.25,21,11.062,1783489385.0044122
9.25,21.312,21,11.062,1783489444.3640409
9.312,21.25,21,11.062,1783489504.780063
9.187,21.25,21,11.062,1783489565.1323972
9.125,21.312,21,11,1783489624.5240498
9.125,21.25,21.062,11,1783489684.8760507
9.125,21.25,21,11,1783489745.2280653
9.125,21.25,21.062,11,1783489804.5240545
9.187,21.312,21,11,1783489864.9400628
9.25,21.312,21,11,1783489925.2920525
9.312,21.25,21,11,1783489984.588507
9.312,21.25,21,11.062,1783490044.9084883
9.375,21.25,21,11.062,1783490105.2920523
9.375,21.25,21,11.062,1783490164.652064
9.375,21.312,21,11.062,1783490225.0679846
9.375,21.312,21,11.125,1783490284.4280531
9.437,21.312,21,11.125,1783490344.7800436
9.375,21.312,21,11.125,1783490405
9.375,21.312,21,11.125,1783490464.492057
9.437,21.25,21,11.125,1783490524.8440678
9.437,21.25,21,11.125,1783490585.1319828
9.5,21.25,21,11.125,1783490645
9.562,21.312,21,11.125,1783490704.8760612
9.625,21.25,21,11.125,1783490765.164421
9.625,21.25,21,11.187,1783490824.5240653
9.625,21.25,21,11.187,1783490884.8760536
9.687,21.25,21,11.187,1783490945.1639886
9.75,21.312,21,11.187,1783491004.588057
9.687,21.312,21,11.187,1783491064.9400613
9.687,21.25,21,11.187,1783491125.2920637
9.625,21.25,21,11.187,1783491184.6520717
9.625,21.312,21,11.187,1783491244.9404843
9.625,21.25,21,11.125,1783491305
9.625,21.312,21,11.125,1783491364.6840668
9.625,21.25,21,11.125,1783491425.035979
9.625,21.25,21,11.125,1783491484.3960516
9.562,21.312,21,11.125,1783491544.7480474
9.562,21.312,21,11.125,1783491605.0364256
9.5,21.25,21,11.125,1783491664.3960588
9.562,21.312,21,11.125,1783491724.8120608
9.562,21.25,21,11.125,1783491785.163981
9.562,21.25,21,11.125,1783491844.5240636
9.625,21.25,21,11.187,1783491904.876053
9.562,21.25,21,11.125,1783491965.1643739
9.625,21.25,21,11.187,1783492024.5564892
9.625,21.25,21,11.125,1783492085.0039885
9.687,21.25,21,11.187,1783492144.3640556
9.75,21.25,21,11.187,1783492204.7160523
9.75,21.25,21,11.187,1783492265.0679836
9.75,21.25,21,11.187,1783492324.4280658
9.812,21.25,21,11.187,1783492384.716059
9.875,21.25,21,11.187,1783492445.003979
9.812,21.25,21,11.25,1783492504.3960607
9.812,21.25,21,11.25,1783492564.7485147
9.812,21.25,21,11.25,1783492625.068382
9.875,21.312,21,11.25,1783492684.3965206
9.812,21.25,21,11.25,1783492744.7800474
9.812,21.312,21,11.25,1783492805.0679862
9.875,21.25,21,11.25,1783492864.4920695
9.937,21.312,21,11.187,1783492924.8440666
9.875,21.25,21,11.187,1783492985.2000492
9.875,21.25,21,11.25,1783493044.5560644
10,21.25,21,11.187,1783493104.9400573
9.937,21.25,21,11.25,1783493165.2920542
9.937,21.25,21,11.25,1783493224.716496
9.937,21.25,21,11.25,1783493285.0999837
9.937,21.25,21,11.312,1783493344.4600525
9.875,21.25,20.937,11.312,1783493404.8120542
9.875,21.25,20.937,11.312,1783493465.1639872
9.937,21.25,21,11.312,1783493524.5240643
9.937,21.25,21,11.312,1783493584.9400654
9.937,21.25,21,11.312,1783493645.3320665
10,21.25,21,11.312,1783493704.6840677
10,21.25,21,11.312,1783493765.0359995
10.125,21.312,21,11.375,1783493824.3960557
10.062,21.25,21,11.375,1783493884.7480676
10.062,21.25,21,11.375,1783493945.1639836
10.062,21.25,21,11.375,1783494004.5240672
10.25,21.25,21,11.375,1783494064.8760512
10.312,21.25,21,11.437,1783494125.1643884
10.312,21.25,21,11.437,1783494184.492518
10.187,21.187,20.937,11.437,1783494244.8760612
10.187,21.25,21,11.437,1783494305.228054
10.25,21.187,21,11.437,1783494364.620069
10.25,21.25,20.937,11.437,1783494424.972034
10.25,21.187,21,11.5,1783494485.324068
10.25,21.25,20.937,11.437,1783494544.6840706
10.312,21.187,21,11.437,1783494604.9720287
10.25,21.25,20.937,11.437,1783494665.2920508
10.25,21.25,21,11.5,1783494724.6840715
10.312,21.187,20.937,11.437,1783494785.035992
10.312,21.187,21,11.5,1783494844
10.25,21.187,21,11.437,1783494904.7480662
10.25,21.187,20.937,11.5,1783494965.0999734
10.25,21.187,20.937,11.5,1783495024.524056
10.25,21.187,21,11.5,1783495084.8760684
10.187,21.187,20.937,11.5,1783495145.2280643
10.25,21.187,20.937,11.5,1783495204.5885053
10.25,21.25,20.937,11.5,1783495264.9720361
10.25,21.25,20.937,11.5,1783495325.3240645
10.25,21.187,20.937,11.5,1783495384.7480671
10.25,21.187,20.937,11.5,1783495445.1319828
10.312,21.187,20.937,11.5,1783495504.4284859
10.312,21.187,20.937,11.5,1783495564.8120568
10.25,21.187,20.937,11.5,1783495625.1003687
10.187,21.187,20.937,11.5,1783495684.4920511
10.125,21.25,20.937,11.5,1783495744.908058
10.187,21.187,20.937,11.437,1783495805.2600589
10.125,21.187,20.937,11.437,1783495864.620068
10.125,21.187,20.937,11.437,1783495924.9720297
10.125,21.187,20.937,11.437,1783495985.3240566
10.25,21.187,20.937,11.437,1783496044.6840646
10.187,21.187,20.937,11.5,1783496105.0999904
10.125,21.187,20.937,11.437,1783496164.460051
10.062,21.187,20.937,11.437,1783496224.8120556
10.062,21.187,20.937,11.437,1783496285.163975
10.062,21.187,20.937,11.437,1783496344.5240674
9.875,21.187,20.937,11.375,1783496404.876067
9.812,21.187,20.937,11.312,1783496465.1960716
9.75,21.187,20.937,11.312,1783496524.5880592
9.75,21.187,20.875,11.312,1783496584.9400492
9.812,21.187,20.937,11.375,1783496645.2285233
9.812,21.187,20.875,11.375,1783496704.6200716
9.875,21.187,20.937,11.375,1783496764.9080584
9.875,21.187,20.937,11.437,1783496825.2600498
9.875,21.187,20.937,11.437,1783496884.684069
9.75,21.187,20.937,11.375,1783496945.0359926
9.812,21.187,20.937,11.437,1783497004.3960512
10,21.187,20.937,11.437,1783497064.7480688
10,21.187,20.937,11.437,1783497125.0999749
10,21.25,20.937,11.5,1783497184.4600573
10,21.187,20.937,11.5,1783497244.9080672
10,21.187,20.937,11.5,1783497305
10.062,21.187,20.937,11.562,1783497364.6200655
9.937,21.187,20.937,11.562,1783497424.9720318
10,21.187,20.875,11.562,1783497485.2604845
10.062,21.187,20.937,11.562,1783497544.5880518
10.125,21.187,20.937,11.562,1783497605.003982
10.25,21.187,20.937,11.562,1783497664.364061
10.125,21.187,20.937,11.562,1783497724.7160685
10.187,21.187,20.937,11.625,1783497785.0044007
10.187,21.187,20.937,11.625,1783497844.396057
10.187,21.25,20.937,11.625,1783497904.6840668
10.187,21.187,20.937,11.625,1783497965.0359807
10.25,21.187,20.937,11.625,1783498024.4280543
10.312,21.187,20.937,11.625,1783498084.7800539
10.375,21.187,20.937,11.687,1783498145.0683699
10.375,21.187,20.937,11.687,1783498204.4600494
10.375,21.187,20.937,11.687,1783498264.8120644
10.375,21.187,20.937,11.687,1783498325.163982
10.437,21.187,20.937,11.687,1783498384.5884907
10.375,21.25,20.937,11.687,1783498444.9720356
10.312,21.25,20.937,11.687,1783498505.3240647
10.312,21.187,20.937,11.687,1783498564.6840663
10.437,21.187,20.937,11.75,1783498624.9724567
10.375,21.187,20.937,11.75,1783498684.3640594
10.5,21.187,20.937,11.75,1783498744.7800682
10.562,21.187,20.937,11.75,1783498805.1319802
10.687,21.187,20.937,11.812,1783498864
10.812,21.25,20.937,11.812,1783498924.844063
10.812,21.187,20.937,11.875,1783498985
10.875,21.25,20.937,11.937,1783499044.492054
10.875,21.187,20.937,11.937,1783499104.9080586
11,21.25,20.937,11.937,1783499165.2600543
11.125,21.187,20.937,12,1783499224.6200514
11.25,21.187,20.937,12.062,1783499284.9085166
11.187,21.187,20.937,12.062,1783499345
11.25,21.187,20.937,12.062,1783499404.6520693
11.312,21.187,20.937,12.125,1783499465.0679967
11.312,21.25,20.937,12.125,1783499524.428063
11.375,21.187,20.937,12.125,1783499584.780052
11.312,21.187,20.937,12.187,1783499645.1319785
11.375,21.187,20.875,12.187,1783499704.4920526
11.437,21.187,20.937,12.187,1783499764.8440642
11.5,21.187,20.937,12.187,1783499825.1639771
11.562,21.187,20.937,12.187,1783499884.556069
11.562,21.25,20.937,12.187,1783499944.908056
11.5,21.187,20.937,12.25,1783500005
11.562,21.25,20.937,12.312,1783500064.6200716
11.625,21.187,20.937,12.312,1783500124.9720342
11.687,21.187,20.875,12.375,1783500185.3240654
11.625,21.25,20.937,12.375,1783500244.7480621
11.812,21.187,20.875,12.437,1783500305.0999744
11.75,21.25,20.937,12.437,1783500364.4600654
11.812,21.25,20.875,12.437,1783500424.8120556
11.875,21.25,20.875,12.437,1783500485.1639793
11.875,21.25,20.875,12.5,1783500544.4920673
11.875,21.187,20.875,12.5,1783500604.908052
11.937,21.187,20.875,12.562,1783500665.2600646
11.75,21.25,20.937,12.562,1783500724.6200643
11.75,21.187,20.937,12.562,1783500784.9720433
11.625,21.25,20.937,12.562,1783500845.3240664
11.687,21.25,20.937,12.562,1783500904.6844919
11.687,21.25,20.937,12.562,1783500965.131979
11.75,21.187,20.937,12.562,1783501024.492056
11.875,21.25,20.937,12.562,1783501084.8440564
11.937,21.25,20.875,12.625,1783501145.1323864
12,21.25,20.937,12.625,1783501204.5240698
11.875,21.25,20.937,12.625,1783501264.876051
11.812,21.25,20.937,12.562,1783501325.2280653
11.75,21.25,20.937,12.562,1783501384.620071
11.875,21.25,20.937,12.562,1783501444.972036
11.812,21.25,20.875,12.562,1783501505.260496
11.812,21.25,20.937,12.562,1783501564.6525187
11.625,21.25,20.937,12.562,1783501625.0359826
11.75,21.25,20.937,12.562,1783501684.4600575
11.687,21.25,20.937,12.562,1783501744.8120625
11.562,21.25,20.875,12.562,1783501805.1639776
11.625,21.25,20.937,12.562,1783501864.4604967
11.812,21.25,20.937,12.562,1783501924.7804663
11.75,21.25,20.937,12.562,1783501985.1639724
11.75,21.25,20.937,12.562,1783502044.5880573
11.75,21.187,20.875,12.625,1783502104.9400692
11.687,21.25,20.875,12.625,1783502165.2920642
11.812,21.25,20.937,12.625,1783502224.6520498
11.937,21.25,20.937,12.625,1783502285.0359883
11.875,21.25,20.875,12.625,1783502344
11.812,21.187,20.937,12.625,1783502404.8440557
11.937,21.25,20.875,12.687,1783502465.1960747
11.937,21.25,20.875,12.687,1783502524.5560565
12,21.187,20.875,12.687,1783502584.9080684
11.937,21.187,20.937,12.75,1783502645.2600684
11.937,21.25,20.875,12.687,1783502704.6200583
11.812,21.25,20.937,12.687,1783502765.0359867
11.875,21.25,20.937,12.687,1783502824.3960528
11.937,21.25,20.937,12.687,1783502884.748062
11.875,21.25,20.875,12.687,1783502945.0999694
11.812,21.25,20.875,12.687,1783503004.4600694
11.937,21.25,20.937,12.687,1783503064.8120632
12.062,21.25,20.875,12.75,1783503125.1319838
12.125,21.25,20.875,12.812,1783503184.5240607
12.187,21.25,20.937,12.812,1783503244.8760545
12.25,21.25,20.875,12.875,1783503305.228059
12.25,21.25,20.875,12.875,1783503364.5880544
12.25,21.25,20.937,12.875,1783503424.9400642
12.312,21.25,20.875,12.937,1783503485.2920656
12.437,21.25,20.875,12.937,1783503544.716069
12.437,21.25,20.875,13,1783503605.067979
12.562,21.25,20.875,13,1783503664.428051
12.562,21.25,20.937,13.062,1783503724.780054
12.562,21.187,20.875,13,1783503785.131978
12.375,21.187,20.875,13,1783503844.4604943
12.312,21.25,20.875,13,1783503904.9080544
12.25,21.25,20.937,13,1783503965.260057
12.437,21.25,20.937,13,1783504024.620068
12.375,21.25,20.875,13,1783504084.9720273
12.375,21.25,20.937,13,1783504145.3240583
12.375,21.25,20.875,13,1783504204.6840622
12.375,21.25,20.937,13,1783504265.0999808
12.375,21.187,20.875,13.062,1783504324.460052
12.437,21.25,20.875,13.062,1783504384.8120685
12.437,21.25,20.875,13.062,1783504445.196072
12.562,21.25,20.875,13.062,1783504504.492495
12.5,21.187,20.937,13.062,1783504564.8120666
12.625,21.25,20.875,13.125,1783504625
12.75,21.25,20.937,13.187,1783504684.5560753
12.75,21.25,20.875,13.25,1783504745
12.812,21.25,20.937,13.25,1783504805.2325225
12.812,21.25,20.937,13.312,1783504864.6205118
13,21.25,20.875,13.312,1783504924.9400668
13,21.25,20.875,13.375,1783504985.2920659
12.937,21.25,20.937,13.375,1783505044.716507
12.812,21.25,20.875,13.375,1783505105.0999837
12.687,21.25,20.875,13.312,1783505164.4600527
12.625,21.25,20.875,13.312,1783505224.812052
12.437,21.25,20.875,13.25,1783505285.1639807
12.375,21.25,20.875,13.25,1783505344.5240715
12.375,21.25,20.875,13.187,1783505404.9400628
12.312,21.25,20.875,13.187,1783505465.2920573
12.312,21.187,20.875,13.187,1783505524.6520576
12.25,21.25,20.875,13.187,1783505585.0039952
12.312,21.187,20.875,13.125,1783505644.364058
12.437,21.25,20.875,13.187,1783505704.7165174
12.375,21.25,20.875,13.187,1783505765.1639688
12.312,21.25,20.875,13.187,1783505824.5240543
12.375,21.25,20.875,13.187,1783505884.8760605
12.375,21.25,20.875,13.187,1783505945.2600653
12.375,21.25,20.875,13.187,1783506004.5564995
12.375,21.25,20.875,13.187,1783506064.9400666
12.312,21.25,20.937,13.125,1783506125.2920654
12.25,21.25,20.875,13.125,1783506184.6840687
12.187,21.25,20.875,13.125,1783506245.0359986
12.187,21.25,20.875,13.062,1783506304.3960555
12.312,21.25,20.937,13.062,1783506364.684501
12.187,21.25,20.937,13.062,1783506425.0683823
12.187,21.25,20.937,13.062,1783506484.5240624
12.062,21.25,20.875,13.062,1783506544.8760738
12,21.25,20.937,13.062,1783506605.2280579
11.937,21.25,20.875,13.062,1783506664.5245047
12.125,21.25,20.875,13.062,1783506724.8445122
12.25,21.25,20.937,13.125,1783506785.228068
12.187,21.25,20.875,13.187,1783506844.6520529
12.437,21.25,20.875,13.25,1783506905.0039902
12.625,21.25,20.937,13.312,1783506964.3640606
12.625,21.25,20.937,13.312,1783507024.7160568
12.687,21.25,20.937,13.375,1783507085.0679827
12.687,21.187,20.875,13.375,1783507144.4280608
12.75,21.25,20.875,13.437,1783507204.8440654
12.812,21.25,20.937,13.437,1783507265.1960626
12.75,21.25,20.937,13.437,1783507324.5560656
12.625,21.25,20.875,13.5,1783507384.9080694
12.5,21.25,20.875,13.437,1783507445.2600672
12.687,21.25,20.937,13.437,1783507504.5560555
12.937,21.25,20.875,13.5,1783507564.9720268
12.875,21.25,20.875,13.562,1783507625.3240578
12.812,21.25,20.875,13.562,1783507684.6840658
12.875,21.25,20.875,13.562,1783507745.0679781
13,21.25,20.875,13.625,1783507804.4280565
12.875,21.25,20.937,13.562,1783507864.7800498
12.937,21.25,20.937,13.562,1783507925.1960735
13,21.25,20.937,13.625,1783507984.5560668
13.062,21.25,20.875,13.625,1783508044.9080515
12.937,21.312,20.875,13.625,1783508105.2600615
13,21.312,20.875,13.625,1783508164.6200516
13.125,21.25,20.875,13.625,1783508224.9720345
13.062,21.25,20.937,13.687,1783508285
13.187,21.25,20.937,13.687,1783508344.7160552
13.312,21.25,20.875,13.75,1783508405.067974
13.562,21.312,20.937,13.875,1783508464.4280527
13.687,21.25,20.937,13.875,1783508524.780051
13.5,21.312,20.937,13.937,1783508585.0679727
13.437,21.312,20.937,13.937,1783508644.4920552
13.375,21.25,20.875,14,1783508704.8440545
13.25,21.25,20.937,13.937,1783508765.196063
13.312,21.25,20.937,13.937,1783508824.492504
13.312,21.25,20.937,13.937,1783508884.8760688
13.25,21.25,20.937,13.937,1783508945.2280684
13.312,21.25,20.937,13.937,1783509004.6520736
13.312,21.25,20.937,13.937,1783509065.004415
13.5,21.312,20.875,13.937,1783509124
13.5,21.312,20.937,14,1783509184.716064
13.437,21.312,20.875,14,1783509245.099982
13.187,21.312,20.937,14,1783509304.3960526
13,21.312,20.875,14,1783509364.8120627
12.937,21.312,20.937,13.937,1783509425.163978
12.937,21.312,20.937,13.937,1783509484.5240622
12.937,21.312,20.937,13.937,1783509544.8760512
13,21.25,20.937,13.937,1783509605.2320628
13.125,21.25,20.875,13.937,1783509664.5880609
13.312,21.25,20.937,14,1783509725.003982
13.187,21.25,20.875,14,1783509784.3640468
13.187,21.312,20.937,14,1783509844.716053
13.125,21.25,20.875,14,1783509905.0679803
13.125,21.312,20.875,14,1783509964.4280474
13.062,21.312,20.937,14,1783510024.7800453
13.187,21.312,20.937,14,1783510085.1319766
13.062,21.312,20.937,14,1783510144.5240488
12.937,21.312,20.937,13.937,1783510204.8760676
12.812,21.312,20.937,13.937,1783510265.1643832
12.687,21.312,20.937,13.937,1783510324.5560553
12.625,21.312,20.937,13.875,1783510384.940056
12.625,21.312,20.937,13.812,1783510445.2920487
12.625,21.312,20.937,13.812,1783510504.7160575
12.625,21.312,20.875,13.812,1783510565
12.687,21.25,20.937,13.812,1783510624.4280543
12.75,21.312,20.937,13.812,1783510684.7800536
12.812,21.25,20.937,13.812,1783510745.1319888
12.937,21.25,20.937,13.812,1783510804.4600549
12.937,21.312,20.937,13.812,1783510864.8760672
12.937,21.25,20.937,13.875,1783510925.2280552
13,21.312,20.937,13.875,1783510984.588052
13.125,21.312,20.937,13.875,1783511044.9400482
13,21.25,20.937,13.875,1783511105.292066
12.937,21.312,20.937,13.875,1783511164.5880527
12.937,21.312,20.937,13.875,1783511225.003982
12.687,21.312,20.937,13.812,1783511284.3640573
12.562,21.312,20.937,13.75,1783511344.716066
12.5,21.312,20.937,13.75,1783511405.0679774
12.5,21.25,20.937,13.687,1783511464.4280522
12.437,21.312,20.875,13.625,1783511524.7800508
12.5,21.25,20.937,13.562,1783511585.0679772
12.625,21.25,20.937,13.625,1783511644.4600546
12.5,21.25,20.937,13.625,1783511704.812067
12.5,21.25,20.937,13.625,1783511765.1003804
12.5,21.312,20.937,13.562,1783511824.4284952
12.687,21.312,20.937,13.562,1783511884.7480662
12.625,21.312,20.937,13.562,1783511945.0999749
12.625,21.312,20.937,13.625,1783512004.5240538
12.625,21.312,20.937,13.625,1783512064.8760595
12.75,21.312,20.937,13.625,1783512125.260056
12.875,21.312,20.937,13.687,1783512184.6200628
12.875,21.312,20.937,13.687,1783512244.9720316
12.812,21.312,20.937,13.687,1783512305.3240676
13,21.312,20.937,13.75,1783512364.748065
12.937,21.312,20.937,13.75,1783512425.099986
12.937,21.25,20.937,13.75,1783512484.4600537
12.875,21.312,20.937,13.75,1783512544.8120604
12.812,21.312,20.937,13.75,1783512605.1639721
12.75,21.312,20.937,13.687,1783512664.5240674
12.75,21.312,20.937,13.687,1783512724.9400654
12.75,21.312,20.937,13.687,1783512785
12.812,21.312,20.937,13.687,1783512844.652511
12.75,21.25,20.937,13.75,1783512905.0359836
12.687,21.312,20.937,13.687,1783512964.3960576
12.5,21.25,20.937,13.687,1783513024.6840653
12.5,21.312,20.937,13.687,1783513085.0999777
12.5,21.312,20.937,13.625,1783513144.4605048
12.562,21.312,20.937,13.625,1783513204.8440635
12.562,21.312,20.937,13.625,1783513265.1960554
12.625,21.312,20.937,13.625,1783513324.5560658
12.687,21.312,20.937,13.687,1783513384.908068
12.75,21.312,20.937,13.687,1783513445.2280552
12.75,21.312,20.937,13.687,1783513504.620053
12.812,21.312,20.937,13.625,1783513564.9720297
12.625,21.312,20.937,13.625,1783513625.2604983
12.562,21.25,20.937,13.625,1783513684.6200633
12.5,21.312,20.937,13.625,1783513744.9720392
12.437,21.312,20.937,13.625,1783513805.3240514
12.5,21.25,20.937,13.562,1783513864.7480693
12.437,21.312,20.937,13.562,1783513925.1003675
12.375,21.25,20.937,13.562,1783513984.492052
12.312,21.25,20.937,13.562,1783514044.7804656
12.312,21.312,20.937,13.562,1783514105.1003845
12.25,21.312,20.937,13.5,1783514164.4920516
12.187,21.312,20.937,13.5,1783514224.908054
12.25,21.312,20.937,13.5,1783514285.2600727
12.25,21.25,20.937,13.5,1783514344.5565145
12.312,21.312,20.937,13.5,1783514404.9400556
12.125,21.25,20.937,13.437,1783514465.2920694
12.187,21.25,20.937,13.437,1783514524.620056
12.312,21.312,20.937,13.437,1783514585.0359895
12.312,21.312,20.937,13.437,1783514644.3960533
12.437,21.25,20.937,13.5,1783514704.748072
12.625,21.312,20.937,13.5,1783514765.036395
12.687,21.25,20.937,13.562,1783514824.4280553
12.75,21.312,20.937,13.562,1783514884.7800658
12.75,21.312,20.937,13.625,1783514945.0679836
12.75,21.312,20.937,13.625,1783515004.4600558
12.687,21.25,20.937,13.687,1783515064.8120537
12.75,21.312,20.937,13.75,1783515125.1639786
12.875,21.25,20.937,13.75,1783515184.5240695
12.937,21.312,20.937,13.812,1783515244.8760653
12.937,21.312,20.937,13.875,1783515305.2280664
12.937,21.312,20.937,13.875,1783515364.6525018
13.125,21.312,20.937,13.937,1783515425.036387
13.125,21.312,20.937,14,1783515484.428064
13,21.312,20.937,14,1783515544.8120515
12.875,21.312,20.937,14,1783515605.163967
13,21.312,20.937,14,1783515664.4925094
13.125,21.312,20.937,14,1783515724.9400468
13.125,21.25,21,14,1783515785.292062
13.062,21.312,20.937,14,1783515844.6520526
13,21.312,20.937,14.062,1783515905.0039911
12.875,21.25,20.937,14.062,1783515964.3640542
12.875,21.312,20.937,14.062,1783516024.7160661
12.937,21.312,20.937,14.062,1783516085.1319737
13,21.312,20.937,14.062,1783516144.4920707
12.812,21.312,20.937,14.062,1783516204.8440514
12.562,21.312,20.937,14,1783516265.2000635
12.625,21.312,20.937,14,1783516324.492504
12.75,21.312,20.937,14,1783516385
12.875,21.312,20.937,14,1783516445.196068
13,21.312,20.937,14,1783516504.5880556
13.125,21.312,20.937,14,1783516564.9400525
13.187,21.25,20.937,14,1783516625.2920618
13.25,21.312,20.937,14,1783516684.6520603
13.25,21.312,20.937,14.062,1783516744.9400694
13.187,21.312,20.937,14.125,1783516805.2920504
13.187,21.312,20.937,14.125,1783516865
13.25,21.312,20.937,14.125,1783516925.0999765
13.187,21.312,20.937,14.187,1783516984.396523
13,21.312,20.937,14.187,1783517044.780049
13,21.312,20.937,14.125,1783517105.1319814
13,21.312,20.937,14.125,1783517164.4920566
12.812,21.312,20.937,14.062,1783517224.9080696
12.75,21.312,20.937,14,1783517285.260055
12.75,21.312,20.937,14,1783517344.6200645
12.875,21.312,20.937,14,1783517404.9084916
12.875,21.312,20.937,14,1783517465.292047
12.812,21.312,20.937,13.937,1783517524.6520667
12.812,21.25,20.937,13.937,1783517585.0679843
12.812,21.312,20.937,13.937,1783517644.4280694
12.812,21.312,20.937,13.937,1783517704.780053
12.625,21.312,20.937,13.875,1783517765.1639824
12.562,21.312,20.937,13.875,1783517824.5240695
12.625,21.312,20.937,13.812,1783517884.8760514
12.562,21.312,20.937,13.812,1783517945.2280545
12.687,21.312,20.937,13.812,1783518004.620498
12.812,21.312,20.937,13.812,1783518065.0039835
12.75,21.312,20.937,13.812,1783518124.3640518
12.812,21.312,20.937,13.812,1783518184.716066
12.875,21.312,20.937,13.812,1783518245.0679827
12.937,21.312,20.937,13.812,1783518304.4920533
13,21.312,20.937,13.812,1783518364.8440604
12.937,21.312,20.937,13.875,1783518425.1960654
13.062,21.25,20.937,13.875,1783518484.556063
13,21.312,20.937,13.875,1783518544.908054
13,21.312,20.937,13.875,1783518605.2600658
13,21.312,20.937,13.937,1783518664.6840658
13.062,21.25,20.937,13.875,1783518725.0359921
13,21.312,20.937,13.875,1783518784.3960552
13.187,21.25,21,13.937,1783518844.6844943
13.062,21.312,20.937,13.937,1783518905.0679755
13.062,21.312,21,13.937,1783518964.4280598
13.062,21.312,20.937,13.937,1783519024.876053
13.125,21.312,20.937,13.937,1783519085.2280545
13.062,21.25,20.937,13.937,1783519144.5880497
13.125,21.25,20.937,13.937,1783519204.9400496
13.187,21.312,20.937,14,1783519265.292065
13.187,21.312,20.937,14,1783519324.588042
13.25,21.312,20.937,14,1783519385.0039816
13.125,21.312,20.937,14.062,1783519444.3640628
12.937,21.312,20.937,14,1783519504.716061
12.812,21.312,20.937,14,1783519565.0044174
12.875,21.312,20.937,14,1783519624.3960538
12.937,21.25,20.937,14,1783519684.748064
12.937,21.312,20.937,14,1783519745.067978
13.062,21.312,20.937,14,1783519804.4600515
13.25,21.312,20.937,14,1783519864.8120496
13.062,21.312,20.937,14.062,1783519925.1003711
12.875,21.312,20.937,14,1783519984.4920597
12.75,21.312,20.937,14,1783520044.8440626
12.625,21.312,20.937,13.937,1783520105.1319733
12.5,21.312,20.937,13.875,1783520164.5560513
12.5,21.312,20.937,13.812,1783520224.9080608
12.562,21.312,21,13.75,1783520285.2600722
12.5,21.312,21,13.75,1783520344.6200686
12.562,21.312,21,13.812,1783520404.9084895
12.625,21.25,20.937,13.75,1783520465.2920635
12.562,21.312,20.937,13.75,1783520524.716518
12.687,21.312,20.937,13.75,1783520585.0999818
12.562,21.25,21,13.75,1783520644.3965156
12.562,21.312,20.937,13.687,1783520704.7804623
12.437,21.312,21,13.687,1783520765.1639755
12.437,21.312,20.937,13.687,1783520824.4600568
12.437,21.25,20.937,13.687,1783520884.8760583
12.437,21.312,20.937,13.687,1783520945.2280545
12.437,21.312,20.937,13.687,1783521004.588064
12.5,21.312,20.937,13.687,1783521064.9400673
12.625,21.312,20.937,13.687,1783521125.292049
12.687,21.312,20.937,13.75,1783521184.652068
12.75,21.312,20.937,13.75,1783521245.0679746
12.75,21.312,20.937,13.812,1783521304.4280536
12.625,21.312,20.937,13.812,1783521364.7800524
12.75,21.312,20.937,13.812,1783521425.068386
12.812,21.25,20.937,13.812,1783521484.4600623
12.75,21.312,20.937,13.812,1783521544.8120651
12.812,21.312,20.937,13.812,1783521605.163975
12.812,21.312,20.937,13.812,1783521664.5560582
12.812,21.312,20.937,13.812,1783521724.908052
12.812,21.25,20.937,13.812,1783521785.1967485
12.75,21.312,21,13.812,1783521844.5880513
12.812,21.25,20.937,13.812,1783521904.940058
12.812,21.312,21,13.812,1783521965.2920563
12.812,21.312,20.937,13.812,1783522024.716068
12.687,21.25,21,13.812,1783522085.0679922
12.75,21.312,20.937,13.75,1783522144.4280517
12.687,21.312,21,13.812,1783522204.8120618
12.625,21.312,21,13.812,1783522265.1643956
12.625,21.312,21,13.75,1783522324.5560553
12.625,21.312,20.937,13.75,1783522384.972036
12.625,21.312,20.937,13.75,1783522445.324071
12.437,21.25,20.937,13.687,1783522505
12.375,21.312,21,13.687,1783522565.035987
12.437,21.25,20.937,13.687,1783522624.3960671
12.375,21.312,21,13.687,1783522684.7480612
12.375,21.312,20.937,13.687,1783522745.1639714
12.437,21.25,20.937,13.625,1783522804.5240586
12.375,21.312,20.937,13.625,1783522864.8760676
12.5,21.25,20.937,13.625,1783522925.1643646
12.5,21.25,20.937,13.687,1783522984.4925125
12.562,21.312,20.937,13.687,1783523044.8760703
12.687,21.312,20.937,13.687,1783523105.2280512
12.812,21.312,21,13.75,1783523164.620067
12.812,21.312,20.937,13.75,1783523225
12.875,21.312,20.937,13.812,1783523285.3240554
12.875,21.312,20.937,13.812,1783523344.6840692
12.937,21.312,20.937,13.875,1783523404.9720366
12.937,21.25,20.937,13.875,1783523465.3240495
12.937,21.312,20.937,13.875,1783523524.7480586
12.937,21.25,20.937,13.875,1783523585.0999837
12.812,21.312,20.937,13.875,1783523644
12.812,21.312,20.937,13.875,1783523704.8120575
12.75,21.25,21,13.875,1783523765.163978
12.75,21.312,20.937,13.875,1783523824.5240674
12.687,21.312,20.937,13.875,1783523884.9400554
12.687,21.25,20.937,13.812,1783523945.2920537
12.687,21.312,20.937,13.812,1783524005
12.625,21.312,20.937,13.812,1783524065.0039833
12.625,21.312,20.937,13.812,1783524124.3000627
12.562,21.312,21,13.812,1783524184.6520634
12.562,21.312,21,13.812,1783524245.067991
12.5,21.312,21,13.75,1783524304.428053
12.5,21.25,20.937,13.75,1783524364.7800617
12.625,21.312,21,13.75,1783524425.1319792
12.562,21.312,20.937,13.75,1783524484.4920545
12.625,21.312,20.937,13.75,1783524544.8440568
12.5,21.312,20.937,13.687,1783524605.1960628
12.5,21.312,20.937,13.687,1783524664.5885012
12.437,21.312,21,13.687,1783524724.9720361
12.5,21.312,21,13.687,1783524785
12.437,21.312,21,13.687,1783524844.6520684
12.562,21.312,20.937,13.625,1783524905.003992
12.5,21.312,20.937,13.687,1783524964.4280531
12.562,21.312,21,13.625,1783525024.7800581
12.437,21.312,20.937,13.625,1783525085.1319902
12.312,21.312,21,13.625,1783525144.4920459
12.312,21.25,20.937,13.562,1783525204.8440669
12.375,21.312,20.937,13.562,1783525265.1960583
12.312,21.312,20.937,13.562,1783525324.6200686
12.375,21.25,20.937,13.562,1783525384.9720395
12.375,21.312,21,13.5,1783525445.3240566
12.375,21.312,21,13.562,1783525504.6840692
12.375,21.312,21,13.5,1783525565.0359912
12.375,21.312,21,13.5,1783525624.3320694
12.5,21.312,20.937,13.5,1783525684.7480567
12.5,21.25,20.937,13.562,1783525745.0999804
12.437,21.312,21,13.5,1783525804.4600556
12.5,21.25,20.937,13.5,1783525864.8120692
12.5,21.25,21,13.562,1783525925.1639798
12.625,21.312,21,13.562,1783525984.5240688
12.75,21.312,21,13.562,1783526044.940063
12.75,21.25,21,13.562,1783526105.2920678
12.75,21.25,21,13.625,1783526164.5884843
12.75,21.312,21,13.625,1783526224.9720342
12.625,21.312,20.937,13.625,1783526285.324055
12.625,21.25,20.937,13.625,1783526344.6840553
12.625,21.25,20.937,13.625,1783526405.0999799
12.625,21.312,20.937,13.625,1783526464.4600518
12.562,21.312,20.937,13.562,1783526524.8120549
12.625,21.312,20.937,13.562,1783526585.1639717
12.625,21.312,21,13.5,1783526644.524071
12.625,21.25,20.937,13.562,1783526704.8760583
12.562,21.312,21,13.562,1783526765.1960745
12.5,21.25,21,13.562,1783526824.5880673
12.5,21.312,21,13.5,1783526884.9400668
12.5,21.25,21,13.5,1783526945.228527
12.437,21.312,20.937,13.5,1783527004.620048
12.375,21.312,21,13.5,1783527064.9720385
12.312,21.312,21,13.5,1783527125.3240664
12.375,21.312,20.937,13.5,1783527184.748062
12.437,21.25,21,13.5,1783527245.0999854
12.437,21.25,21,13.5,1783527304.4600575
12.375,21.25,21,13.5,1783527364.8120525
12.312,21.312,21,13.437,1783527425.1643925
12.437,21.25,20.937,13.5,1783527484.556521
12.437,21.25,20.937,13.5,1783527545.0039861
12.437,21.25,21,13.5,1783527604.3640552
12.375,21.312,20.937,13.5,1783527664.7160642
12.5,21.25,20.937,13.5,1783527725.0679772
12.562,21.25,21,13.5,1783527784.4280527
12.5,21.312,20.937,13.5,1783527844.7800536
12.562,21.25,21,13.5,1783527905.0679746
12.5,21.312,20.937,13.5,1783527964.4600565
12.5,21.25,21,13.5,1783528024.8120608
12.5,21.312,21,13.5,1783528085.1003888
12.5,21.25,21,13.5,1783528144.4920573
12.625,21.25,21,13.5,1783528204.8440685
12.625,21.25,21,13.562,1783528265.1319857
12.625,21.25,20.937,13.562,1783528324.5560544
12.75,21.25,20.937,13.562,1783528384.9080608
12.687,21.25,21,13.625,1783528445.260055
12.812,21.25,20.937,13.625,1783528504.6200697
12.875,21.25,21,13.625,1783528564.9720361
13.062,21.312,21,13.687,1783528625.3240461
13.25,21.25,20.937,13.812,1783528684.7480476
13.437,21.25,20.937,13.875,1783528745.0999773
13.437,21.312,21,13.937,1783528804.4600527
13.437,21.25,20.937,14,1783528864.8120487
13.375,21.312,21,14.062,1783528925.1639855
13.437,21.25,20.937,14.062,1783528984.524068
13.5,21.25,21,14.125,1783529044.9400525
13.5,21.25,20.937,14.125,1783529105.292064
13.312,21.25,20.937,14.187,1783529164.6525156
13.25,21.25,21,14.187,1783529225.0359852
13.187,21.312,20.937,14.125,1783529284.396057
13.187,21.312,20.937,14.062,1783529344.7480645
13.125,21.25,21,14.062,1783529405.1639748
13.187,21.25,21,14.125,1783529464.524069
13.312,21.25,21,14.125,1783529524.8760538
13.375,21.312,20.937,14.125,1783529585.228059
13.312,21.25,21,14.125,1783529644.5880504
13.437,21.312,21,14.187,1783529704.9400496
13.25,21.312,20.937,14.125,1783529765.2920554
13,21.312,21,14.125,1783529824.6840696
12.937,21.312,21,14.125,1783529885
13.062,21.312,20.937,14.062,1783529944.332517
13,21.312,20.937,14.062,1783530004.7160656
12.875,21.312,21,14.062,1783530065.0679934
12.812,21.312,21,14,1783530124.4920504
12.687,21.312,21,13.937,1783530184.8440573
12.625,21.312,20.937,13.937,1783530245.2280653
12.625,21.312,20.937,13.875,1783530304.5880644
12.562,21.312,21,13.812,1783530364.9400532
12.562,21.312,21,13.812,1783530425.2920663
12.562,21.312,21,13.75,1783530484.7160497
12.687,21.312,21,13.75,1783530545.0679803
12.687,21.312,21,13.687,1783530604.4280498
12.625,21.312,21,13.687,1783530664.7800553
12.5,21.312,20.937,13.687,1783530725.1319687
12.375,21.375,21,13.687,1783530784.4920578
12.5,21.312,21,13.625,1783530844.908051
12.562,21.312,21,13.625,1783530905.260074
12.562,21.312,20.937,13.625,1783530964.6200573
12.625,21.312,20.937,13.625,1783531024.9085116
12.625,21.312,21,13.625,1783531085.2920675
12.5,21.312,20.937,13.625,1783531144.6520696
12.5,21.312,20.937,13.562,1783531205.067992
12.437,21.312,20.937,13.562,1783531264.428067
12.375,21.312,21,13.5,1783531324.7800665
12.312,21.312,21,13.5,1783531385.0683959
12.312,21.312,21,13.437,1783531444.4600608
12.312,21.312,21,13.437,1783531504.8120651
12.25,21.312,20.937,13.437,1783531565.1323888
12.187,21.312,21,13.437,1783531624.556073
12.187,21.312,20.937,13.437,1783531685
12.187,21.312,21,13.437,1783531745.2600646
12.25,21.312,20.937,13.437,1783531804.6200566
12.25,21.375,21,13.437,1783531864.9720404
12.25,21.312,21,13.437,1783531925.3240674
12.25,21.312,20.937,13.437,1783531984.7480676
12.125,21.312,21,13.437,1783532045.0999765
12.187,21.312,21,13.375,1783532104.4600663
12.125,21.312,21,13.437,1783532164.8120537
12.25,21.312,21,13.437,1783532225.1639845
12.187,21.312,21,13.375,1783532284.4920716
12.187,21.312,21,13.375,1783532344.908058
12.125,21.312,20.937,13.375,1783532405.2920666
12.062,21.312,21,13.312,1783532464.5885177
12,21.312,21,13.375,1783532524.9720373
12,21.312,21,13.375,1783532585.3240666
12,21.312,21,13.375,1783532644.6840665
11.937,21.312,21,13.312,1783532705.0999806
11.937,21.312,21,13.312,1783532764.4600573
12,21.312,21,13.312,1783532824.8120534
11.937,21.312,21,13.25,1783532885
11.875,21.312,21,13.25,1783532944.5244973
11.875,21.312,21,13.187,1783533004.9080517
11.812,21.312,21,13.25,1783533065.2280695
11.812,21.312,21,13.187,1783533124.6200612
11.812,21.312,21,13.187,1783533184.9720306
11.812,21.312,21,13.187,1783533245.3240657
11.812,21.312,21,13.125,1783533304.684064
11.812,21.312,21,13.125,1783533365.035972
11.812,21.312,21,13.125,1783533424.4600654
11.812,21.312,21,13.062,1783533484.8120677
11.812,21.312,21,13.125,1783533545.1639836
11.812,21.312,21,13.062,1783533604.5240653
11.812,21.312,20.937,13.062,1783533664.876067
11.812,21.312,21,13.062,1783533725.2280648
11.812,21.312,21,13.062,1783533784.6520634
11.812,21.312,21,13,1783533845.0039876
11.875,21.312,21,13.062,1783533904.300506
11.937,21.312,21,13.062,1783533964.6840608
11.937,21.312,21,13.062,1783534024.9724736
11.937,21.312,21,13.062,1783534084.3640554
11.875,21.312,20.937,13.062,1783534144.780052
11.875,21.312,21,13.062,1783534205.1319802
11.875,21.312,21,13,1783534264.492046
11.937,21.312,21,13.062,1783534324.8440654
11.875,21.375,21,13.062,1783534385.132377
11.875,21.312,21,13.062,1783534444.524059
11.937,21.312,21,13.062,1783534504.9400697
11.875,21.312,21,13.062,1783534565.2920518
11.875,21.312,21,13.062,1783534624.6520643
11.875,21.312,21,13.062,1783534685.0039825
11.875,21.312,20.937,13,1783534744.3640633
11.812,21.312,21,13,1783534804.7160528
11.75,21.312,21,13,1783534865.1319768
11.75,21.312,21,13,1783534924.492043
11.812,21.312,21,13,1783534984.8440535
11.687,21.312,21,12.937,1783535045.196744
11.625,21.312,21,12.937,1783535104.5880497
11.562,21.312,21,12.937,1783535164.9400656
11.562,21.312,21,12.937,1783535225.292057
11.5,21.312,21,12.937,1783535284.6840758
11.437,21.312,21,12.937,1783535345.035978
11.312,21.312,21,12.875,1783535404.3960538
11,21.312,21,12.875,1783535464.7480576
10.875,21.312,21,12.812,1783535525.0999892
10.75,21.25,21,12.812,1783535584.5240548
10.687,21.312,21,12.75,1783535644.8760724
10.625,21.312,21,12.75,1783535705.2280607
10.562,21.312,21,12.687,1783535764.5880542
10.562,21.312,21,12.687,1783535824.940056
10.5,21.312,21,12.625,1783535885.292066
10.562,21.312,21,12.625,1783535944.7160566
10.562,21.25,21,12.625,1783536005.0679874
10.562,21.312,21,12.625,1783536064.428055
10.5,21.312,21,12.625,1783536124.7800593
10.5,21.312,21,12.625,1783536185.131978
10.562,21.312,21,12.625,1783536244.492068
10.562,21.312,21,12.625,1783536304.9080567
10.5,21.312,21,12.625,1783536365.2600672
10.562,21.312,21,12.625,1783536424.620068
10.562,21.312,21,12.625,1783536484.9720364
10.625,21.312,21,12.625,1783536545.2605069
10.562,21.312,21,12.625,1783536604.6525223
10.625,21.312,21,12.687,1783536665.0999894
10.625,21.312,21,12.625,1783536724.4600513
10.625,21.312,21,12.625,1783536784.8120663
10.625,21.312,21,12.687,1783536845.163998
10.75,21.312,21,12.625,1783536904.5240555
10.75,21.25,21,12.687,1783536964.9080653
10.75,21.312,21,12.687,1783537025.2600722
10.75,21.312,21,12.687,1783537084.6520712
10.812,21.312,21,12.687,1783537145.003984
10.75,21.312,21,12.687,1783537204.3640575
10.75,21.312,21,12.687,1783537264.716068
10.75,21.312,21,12.687,1783537325.0039873
10.812,21.312,21,12.625,1783537384.428068
10.875,21.312,21,12.687,1783537444.7800448
10.937,21.25,21,12.75,1783537505.1319864
11.062,21.312,21,12.75,1783537564.492057
11.125,21.312,21,12.687,1783537624.8440635
11.125,21.312,21,12.75,1783537685.1960576
11.125,21.312,21,12.75,1783537744.6200686
11.187,21.312,21,12.75,1783537804.9720378
11.125,21.312,21,12.75,1783537865.324063
11.187,21.312,21,12.687,1783537924.6205082
11.125,21.312,21,12.687,1783537985.0039895
11.062,21.312,21,12.75,1783538044.3320587
11.062,21.312,21,12.687,1783538104.7480588
10.937,21.312,21,12.687,1783538165.099995
10.875,21.312,20.937,12.687,1783538224.3964965
10.875,21.312,21,12.625,1783538284.716508
10.687,21.312,21,12.562,1783538345.0364132
10.625,21.312,21,12.562,1783538404.4280496
10.687,21.312,21,12.5,1783538464.8440554
10.687,21.312,21,12.562,1783538525
10.625,21.312,21,12.5,1783538584.5560582
10.625,21.312,21,12.5,1783538644.908061
10.625,21.312,21,12.562,1783538705.2600653
10.687,21.312,21,12.562,1783538764.6200514
10.75,21.312,21,12.5,1783538825.0359766
10.75,21.312,21,12.5,1783538884.3960586
10.812,21.312,21,12.562,1783538944.7485301
10.812,21.312,21,12.562,1783539005.1319811
10.875,21.312,21,12.562,1783539064.428494
10.875,21.312,21,12.562,1783539124.8120522
10.875,21.312,21,12.562,1783539185.163978
10.875,21.312,21,12.562,1783539244.556069
10.75,21.312,21,12.562,1783539304.9080555
10.687,21.312,21,12.5,1783539365.1967087
10.687,21.25,21,12.5,1783539424.5880563
10.625,21.312,21,12.5,1783539484.8760672
10.562,21.312,21,12.5,1783539545.228049
10.625,21.312,21,12.437,1783539604.6520703
10.625,21.312,21,12.437,1783539665.0039961
10.687,21.312,21,12.375,1783539724.3640704
10.625,21.312,21,12.437,1783539784.7160673
10.625,21.312,21,12.375,1783539845.067978
10.562,21.312,21,12.437,1783539904.428061
10.562,21.25,21,12.437,1783539964.8440707
10.562,21.312,21,12.375,1783540025.1960788
10.625,21.312,21,12.375,1783540084.4925244
10.562,21.25,21,12.375,1783540144.8760583
10.5,21.312,21,12.375,1783540205.2280536
10.5,21.312,21,12.375,1783540264.524056
10.5,21.312,21,12.375,1783540324.9400544
10.625,21.25,21,12.312,1783540385.292073
10.625,21.25,21,12.375,1783540444.6520689
10.625,21.312,21,12.375,1783540505.0039902
10.625,21.25,21,12.375,1783540564.3640552
10.687,21.312,21,12.375,1783540624.7160559
10.625,21.312,21,12.375,1783540685.1639826
10.687,21.312,21,12.375,1783540744.5240533
10.687,21.312,21,12.375,1783540804.9080586
10.625,21.312,21,12.375,1783540865.260061
10.687,21.25,21,12.375,1783540924.6200643
10.687,21.312,21,12.375,1783540984.9720337
10.687,21.312,21,12.375,1783541045.2920527
10.625,21.312,21,12.375,1783541104.6840699
10.625,21.312,21,12.312,1783541165.0359805
10.562,21.25,21,12.312,1783541224.396063
10.562,21.312,21,12.312,1783541284.7800424
10.5,21.312,21,12.312,1783541345.067978
10.437,21.25,21,12.312,1783541404.492058
10.5,21.25,21,12.312,1783541464.8440557
10.5,21.25,21,12.312,1783541525.1960626
10.5,21.312,21,12.25,1783541584.5560637
10.5,21.312,21,12.25,1783541644.8445644
10.5,21.312,21,12.25,1783541705
10.437,21.312,21,12.25,1783541764.6520648
10.5,21.312,21,12.25,1783541825.004005
10.5,21.25,21,12.25,1783541884.364056
10.5,21.312,21,12.25,1783541944.7160628
10.5,21.312,21,12.25,1783542005.004409
10.437,21.25,21,12.187,1783542064.3000622
10.437,21.312,21,12.187,1783542124.7160647
10.437,21.312,21.062,12.25,1783542185.0679908
10.375,21.312,21,12.187,1783542244.4280524
10.375,21.25,21,12.187,1783542304.7800488
10.437,21.25,21,12.187,1783542365.1319816
10.375,21.312,21,12.187,1783542424.492069
10.375,21.312,21,12.187,1783542484.908059
10.312,21.312,21,12.187,1783542545.2600589
10.312,21.25,21,12.187,1783542604.6200643
10.312,21.25,21,12.187,1783542664.9085164
10.312,21.312,21,12.125,1783542725.2920666
10.312,21.25,21,12.125,1783542784.5880604
10.312,21.312,21,12.125,1783542845.003984
10.375,21.312,21.062,12.062,1783542904.364062
10.437,21.25,21.062,12.125,1783542964.7160707
10.5,21.25,21,12.125,1783543025.067983
10.437,21.25,21,12.062,1783543084.4280508
10.562,21.312,21,12.062,1783543144.7800508
10.5,21.312,21,12.062,1783543205.131988
10.5,21.25,21,12.125,1783543265
10.437,21.25,21,12.125,1783543324.908053
10.437,21.25,21.062,12.125,1783543385.1967478
10.5,21.312,21,12.125,1783543444.5880537
10.5,21.25,21,12.125,1783543504.940057
10.562,21.25,21,12.125,1783543565.292069
10.562,21.25,21,12.125,1783543624.7160692
10.562,21.25,21,12.125,1783543685.0679808
10.625,21.25,21,12.125,1783543744.4280517
10.625,21.25,21.062,12.187,1783543804.716486
10.625,21.312,21,12.125,1783543865.0999777
10.562,21.25,21,12.125,1783543924.4280648
10.625,21.25,21,12.125,1783543984.8760517
10.687,21.312,21,12.125,1783544045.2280552
10.687,21.312,21,12.125,1783544104.5880504
10.687,21.312,21,12.125,1783544164.940053
10.687,21.25,21,12.125,1783544225.2920635
10.625,21.25,21,12.125,1783544284.5880628
10.625,21.25,21.062,12.125,1783544345.0044084
10.625,21.25,21,12.125,1783544404.3960567
10.625,21.25,21,12.125,1783544464.7480671
10.625,21.25,21,12.125,1783544525.0999804
10.687,21.25,21,12.125,1783544584.460512
10.75,21.312,21,12.125,1783544644.8440568
10.75,21.312,21,12.125,1783544705.1639931
10.75,21.25,21,12.125,1783544764.556066
10.75,21.25,21,12.125,1783544824.9080508
10.687,21.312,21,12.125,1783544885.2600594
10.687,21.25,21,12.125,1783544944.620058
10.687,21.312,21,12.125,1783545004.9720337
10.687,21.312,21,12.187,1783545065.3240733
10.687,21.312,21,12.125,1783545125
10.687,21.25,21,12.125,1783545185.0999749
10.687,21.25,21,12.125,1783545244.4600494
10.687,21.312,21,12.125,1783545304.812068
10.687,21.25,21,12.125,1783545365.1639833
10.687,21.312,21,12.125,1783545424.4920528
10.75,21.25,21,12.125,1783545484.9080637
10.75,21.25,21,12.125,1783545545.2600524
10.75,21.312,21,12.125,1783545604.6200526
10.75,21.25,21,12.125,1783545664.9720457
10.687,21.25,21,12.062,1783545725.3240528
10.687,21.312,21,12.062,1783545784.6840558
10.687,21.25,21,12.062,1783545845.0999763
10.687,21.25,21,12.062,1783545904.460061
10.687,21.25,21,12.062,1783545964.8440604
10.625,21.25,21,12.062,1783546025.196073
10.625,21.25,21,12.062,1783546084.492522
10.625,21.25,20.937,12.062,1783546144.8760526
10.687,21.25,21,12.062,1783546205.2000756
10.687,21.312,21,12.062,1783546264.5880575
10.625,21.312,21,12.062,1783546324.9400535
10.687,21.25,21,12.062,1783546385.292065
10.625,21.25,21,12.062,1783546444.588493
10.625,21.25,21,12.062,1783546504.9720337
10.625,21.25,21,12,1783546565.3240643
10.625,21.25,21,12,1783546624.7480633
10.625,21.312,21,12,1783546685.0999792
10.562,21.25,21,12,1783546744.4600477
10.562,21.25,21,12,1783546804.8440661
10.562,21.25,21,12,1783546865.1960614
10.562,21.312,21,12,1783546924.5560534
10.562,21.25,21,12.062,1783546984.9720345
10.562,21.25,21,12,1783547045.3560503
10.562,21.25,21,12,1783547105
10.562,21.25,21,12,1783547165.0360029
10.562,21.312,21,12,1783547224.3960469
10.562,21.312,21,12,1783547284.7480636
10.5,21.25,21,12,1783547345.1639748
10.5,21.25,21,12,1783547404.5240505
10.5,21.25,21,12,1783547464.876052
10.5,21.312,21,11.937,1783547525.228067
10.5,21.25,21,11.937,1783547584.5880554
10.437,21.25,21,12,1783547644.940047
10.437,21.25,21,11.937,1783547705.2920566
10.437,21.25,21,11.937,1783547764.6840537
10.375,21.25,21,11.937,1783547825.0359895
10.312,21.25,21,11.875,1783547884.3960702
10.312,21.25,21,11.875,1783547944.7480497
10.312,21.25,21,11.875,1783548005.0999856
10.312,21.25,21,11.875,1783548064.524047
10.312,21.25,21,11.875,1783548124.8760686
10.312,21.25,21,11.875,1783548185.228057
10.312,21.25,21,11.875,1783548244.5880513
10.312,21.25,21,11.875,1783548304.9400673
10.312,21.25,21,11.875,1783548365.2280655
10.312,21.25,21,11.875,1783548424.652066
10.312,21.25,21,11.875,1783548485.003996
10.312,21.25,21,11.875,1783548544.3005004
10.312,21.25,21,11.875,1783548604.6840723
10.375,21.25,21,11.875,1783548664.9724607
10.375,21.25,21,11.875,1783548724.3640647
10.312,21.25,21,11.875,1783548784.780056
10.312,21.25,21,11.875,1783548845.1319792
10.312,21.25,21,11.875,1783548904.4920523
10.312,21.25,21,11.875,1783548964.8440537
10.312,21.25,21,11.875,1783549025.1323712
10.312,21.25,21,11.875,1783549084.5240595
10.312,21.25,21,11.875,1783549144.940073
10.312,21.25,21,11.875,1783549205.2920568
10.375,21.25,21,11.812,1783549264.6520681
10.312,21.25,21,11.875,1783549325.003982
10.375,21.25,21,11.875,1783549384.364046
10.375,21.25,21,11.875,1783549444.6520674
10.375,21.25,21,11.875,1783549505.067983
10.375,21.25,20.937,11.875,1783549564.4280539
10.375,21.25,21,11.875,1783549624.7800436
10.375,21.25,21,11.875,1783549685.1319776
10.375,21.25,20.937,11.875,1783549744.492051
10.375,21.25,21,11.875,1783549804.8440528
10.375,21.25,21,11.875,1783549865.196069
10.437,21.25,21,11.875,1783549924.5880563
10.437,21.25,21,11.875,1783549985
10.437,21.25,21,11.875,1783550045.228501
10.5,21.25,21,11.875,1783550104.5245273
10.437,21.25,21,11.875,1783550164.9080539
10.5,21.25,21,11.875,1783550225.2605374
10.5,21.25,21,11.875,1783550284.6844912
10.5,21.25,21,11.875,1783550345.0679893
10.437,21.187,21,11.875,1783550404.4285028
10.5,21.25,21,11.875,1783550464.7485034
10.5,21.25,21,11.875,1783550525.0683749
10.437,21.25,20.937,11.875,1783550584.3960502
10.437,21.25,21,11.875,1783550644.8120706
10.437,21.25,21,11.875,1783550705.1639903
10.5,21.25,21,11.875,1783550764.5240672
10.5,21.25,21,11.875,1783550824.8125255
10.5,21.25,21,11.875,1783550885.2000687
10.5,21.25,21,11.875,1783550944.556057
10.562,21.25,21,11.875,1783551004.972036
10.5,21.187,20.937,11.875,1783551065.3240552
10.562,21.25,20.937,11.875,1783551124.6205187
10.562,21.187,21,11.875,1783551185.0039825
10.5,21.187,21,11.812,1783551244.3000717
10.5,21.25,21,11.875,1783551304.6520593
10.5,21.187,21,11.812,1783551365.0999825
10.5,21.25,21,11.812,1783551424.4600573
10.5,21.25,21,11.812,1783551484.8120642
10.5,21.25,21,11.812,1783551545.1003685
10.437,21.25,21,11.812,1783551604.4920673
10.437,21.25,21,11.812,1783551664.844065
10.437,21.25,21,11.812,1783551725.1960714
10.375,21.25,21,11.812,1783551784.588068
10.312,21.25,21,11.75,1783551844.9400642
10.312,21.25,21,11.812,1783551905.2285225
10.312,21.25,21,11.75,1783551964.6200552
10.25,21.25,21,11.75,1783552024.9720435
10.312,21.25,21,11.75,1783552085.3240538
10.25,21.25,21,11.75,1783552144.7480578
10.312,21.25,21,11.75,1783552205.0999835
10.312,21.25,21,11.75,1783552264.4600701
10.312,21.25,21,11.75,1783552324.812057
10.25,21.25,20.937,11.75,1783552385.1639812
10.312,21.25,21,11.75,1783552444.5240617
10.25,21.187,21,11.75,1783552504.9400532
10.25,21.25,21,11.75,1783552565.2920659
10.25,21.25,20.937,11.75,1783552624.6520553
10.25,21.187,21,11.687,1783552685.0039845
10.187,21.25,21,11.687,1783552744.3640711
10.187,21.25,21,11.687,1783552804.7160685
10.187,21.25,21,11.687,1783552865.1319818
10.125,21.25,21,11.687,1783552924.4920495
10.125,21.25,20.937,11.687,1783552984.844058
10.187,21.25,21,11.687,1783553045.196073
10.062,21.25,21,11.687,1783553104.492516
10.062,21.25,20.937,11.625,1783553164.8760674
10,21.25,21,11.687,1783553225.1960628
9.875,21.25,21,11.625,1783553284.5880609
9.812,21.25,21,11.562,1783553344.940053
9.75,21.25,21,11.562,1783553405.2920594
9.687,21.25,21,11.5,1783553464.5884914
9.625,21.25,21,11.437,1783553524.9080637
9.625,21.25,20.937,11.437,1783553585.2600594
9.562,21.25,20.937,11.437,1783553644.6840723
9.625,21.25,20.937,11.375,1783553705.035984
9.562,21.25,20.937,11.375,1783553764.3960576
9.562,21.25,21,11.375,1783553824.6845195
9.5,21.25,20.937,11.312,1783553885.0043824
9.562,21.25,21,11.312,1783553944.3640492
9.5,21.25,20.937,11.312,1783554004.7800646
9.5,21.187,20.937,11.25,1783554065.1319778
9.5,21.25,21,11.25,1783554124.4920475
9.437,21.25,21,11.187,1783554184.8440647
9.437,21.25,20.937,11.187,1783554245.1960607
9.437,21.187,21,11.187,1783554304.5560539
9.375,21.187,21,11.187,1783554364.9720373
9.437,21.187,21,11.125,1783554425.3240676
9.375,21.187,20.937,11.125,1783554484.6840634
9.375,21.187,20.937,11.125,1783554545.0359817
9.437,21.25,21,11.125,1783554604.3960655
9.375,21.25,20.937,11.125,1783554664.7480702
9.375,21.187,20.937,11.125,1783554725.163983
9.437,21.25,20.937,11.062,1783554784.5245047
9.437,21.25,20.937,11.062,1783554844.876066
9.5,21.187,21,11.125,1783554905.2600665
9.437,21.25,20.937,11.062,1783554964.5564957
9.5,21.25,20.937,11.125,1783555025
9.5,21.187,20.937,11.125,1783555085.2920597
9.562,21.187,20.937,11.125,1783555144.6840591
9.562,21.25,20.937,11.125,1783555205.0359948
9.5,21.25,21,11.125,1783555264.3960562
9.5,21.25,20.937,11.125,1783555324.7480707
9.375,21.25,20.937,11.125,1783555385.0999703
9.312,21.187,20.937,11.062,1783555444.5240579
9.312,21.187,21,11.062,1783555504.876056
9.312,21.187,20.937,11.062,1783555565.2280579
9.312,21.25,20.937,11.062,1783555624.5244994
9.312,21.187,20.937,11.062,1783555684.9080591
9.312,21.25,21,11.062,1783555745.260048
9.312,21.187,20.937,11.062,1783555804.6840684
9.25,21.187,20.937,11.062,1783555865.0399952
9.25,21.25,21,11.062,1783555924.3960686
9.25,21.187,20.937,11.062,1783555984.748052
9.312,21.187,20.937,11.062,1783556045.0999782
9.312,21.187,21,11,1783556104.4600482
9.312,21.25,20.937,11,1783556165
9.312,21.187,20.937,11,1783556225.2280474
9.312,21.187,20.937,11,1783556284.588049
9.312,21.187,21,11,1783556344.8764837
9.312,21.187,21,11,1783556405.260046
9.25,21.25,20.937,11,1783556464.556056
9.25,21.25,20.937,11,1783556524.972033
9.25,21.25,21,11,1783556585.3240554
9.312,21.187,20.937,11,1783556644.6840615
9.312,21.187,20.937,11,1783556705.0359778
9.312,21.187,20.937,11,1783556764.3320642
9.312,21.187,20.937,11,1783556824.6840582
9.312,21.187,20.937,11.062,1783556885.1003826
9.25,21.187,20.937,11.062,1783556944.492062
9.25,21.187,20.937,11,1783557004.8440635
9.25,21.187,20.937,11.062,1783557065.1960595
9.187,21.187,20.937,11,1783557125
9.25,21.25,20.937,11.062,1783557184.9080698
9.187,21.187,20.937,11,1783557245.2280476
9.187,21.187,20.937,11.062,1783557304.620061
9.187,21.187,20.937,11.062,1783557364.972035
9.187,21.187,20.937,11.062,1783557425.3240683
9.187,21.187,20.937,11.062,1783557484.620547
9.125,21.187,20.937,11.062,1783557544.9400668
9.125,21.187,20.937,11.062,1783557605.2280555
9.187,21.187,20.937,11.062,1783557664.6520586
9.125,21.187,21,11.062,1783557725.0039897
9.125,21.187,20.937,11.062,1783557784.3640614
9.062,21.187,20.937,11.062,1783557844.7160552
9.062,21.187,20.937,11.062,1783557905.0679772
9.062,21.187,20.937,11,1783557964.4280477
9.062,21.187,20.937,11.062,1783558024.8440537
9.125,21.187,20.937,11,1783558085.196071
9.125,21.187,20.937,11,1783558144.556056
9.062,21.187,20.937,11,1783558205
9.062,21.187,20.937,11,1783558265.2600505
9.062,21.187,20.937,11,1783558325
9.062,21.187,20.937,10.937,1783558384.9720337
9.062,21.125,20.937,10.937,1783558445.3560698
9.062,21.187,20.937,10.937,1783558504.7160685
9.062,21.187,20.937,10.937,1783558565.0044281
9.062,21.187,20.937,10.937,1783558624.3000658
9.125,21.187,20.937,10.937,1783558684.6520684
9.062,21.187,20.937,10.875,1783558745.0679846
9.062,21.125,20.937,10.875,1783558804.4280577
9.062,21.187,20.937,10.875,1783558864.780047
9,21.187,20.937,10.812,1783558925.1639886
9.062,21.187,20.937,10.812,1783558984.460499
9.062,21.187,20.937,10.812,1783559044.8440716
9.062,21.187,20.937,10.812,1783559105.163977
9.062,21.187,20.875,10.75,1783559164.556064
9,21.187,20.937,10.75,1783559224.9080667
9,21.187,20.937,10.75,1783559285.2600634
9,21.187,20.937,10.75,1783559344.620062
9,21.125,20.937,10.75,1783559404.9720356
9,21.187,20.937,10.75,1783559465.324071
9,21.187,20.937,10.75,1783559524.7480648
9,21.125,20.937,10.687,1783559585.0999768
9,21.187,20.937,10.75,1783559644.460061
9,21.125,20.937,10.687,1783559704.8120656
9,21.187,20.937,10.687,1783559765.1639748
9,21.125,20.937,10.687,1783559824.5244887
9,21.187,20.937,10.687,1783559884.9400716
9,21.125,20.937,10.625,1783559945.2920527
8.937,21.187,20.937,10.687,1783560004.6520638
8.937,21.187,20.937,10.625,1783560065
8.937,21.125,20.937,10.625,1783560124.3000693
8.937,21.125,20.937,10.625,1783560184.652511
9,21.125,20.937,10.625,1783560245.0999718
9,21.125,20.937,10.625,1783560304.4600642
9,21.187,20.937,10.625,1783560364.8125176
9,21.187,20.937,10.625,1783560425.196072
9.062,21.125,20.937,10.625,1783560484.5560586
8.937,21.125,20.937,10.625,1783560544.8440528
9,21.125,20.937,10.625,1783560605.1960742
9,21.187,20.937,10.687,1783560664.5880692
9,21.125,20.937,10.687,1783560724.9400518
8.937,21.125,20.875,10.687,1783560785.292048
9,21.125,20.937,10.687,1783560844.652523
8.937,21.125,20.875,10.687,1783560904.9720414
8.937,21.125,20.937,10.687,1783560965.324067
8.937,21.125,20.937,10.687,1783561024.748068
8.937,21.187,20.875,10.75,1783561085.099986
8.937,21.125,20.937,10.75,1783561144.4600651
9,21.125,20.875,10.75,1783561204.8120563
9,21.125,20.875,10.75,1783561265.1639755
9.062,21.125,20.875,10.75,1783561324.492063
9.125,21.125,20.875,10.75,1783561384.9080474
9.125,21.125,20.937,10.75,1783561445.2600667
9.125,21.125,20.875,10.812,1783561504.620071
9.125,21.125,20.875,10.75,1783561565.0039828
9.187,21.125,20.875,10.75,1783561624.3004782
9.125,21.125,20.937,10.812,1783561684.6840632
9.187,21.125,20.937,10.812,1783561745.0999773
9.25,21.125,20.875,10.812,1783561804.4600573
9.25,21.125,20.875,10.812,1783561864.8120697
9.25,21.125,20.875,10.812,1783561925.196075
9.25,21.125,20.875,10.812,1783561984.5560672
9.312,21.187,20.875,10.812,1783562044.9080687
9.25,21.125,20.937,10.875,1783562105.2600696
9.25,21.125,20.875,10.812,1783562164.6520677
9.25,21.125,20.875,10.875,1783562225.0039964
9.25,21.125,20.937,10.875,1783562284.3640597
9.25,21.125,20.875,10.875,1783562344.7160668
9.312,21.125,20.875,10.875,1783562405.0039845
9.312,21.125,20.875,10.875,1783562464.4280572
9.312,21.125,20.875,10.875,1783562524.7800508
9.312,21.125,20.875,10.875,1783562585.131983
9.25,21.125,20.875,10.875,1783562644
9.312,21.125,20.875,10.875,1783562704.844062
9.312,21.125,20.875,10.875,1783562765.196068
9.312,21.125,20.875,10.812,1783562824.6200657
9.375,21.125,20.875,10.875,1783562884.9720485
9.375,21.125,20.875,10.812,1783562945.3240685
9.312,21.125,20.875,10.875,1783563004.620526
9.25,21.125,20.875,10.875,1783563064.940493
9.312,21.062,20.875,10.875,1783563125.2600627
9.375,21.125,20.875,10.875,1783563184.6840591
9.375,21.062,20.875,10.875,1783563245.0360012
9.375,21.125,20.875,10.875,1783563304.3960602
9.437,21.125,20.875,10.875,1783563364.748065
9.375,21.125,20.875,10.875,1783563425.0363753
9.437,21.125,20.875,10.812,1783563484.4280658
9.375,21.125,20.875,10.812,1783563544.844055
9.312,21.125,20.875,10.812,1783563605.1960814
9.375,21.125,20.875,10.812,1783563664.5560567
9.375,21.125,20.875,10.875,1783563724.9080534
9.375,21.125,20.875,10.875,1783563785.260063
9.312,21.125,20.875,10.812,1783563844.5560658
9.375,21.125,20.875,10.812,1783563904.9720328
9.375,21.125,20.875,10.812,1783563965.3240707
9.375,21.125,20.875,10.812,1783564024.6840732
9.375,21.125,20.875,10.812,1783564085.0359704
9.375,21.125,20.875,10.875,1783564144.3960583
9.375,21.125,20.875,10.812,1783564204.7480545
9.312,21.125,20.875,10.812,1783564265.204061
9.375,21.125,20.875,10.812,1783564324.5560591
9.312,21.125,20.875,10.812,1783564384.9400597
9.375,21.125,20.875,10.875,1783564445.2920618
9.375,21.125,20.875,10.812,1783564504.6524856
9.437,21.125,20.875,10.875,1783564564.9720325
9.437,21.125,20.875,10.875,1783564625.324069
9.437,21.062,20.875,10.875,1783564684.7160609
9.437,21.062,20.875,10.875,1783564745.0679913
9.375,21.125,20.875,10.875,1783564804.364495
9.312,21.125,20.875,10.875,1783564864.7160587
9.375,21.125,20.875,10.875,1783564925.0039856
9.375,21.125,20.875,10.875,1783564984.4280593
9.312,21.125,20.875,10.875,1783565044.8120697
9.375,21.125,20.875,10.875,1783565105.163979
9.312,21.062,20.875,10.875,1783565164.5240674
9.375,21.062,20.875,10.875,1783565224.8760543
9.375,21.125,20.875,10.875,1783565285.2280574
9.437,21.062,20.875,10.875,1783565344.6520545
9.5,21.062,20.875,10.875,1783565405.003986
9.437,21.125,20.875,10.875,1783565464.3005261
9.375,21.062,20.875,10.812,1783565524.6840696
9.437,21.062,20.875,10.812,1783565584.9724684
9.437,21.062,20.875,10.812,1783565644.3640687
9.437,21.062,20.875,10.812,1783565705
9.375,21.062,20.875,10.812,1783565765
9.375,21.062,20.875,10.75,1783565824.4920533
9.375,21.062,20.875,10.75,1783565884.844067
9.437,21.062,20.875,10.75,1783565945.196074
9.375,21.125,20.875,10.75,1783566004.5565038
9.375,21.125,20.812,10.75,1783566065.0040088
9.312,21.125,20.875,10.687,1783566124.3640666
9.312,21.125,20.875,10.687,1783566184.7160664
9.312,21.125,20.875,10.687,1783566245.0043998
9.312,21.125,20.875,10.687,1783566304.3640556
9.312,21.062,20.875,10.687,1783566364.7160556
9.375,21.125,20.875,10.687,1783566425.0679827
9.375,21.125,20.812,10.687,1783566484.4600582
9.437,21.062,20.875,10.687,1783566544.8120563
9.437,21.125,20.875,10.687,1783566605.1639833
9.375,21.125,20.875,10.687,1783566664.5240636
9.312,21.125,20.875,10.687,1783566724.8760605
9.25,21.062,20.875,10.687,1783566785.2280514
9.187,21.125,20.812,10.687,1783566844.652052
9.25,21.125,20.812,10.687,1783566905.0039804
9.187,21.062,20.875,10.687,1783566964.3005037
9.062,21.125,20.812,10.687,1783567024.6840522
9.062,21.062,20.875,10.687,1783567085.0359921
9,21.062,20.812,10.687,1783567144.3320568
9,21.125,20.812,10.625,1783567204.7480645
8.937,21.062,20.875,10.687,1783567265.0999808
8.937,21.125,20.812,10.625,1783567324.4600472
8.937,21.062,20.875,10.625,1783567384.748517
8.937,21.062,20.812,10.625,1783567445.0683858
8.937,21.062,20.812,10.625,1783567504.460061
9,21.062,20.812,10.625,1783567564.876053
8.937,21.062,20.812,10.625,1783567625.2280583
9,21.062,20.812,10.625,1783567684.5880575
9,21.062,20.875,10.625,1783567744.9400642
9,21.062,20.812,10.625,1783567805.2920496
9,21.062,20.812,10.625,1783567864.6525242
9,21.062,20.812,10.625,1783567925.099988
9,21.062,20.812,10.625,1783567984.4600518
9,21.062,20.812,10.625,1783568044.8120685
9,21.062,20.812,10.687,1783568105.100391
9.062,21.125,20.812,10.625,1783568164.4600568
9.062,21.062,20.812,10.687,1783568224.8120546
9.062,21.125,20.812,10.687,1783568285.1639755
9.062,21.125,20.812,10.687,1783568344.5560694
9.062,21.125,20.812,10.687,1783568404.9080591
9.125,21.062,20.812,10.687,1783568465.260068
9.187,21.062,20.812,10.625,1783568525
9.187,21.062,20.812,10.687,1783568584.9080656
9.125,21.062,20.812,10.625,1783568645.200067
9.187,21.125,20.812,10.625,1783568704.5880527
9.187,21.062,20.812,10.625,1783568764.9400723
9.187,21.062,20.812,10.687,1783568825.2920628
9.187,21.125,20.812,10.625,1783568884.6520658
9.187,21.062,20.812,10.687,1783568945.0039842
9.25,21.062,20.812,10.625,1783569004.4280643
9.25,21.062,20.812,10.687,1783569064.7800562
9.187,21.062,20.812,10.687,1783569125.1319702
9.187,21.062,20.812,10.687,1783569184.4920511
9.187,21.062,20.812,10.687,1783569244.8440547
9.25,21.062,20.812,10.687,1783569305.1960754
9.312,21.062,20.812,10.687,1783569364.6200535
9.25,21.062,20.812,10.687,1783569424.9720392
9.062,21.062,20.812,10.687,1783569485.324058
9,21.062,20.812,10.625,1783569544.684071
9,21.062,20.812,10.625,1783569605.035999
9,21.062,20.812,10.625,1783569664.3960555
8.937,21.125,20.812,10.625,1783569724.8120651
9,21.062,20.812,10.625,1783569785.163978
9,21.125,20.812,10.562,1783569844.4604826
9.062,21.062,20.812,10.562,1783569904.8440607
9.062,21.062,20.812,10.562,1783569965.1323915
9.062,21.062,20.812,10.562,1783570024.524055
9.125,21.062,20.812,10.562,1783570084.9400647
9.062,21.062,20.812,10.5,1783570145.2920666
9.125,21.062,20.812,10.5,1783570204.6520574
9.125,21.062,20.812,10.5,1783570265.0359857
9.062,21.125,20.812,10.562,1783570324.3960667
9.062,21.062,20.812,10.562,1783570384.7480705
9.062,21.062,20.812,10.5,1783570445.163979
9,21.125,20.812,10.5,1783570504.524053
9,21.062,20.812,10.5,1783570564.8760648
9,21.062,20.812,10.5,1783570625.228053
9.062,21.062,20.812,10.5,1783570684.5880516
9.062,21.062,20.812,10.5,1783570744.940052
9.062,21.062,20.812,10.5,1783570805.2600648
9.062,21.062,20.812,10.5,1783570864.6520598
9.062,21.062,20.812,10.5,1783570925.0039942
9.062,21.062,20.812,10.5,1783570984.364061
9.062,21.062,20.812,10.5,1783571044.7160676
9,21.062,20.812,10.5,1783571105.0039833
9,21.125,20.812,10.437,1783571164.4280667
9,21.062,20.812,10.437,1783571224.7800498
9.062,21.062,20.812,10.437,1783571285.131972
9.062,21.062,20.812,10.437,1783571344.4920526
9.062,21.062,20.812,10.437,1783571404.7804677
9.062,21.062,20.812,10.437,1783571465.163975
9.062,21.062,20.812,10.437,1783571524.588062
9.062,21.062,20.812,10.375,1783571584.9400558
9.062,21.062,20.812,10.375,1783571645.2920723
9.062,21.062,20.812,10.437,1783571704.6520681
9.125,21.062,20.812,10.437,1783571765.0039814
9.125,21.062,20.812,10.437,1783571824.364062
9.125,21.062,20.812,10.437,1783571884.780061
9.125,21.062,20.812,10.437,1783571945
9.187,21.062,20.812,10.375,1783572004.4284945
9.187,21.125,20.812,10.437,1783572064.812499
9.187,21.062,20.812,10.375,1783572125.132386
9.125,21.125,20.812,10.375,1783572184.4600697
9.187,21.125,20.812,10.312,1783572244.8760521
9.187,21.125,20.812,10.312,1783572305.2280583
9.187,21.062,20.812,10.312,1783572364.5880666
9.125,21.062,20.812,10.25,1783572424.876521
9.187,21.062,20.812,10.25,1783572485.2600713
9.187,21.062,20.812,10.25,1783572545
9.187,21.062,20.812,10.187,1783572605.0359886
9.25,21.062,20.812,10.187,1783572664.3960516
9.25,21.062,20.812,10.187,1783572724.7480583
9.25,21.125,20.812,10.187,1783572785.099988
9.25,21.125,20.812,10.187,1783572844.4600558
9.25,21.062,20.812,10.187,1783572904.8120701
9.25,21.062,20.812,10.187,1783572965.1319828
9.25,21.062,20.812,10.125,1783573024.528061
9.25,21.062,20.812,10.125,1783573084.876055
9.25,21.125,20.812,10.125,1783573145.1643825
9.187,21.125,20.812,10.125,1783573204.556063
9.187,21.125,20.812,10.125,1783573264.9080455
9.187,21.125,20.812,10.125,1783573325.260067
9.187,21.125,20.812,10.062,1783573384.6840618
9.125,21.062,20.75,10.062,1783573445.0359805
9.125,21.062,20.812,10.062,1783573504.3960562
9.125,21.062,20.75,10.062,1783573564.7480652
9.125,21.062,20.812,10.062,1783573625.099982
9.125,21.125,20.812,10.062,1783573684.4605122
9.062,21.062,20.812,10.062,1783573744.9080584
9.062,21.062,20.812,10.062,1783573805.2600515
9.062,21.062,20.75,10,1783573864.6200523
9.062,21.062,20.812,10,1783573924.9720302
9.062,21.062,20.812,10,1783573985.324063
9.062,21.062,20.75,10,1783574044.6840515
9.062,21.062,20.812,10,1783574105.0999756
9.125,21.062,20.812,9.937,1783574164.4604962
9.125,21.062,20.812,9.937,1783574224.8440464
9.125,21.062,20.75,9.937,1783574285.200052
9.125,21.125,20.812,9.937,1783574344.5560658
9.125,21.125,20.812,10,1783574404.9080682
9.125,21.125,20.812,10,1783574465.1960695
9.187,21.125,20.75,10,1783574524.5880554
9.187,21.125,20.812,10.062,1783574584.940067
9.187,21.062,20.75,10.062,1783574645.232503
9.187,21.125,20.812,10.062,1783574704.6200686
9.187,21.125,20.75,10,1783574764.9720283
9.125,21.125,20.812,10.062,1783574825.324055
9.125,21.125,20.75,10.062,1783574884.7480655
9.125,21.125,20.812,10,1783574945.0999784
9.125,21.125,20.812,10.062,1783575004.4600606
9.187,21.125,20.812,10.062,1783575065
9.187,21.125,20.812,10.062,1783575125.1960766
9.25,21.125,20.812,10.125,1783575184.556055
9.375,21.125,20.75,10.125,1783575244.972037
9.437,21.125,20.812,10.187,1783575305.3240576
9.437,21.125,20.812,10.187,1783575364.6840708
9.5,21.125,20.812,10.187,1783575425.0359774
9.5,21.125,20.812,10.312,1783575484.3960493
9.562,21.125,20.812,10.312,1783575544.7480624
9.625,21.125,20.75,10.375,1783575605.1639657
9.687,21.125,20.812,10.375,1783575664.5240588
9.625,21.125,20.812,10.437,1783575724.8760676
9.625,21.125,20.812,10.437,1783575785.1643796
9.625,21.125,20.812,10.437,1783575844.4925172
9.562,21.125,20.812,10.437,1783575904.8760579
9.625,21.125,20.812,10.437,1783575965.1960642
9.625,21.187,20.75,10.5,1783576024.5880597
9.687,21.125,20.812,10.5,1783576084.9400542
9.687,21.125,20.812,10.5,1783576145.2920504
9.687,21.125,20.75,10.5,1783576204.6520708
9.75,21.125,20.812,10.5,1783576264.9400554
9.75,21.187,20.812,10.562,1783576325.2920656
9.812,21.187,20.812,10.562,1783576384.716057
9.812,21.187,20.812,10.562,1783576445.0679834
9.875,21.187,20.812,10.625,1783576504.4280524
9.937,21.187,20.812,10.625,1783576564.7800448
10,21.125,20.812,10.625,1783576625.1319745
10,21.187,20.812,10.625,1783576684.428054
10,21.187,20.812,10.687,1783576744.8440688
10.062,21.187,20.812,10.687,1783576805.1960723
10.125,21.187,20.812,10.75,1783576864.556058
10.125,21.187,20.812,10.75,1783576924.908065
10.187,21.187,20.75,10.75,1783576985.1967318
10.187,21.187,20.812,10.812,1783577044.5880551
10.187,21.187,20.812,10.812,1783577105.0359876
10.25,21.187,20.812,10.875,1783577164.396054
10.187,21.187,20.812,10.875,1783577224.7480695
10.25,21.187,20.812,10.875,1783577285.0999844
10.312,21.187,20.75,10.875,1783577344.4605367
10.375,21.187,20.812,10.937,1783577404.8440676
10.437,21.187,20.812,10.937,1783577465.1643672
10.437,21.25,20.812,10.937,1783577524.5880694
10.5,21.25,20.75,11,1783577584.9400675
10.562,21.25,20.812,11,1783577645.2284849
10.625,21.25,20.812,11.062,1783577704.6200516
10.625,21.25,20.812,11.062,1783577764.972036
10.562,21.25,20.812,11,1783577825.3240492
10.5,21.25,20.812,11.062,1783577884.7480648
10.5,21.25,20.812,11.062,1783577945.0999784
10.5,21.25,20.812,11,1783578004.4600523
10.437,21.25,20.812,11,1783578064.812063
10.437,21.25,20.812,11,1783578125.1003704
10.375,21.25,20.812,11,1783578184.4280503
10.375,21.25,20.812,11,1783578244.844064
10.375,21.25,20.812,11,1783578305.1960678
10.312,21.25,20.812,11,1783578364.5560548
10.312,21.25,20.812,11,1783578424.908049
10.25,21.25,20.812,11,1783578485.1966777
10.25,21.25,20.812,11,1783578544.5240612
10.312,21.312,20.812,11,1783578604.9400656
10.375,21.312,20.812,11,1783578665.292053
10.312,21.312,20.812,11,1783578724.5885036
10.312,21.312,20.812,11,1783578784.9085028
10.312,21.312,20.812,11,1783578845.2324703
10.25,21.312,20.812,11,1783578904.5560539
10.312,21.312,20.812,11,1783578964.9720414
10.25,21.312,20.812,11,1783579025.3240585
10.187,21.312,20.812,11,1783579084.6840572
10.125,21.312,20.812,11,1783579145.0359807
10.187,21.312,20.812,11,1783579204.3960497
10.25,21.312,20.812,11,1783579264.7480638
10.25,21.312,20.875,11,1783579325.1639693
10.25,21.312,20.812,11,1783579384.5240495
10.25,21.375,20.812,11,1783579444.8760626
10.25,21.375,20.812,11,1783579505.2280622
10.312,21.375,20.875,11,1783579564.5880473
10.312,21.375,20.812,11,1783579624.9400475
10.437,21.375,20.812,11,1783579685
10.375,21.375,20.812,11.062,1783579744.6840608
10.312,21.375,20.812,11,1783579805.036387
10.312,21.375,20.812,11,1783579864.3645046
10.437,21.375,20.875,11,1783579924.7485032
10.375,21.375,20.875,11.062,1783579985.1319823
10.25,21.437,20.875,11.062,1783580044.556057
10.312,21.437,20.812,11,1783580104.9080548
10.312,21.437,20.875,11.062,1783580165.2920585
10.312,21.375,20.875,11.062,1783580224.5885115
10.312,21.437,20.875,11.062,1783580284.9720316
10.375,21.437,20.875,11.062,1783580345.260056
10.375,21.437,20.812,11.062,1783580404.6840653
10.375,21.375,20.875,11.125,1783580465.0359905
10.375,21.375,20.875,11.125,1783580524.332492
10.375,21.437,20.875,11.062,1783580584.7160685
10.375,21.375,20.875,11.062,1783580645.0679767
10.375,21.437,20.875,11.125,1783580704.4280531
10.375,21.375,20.875,11.125,1783580764.8440561
10.437,21.375,20.875,11.125,1783580825.1960547
10.375,21.437,20.875,11.125,1783580884.556065
10.437,21.437,20.875,11.125,1783580944.9080675
10.5,21.375,20.875,11.125,1783581005.2600496
10.5,21.437,20.875,11.187,1783581064.6200535
10.437,21.437,20.875,11.187,1783581125.0359826
10.437,21.437,20.875,11.187,1783581184.396052
10.5,21.437,20.875,11.187,1783581244.7480543
10.5,21.437,20.875,11.187,1783581305.0999827
10.562,21.437,20.875,11.25,1783581364.460057
10.5,21.437,20.875,11.187,1783581424.7480497
10.562,21.437,20.875,11.25,1783581485.067979
10.5,21.437,20.875,11.25,1783581544.4600656
10.5,21.437,20.875,11.25,1783581604.8120694
10.5,21.437,20.875,11.25,1783581665.163975
10.562,21.437,20.875,11.25,1783581724.5240645
10.562,21.375,20.875,11.25,1783581784.876058
10.625,21.437,20.875,11.25,1783581845.228053
10.625,21.375,20.875,11.312,1783581905
10.625,21.437,20.875,11.312,1783581965.0039854
10.687,21.437,20.875,11.312,1783582024.364064
10.625,21.375,20.875,11.312,1783582084.7160702
10.562,21.437,20.875,11.312,1783582145.0679843
10.625,21.375,20.875,11.312,1783582204
10.625,21.437,20.875,11.375,1783582264.8440585
10.562,21.437,20.875,11.312,1783582325.196071
10.562,21.437,20.875,11.375,1783582384.5560575
10.562,21.437,20.875,11.375,1783582444.908057
10.562,21.437,20.875,11.312,1783582505.2600644
10.625,21.5,20.875,11.312,1783582564.6200657
10.562,21.5,20.875,11.312,1783582625.0359979
10.562,21.5,20.875,11.375,1783582684.3960567
10.5,21.5,20.875,11.312,1783582744.748054
10.5,21.5,20.875,11.375,1783582805.099979
10.5,21.5,20.875,11.375,1783582864.460059
10.437,21.5,20.875,11.312,1783582924.8120618
10.437,21.5,20.875,11.312,1783582985.1639855
10.375,21.5,20.875,11.312,1783583044.5560656
10.312,21.5,20.875,11.312,1783583104.9080665
10.25,21.5,20.875,11.25,1783583165.2600727
10.25,21.5,20.875,11.25,1783583224.6200535
10.312,21.5,20.875,11.25,1783583284.972035
10.312,21.437,20.875,11.25,1783583345.3240635
10.312,21.5,20.937,11.25,1783583405
10.312,21.437,20.875,11.25,1783583465.0999737
10.312,21.437,20.875,11.312,1783583524.3964624
10.375,21.5,20.937,11.312,1783583584.7800484
10.437,21.5,20.937,11.312,1783583645.068384
10.5,21.437,20.937,11.375,1783583704.4600642
10.562,21.5,20.937,11.375,1783583764.876067
10.562,21.437,20.875,11.375,1783583825.2280712
10.562,21.5,20.875,11.375,1783583884.5880537
10.625,21.5,20.875,11.375,1783583944.9400668
10.687,21.437,20.875,11.437,1783584005.292064
10.687,21.5,20.875,11.437,1783584064.6520584
10.812,21.5,20.875,11.437,1783584125.0679755
10.812,21.5,20.875,11.5,1783584184.428059
10.875,21.5,20.875,11.5,1783584244.812057
10.812,21.437,20.875,11.5,1783584305.1639836
10.812,21.437,20.937,11.562,1783584364.5240715
10.812,21.5,20.937,11.562,1783584424.8760538
10.812,21.5,20.875,11.562,1783584485.1960568
10.812,21.437,20.937,11.562,1783584544.5880668
10.812,21.437,20.875,11.562,1783584604.9400518
10.75,21.437,20.937,11.562,1783584665.3240612
10.75,21.5,20.937,11.562,1783584724.6205144
10.75,21.437,20.937,11.562,1783584784.9400675
10.625,21.437,20.875,11.5,1783584845.292057
10.25,21.5,20.937,11.437,1783584904.7160685
10.062,21.437,20.875,11.375,1783584965.0684097
10,21.5,20.937,11.312,1783585024.4600575
9.937,21.5,20.937,11.312,1783585084.812053
9.875,21.437,20.875,11.25,1783585145.163973
9.687,21.437,20.937,11.187,1783585204.4600525
9.625,21.437,20.937,11.187,1783585264.8760524
9.625,21.437,20.937,11.125,1783585325.2280583
9.562,21.437,20.937,11.125,1783585384.524507
9.562,21.437,20.937,11.125,1783585444.9080682
9.5,21.437,20.937,11.125,1783585505.2600732
9.562,21.437,20.937,11.125,1783585564.5560708
9.625,21.437,20.937,11.125,1783585625.003976
9.625,21.437,20.937,11.125,1783585684.364063
9.75,21.437,20.937,11.125,1783585744.7160573
9.937,21.437,20.937,11.187,1783585805.004424
10.062,21.437,20.875,11.25,1783585864.3325012
10.125,21.437,20.875,11.25,1783585924.7160602
10.187,21.437,20.937,11.312,1783585985.0359828
10.312,21.375,20.937,11.312,1783586044.4280605
10.375,21.437,20.937,11.375,1783586104.780046
10.375,21.437,20.937,11.375,1783586165.131978
10.437,21.437,20.937,11.437,1783586224.492054
10.5,21.437,20.937,11.5,1783586284.8440585
10.5,21.375,20.937,11.5,1783586345.2320652
10.562,21.375,20.937,11.562,1783586404.6524982
10.562,21.437,20.937,11.562,1783586465.0359833
10.625,21.437,20.937,11.562,1783586524.3960497
10.625,21.375,20.937,11.625,1783586584.7480633
10.687,21.375,20.937,11.625,1783586645.0999773
10.75,21.375,20.937,11.625,1783586704.460067
10.75,21.437,20.937,11.625,1783586764.8760705
10.687,21.437,20.937,11.687,1783586825.228069
10.687,21.437,20.937,11.625,1783586884.588049
10.812,21.375,20.937,11.687,1783586944.9400485
10.75,21.375,20.937,11.625,1783587005.2284904
10.875,21.375,20.937,11.687,1783587064.620058
10.937,21.375,20.937,11.687,1783587125.0359735
10.937,21.375,20.937,11.687,1783587184.3960533
10.875,21.375,20.937,11.75,1783587244.7480621
11,21.375,20.937,11.75,1783587305.036401
11,21.375,20.937,11.75,1783587364.364531
11,21.375,20.937,11.812,1783587424.748054
11.062,21.375,20.937,11.812,1783587485.1639776
11.25,21.375,20.937,11.812,1783587544.5240722
11.312,21.375,20.937,11.875,1783587604.8760543
11.375,21.312,20.937,11.875,1783587665.228053
11.437,21.375,20.937,11.937,1783587724.588055
11.437,21.375,20.937,11.937,1783587784.940519
11.5,21.375,20.937,12,1783587845.3240495
11.5,21.375,20.937,12,1783587904.7480485
11.687,21.375,20.937,12,1783587965.099972
11.625,21.375,20.937,12.062,1783588024.4600565
11.562,21.375,20.937,12.062,1783588084.7484984
11.562,21.312,20.937,12.062,1783588145.1319785
11.625,21.312,20.937,12.062,1783588204.460068
11.75,21.312,20.937,12.125,1783588264.8760567
11.75,21.312,20.937,12.125,1783588325.2280748
11.75,21.312,20.937,12.187,1783588384.5880527
11.75,21.312,20.937,12.187,1783588444.9400523
11.812,21.312,20.937,12.187,1783588505.2920659
11.937,21.312,20.937,12.25,1783588564.6520643
12.062,21.312,20.937,12.25,1783588625.0679772
12.125,21.312,20.937,12.312,1783588684.4280574
12.125,21.312,20.937,12.375,1783588744.7800548
12.25,21.312,20.937,12.375,1783588805.1319857
12.25,21.312,20.937,12.437,1783588864
12.125,21.312,20.937,12.5,1783588924.8440554
12.125,21.312,20.937,12.5,1783588985.1639762
12.125,21.312,20.937,12.5,1783589044.5560608
12.062,21.312,20.937,12.5,1783589104.9080613
12.062,21.312,20.937,12.562,1783589165.1967447
11.937,21.25,20.937,12.5,1783589224.588057
11.937,21.312,20.875,12.5,1783589284.9400728
11.875,21.312,20.937,12.5,1783589345.2920597
11.75,21.25,20.937,12.5,1783589404.7160637
11.687,21.25,20.937,12.437,1783589465.0679743
11.625,21.25,20.937,12.437,1783589524.4280643
11.562,21.25,20.937,12.375,1783589584.7800434
11.562,21.25,20.937,12.375,1783589645.1319764
11.437,21.25,20.937,12.312,1783589704.4920626
11.25,21.25,20.875,12.312,1783589765
10.937,21.25,20.937,12.25,1783589825.2600706
10.437,21.25,20.875,12.187,1783589884.5564961
10.062,21.25,20.937,12.062,1783589944.8765292
9.875,21.25,20.875,12,1783590005.1967075
9.812,21.25,20.875,11.875,1783590064.5880573
9.75,21.187,20.937,11.875,1783590125
9.75,21.25,20.875,11.812,1783590184.364056
9.75,21.187,20.875,11.812,1783590244.7160735
9.875,21.25,20.875,11.812,1783590305.0679784
9.937,21.187,20.875,11.812,1783590364.4280524
10.125,21.187,20.937,11.812,1783590424.7800412
10.187,21.187,20.937,11.875,1783590485.0999806
10.25,21.187,20.937,11.875,1783590544.4920714
10.312,21.187,20.875,11.875,1783590604.8440669
10.312,21.25,20.875,11.875,1783590665.1960628
10.437,21.187,20.875,11.875,1783590724.556068
10.437,21.187,20.875,11.937,1783590784.9080505
10.5,21.187,20.875,11.937,1783590845
10.5,21.187,20.875,11.937,1783590905
10.5,21.187,20.875,11.937,1783590965.035974
10.625,21.187,20.875,12,1783591024.396051
10.625,21.187,20.875,12,1783591084.7480514
10.75,21.187,20.875,12,1783591145.100375
10.75,21.187,20.875,12,1783591204.4924746
10.75,21.187,20.875,12.062,1783591264.9400473
10.75,21.187,20.875,12.062,1783591325.2920537
10.875,21.187,20.875,12.125,1783591384.6520658
11.062,21.187,20.875,12.125,1783591445.0039825
11.125,21.187,20.875,12.187,1783591504.3640518
11.25,21.187,20.875,12.187,1783591564.7160552
11.375,21.187,20.875,12.25,1783591625.131975
11.5,21.187,20.875,12.312,1783591684.492053
11.625,21.125,20.875,12.375,1783591744.8440695
11.625,21.125,20.875,12.437,1783591805.200073
11.812,21.187,20.875,12.437,1783591864.5564902
11.937,21.187,20.875,12.5,1783591924.8760488
12.062,21.125,20.875,12.562,1783591985.2000587
11.937,21.187,20.875,12.562,1783592044.5880585
11.937,21.187,20.875,12.625,1783592104.940048
11.687,21.187,20.875,12.625,1783592165.2920697
11.625,21.187,20.875,12.625,1783592224.6520686
11.625,21.187,20.875,12.625,1783592285.003978
11.687,21.125,20.875,12.625,1783592344.428052
11.875,21.125,20.875,12.687,1783592404.7800462
11.937,21.187,20.875,12.687,1783592465.1319745
11.937,21.187,20.812,12.687,1783592524.4920487
12.062,21.187,20.875,12.687,1783592584.876057
12.125,21.187,20.812,12.687,1783592645.2280548
11.937,21.187,20.875,12.687,1783592704.6520624
11.812,21.187,20.875,12.687,1783592765.0040007
11.75,21.187,20.875,12.687,1783592824.3640628
11.875,21.187,20.875,12.75,1783592884.7160606
11.875,21.125,20.812,12.687,1783592945.0679793
11.75,21.125,20.875,12.687,1783593004.428063
11.812,21.125,20.812,12.687,1783593065
11.937,21.125,20.875,12.625,1783593125.1960778
11.875,21.187,20.812,12.625,1783593184.5560513
11.875,21.125,20.812,12.687,1783593244.9400532
12.062,21.125,20.812,12.687,1783593305.2920568
12.187,21.125,20.812,12.75,1783593364.5880532
12.125,21.125,20.812,12.75,1783593425.0039992
12,21.125,20.875,12.687,1783593484.364056
11.875,21.125,20.875,12.687,1783593544.7160683
12,21.187,20.812,12.687,1783593605.0679739
11.937,21.187,20.812,12.687,1783593664.3645182
11.937,21.187,20.812,12.687,1783593724.7480624
11.875,21.125,20.812,12.687,1783593785.0999792
12.062,21.125,20.812,12.687,1783593844.4920728
12.125,21.125,20.812,12.687,1783593904.8440669
12.25,21.187,20.812,12.687,1783593965.132369
12.187,21.187,20.812,12.75,1783594024.460528
12.312,21.125,20.812,12.75,1783594084.844059
12.25,21.187,20.875,12.687,1783594145.1960716
12.187,21.187,20.875,12.687,1783594204.620067
12.187,21.187,20.812,12.625,1783594264.9720354
12,21.187,20.812,12.625,1783594325.3240507
12.125,21.187,20.812,12.625,1783594384.684066
12.062,21.187,20.812,12.687,1783594445.035994
12.062,21.187,20.812,12.687,1783594504.396059
12.125,21.125,20.812,12.687,1783594565
12.312,21.187,20.812,12.75,1783594625.1960738
12.625,21.187,20.812,12.812,1783594684.5560544
12.75,21.125,20.812,12.875,1783594744.9080656
12.75,21.125,20.812,12.937,1783594805.260064
12.875,21.125,20.812,12.937,1783594864.6200666
12.75,21.125,20.812,13,1783594925.0359879
12.812,21.125,20.812,13,1783594984.396067
12.875,21.187,20.812,13.062,1783595044.748067
12.625,21.125,20.812,13.062,1783595105.099977
12.687,21.187,20.812,13.062,1783595164.460061
12.625,21.187,20.812,13.062,1783595224.8120725
12.5,21.125,20.812,13.062,1783595285.1319869
12.5,21.125,20.812,13.062,1783595344.5240636
12.5,21.125,20.812,13.062,1783595404.8760567
12.5,21.187,20.812,13.125,1783595465.1643734
12.437,21.125,20.812,13.062,1783595524.4925127
12.437,21.125,20.812,13.062,1783595584.8760536
12.437,21.125,20.812,13.125,1783595645.228054
12.375,21.125,20.812,13.125,1783595704.6520517
12.312,21.125,20.812,13.125,1783595765.0359807
12.375,21.125,20.812,13.125,1783595824.3324928
12.437,21.125,20.812,13.187,1783595884.6525066
12.562,21.187,20.812,13.187,1783595945.0359871
12.687,21.125,20.812,13.25,1783596004.3960607
13,21.187,20.812,13.375,1783596064.812062
13.187,21.187,20.812,13.375,1783596125.163988
13.375,21.125,20.812,13.5,1783596184.5240545
13.187,21.187,20.812,13.5,1783596244.876054
13.375,21.187,20.812,13.5,1783596305.228049
13.437,21.187,20.812,13.562,1783596364.5880504
13.25,21.187,20.812,13.562,1783596425.0039845
13.25,21.187,20.812,13.562,1783596484.3640587
13,21.187,20.812,13.562,1783596544.7160594
12.875,21.187,20.812,13.5,1783596605.099979
12.75,21.187,20.812,13.5,1783596664.396497
12.687,21.187,20.812,13.5,1783596724.7160707
12.75,21.187,20.812,13.5,1783596785.0999885
12.812,21.187,20.812,13.5,1783596844.492066
12.875,21.125,20.812,13.5,1783596904.8440564
13.062,21.125,20.812,13.5,1783596965.1324365
12.687,21.187,20.812,13.5,1783597024.5244935
12.875,21.187,20.75,13.5,1783597084.8440568
12.812,21.187,20.812,13.562,1783597145.1966763
12.75,21.187,20.812,13.562,1783597204.6520536
12.687,21.187,20.812,13.562,1783597265.0039861
12.562,21.187,20.812,13.5,1783597324.3640547
12.5,21.187,20.812,13.5,1783597384.7160647
12.437,21.187,20.812,13.437,1783597445.0679705
12.5,21.187,20.812,13.437,1783597504.428069
12.375,21.187,20.812,13.437,1783597564.8440537
12.375,21.187,20.812,13.437,1783597625.2280557
12.437,21.187,20.812,13.375,1783597684.524485
12.312,21.187,20.812,13.437,1783597744.9080532
12.25,21.187,20.812,13.375,1783597805.2600694
12.125,21.187,20.812,13.312,1783597864.6200652
11.937,21.187,20.812,13.25,1783597925.036387
11.937,21.187,20.812,13.25,1783597984.4280663
11.937,21.187,20.812,13.187,1783598044.7800453
11.937,21.187,20.812,13.125,1783598105.1319783
11.875,21.187,20.812,13.125,1783598164.4920542
11.875,21.187,20.75,13.125,1783598224.8440647
11.937,21.125,20.812,13.125,1783598285
12,21.125,20.812,13.125,1783598344.5880644
12.062,21.187,20.812,13.187,1783598404.940049
12.062,21.125,20.812,13.187,1783598465.3240495
12.062,21.187,20.812,13.187,1783598524.6840525
12.187,21.125,20.812,13.187,1783598585.0359807
12.187,21.187,20.812,13.25,1783598644.460069
12.187,21.187,20.812,13.25,1783598704.8120556
12.125,21.187,20.812,13.25,1783598765.1643903
12,21.125,20.812,13.25,1783598824.5560634
11.937,21.187,20.812,13.187,1783598884.9080648
11.937,21.125,20.812,13.187,1783598945.1960711
12,21.187,20.812,13.187,1783599004.6200614
12,21.125,20.812,13.125,1783599064.9720335
12,21.125,20.812,13.187,1783599125.3240566
11.937,21.125,20.812,13.125,1783599184.6204984
12.062,21.187,20.812,13.125,1783599244.9404838
12.125,21.125,20.812,13.187,1783599305.2600656
12.062,21.187,20.812,13.187,1783599364.6845136
12.125,21.125,20.75,13.187,1783599425.0679772
12.062,21.187,20.812,13.187,1783599484.4280536
12.062,21.125,20.812,13.187,1783599544.7800505
12.125,21.187,20.812,13.187,1783599605.0683892
12.25,21.125,20.812,13.187,1783599664.4600585
12.25,21.125,20.812,13.187,1783599724.8760633
12.312,21.187,20.812,13.25,1783599785.2280524
12.312,21.125,20.812,13.25,1783599844.588522
12.312,21.187,20.812,13.25,1783599904.9720285
12.437,21.187,20.812,13.25,1783599965.3240578
12.25,21.125,20.812,13.312,1783600024.6200523
12.25,21.125,20.812,13.312,1783600085.0359817
12.25,21.125,20.812,13.25,1783600144.3960526
12.125,21.187,20.812,13.312,1783600204.7480683
12,21.187,20.75,13.25,1783600265.0999773
12.062,21.125,20.812,13.25,1783600324.4600706
12.062,21.125,20.812,13.187,1783600384.8120549
12,21.125,20.812,13.187,1783600445.1639688
12,21.125,20.812,13.187,1783600504.556056
11.937,21.125,20.812,13.187,1783600565
12.062,21.125,20.812,13.187,1783600625.260052
12,21.125,20.75,13.187,1783600684.5565038
12,21.125,20.812,13.187,1783600744.8760645
12.062,21.125,20.812,13.187,1783600805.163982
12,21.187,20.812,13.187,1783600864.556058
12.125,21.187,20.812,13.25,1783600924.9080591
12.125,21.187,20.812,13.25,1783600985.1966805
12.125,21.125,20.812,13.25,1783601044.5880566
12.125,21.125,20.812,13.25,1783601104.9400463
12.187,21.125,20.75,13.187,1783601165.292053
12.125,21.187,20.812,13.25,1783601224.7160668
12.125,21.187,20.75,13.25,1783601285.0679715
12.125,21.187,20.812,13.187,1783601344.3645267
12.125,21.125,20.812,13.187,1783601404.6845148
12.125,21.125,20.812,13.187,1783601465.0679712
12,21.187,20.75,13.187,1783601524.3640692
11.937,21.187,20.812,13.125,1783601584.7800493
11.75,21.125,20.812,13.062,1783601645.1319773
11.687,21.125,20.812,13.062,1783601704.4920514
11.5,21.187,20.812,13,1783601764.8440495
11.312,21.187,20.812,12.937,1783601825.132378
11.187,21.187,20.812,12.875,1783601884.5240672
11.187,21.125,20.812,12.875,1783601944.9400682
11.125,21.187,20.812,12.812,1783602005.2920558
11.062,21.187,20.812,12.812,1783602064.5885122
11,21.125,20.812,12.75,1783602124.972034
11,21.125,20.812,12.75,1783602185.3240657
11,21.125,20.812,12.75,1783602244.6840718
11.187,21.187,20.812,12.687,1783602305.0999756
11.187,21.187,20.812,12.75,1783602364.4600625
11.312,21.125,20.812,12.75,1783602424.812063
11.375,21.125,20.812,12.812,1783602485.163975
11.562,21.125,20.812,12.812,1783602544.524057
11.687,21.187,20.812,12.875,1783602604.876048
11.875,21.125,20.812,12.937,1783602665.2280717
11.937,21.125,20.75,13.062,1783602724.6205363
12.125,21.125,20.75,13.125,1783602785.0039783
12.312,21.187,20.812,13.187,1783602844.3640673
12.375,21.125,20.812,13.25,1783602904.716062
12.5,21.125,20.812,13.375,1783602965.0039937
12.625,21.187,20.812,13.5,1783603024.4280643
12.812,21.187,20.812,13.562,1783603084.7804792
12.625,21.187,20.812,13.625,1783603145.1639998
12.625,21.187,20.812,13.625,1783603204.5240662
12.687,21.125,20.812,13.687,1783603264.8760693
12.625,21.187,20.812,13.687,1783603325.2280605
12.687,21.187,20.812,13.687,1783603384.6520507
12.687,21.187,20.812,13.687,1783603445.0039897
12.625,21.187,20.812,13.75,1783603504.3005576
12.75,21.187,20.812,13.75,1783603564.6840572
12.937,21.187,20.812,13.75,1783603624.9724836
12.75,21.187,20.812,13.812,1783603684.3640711
12.75,21.187,20.812,13.75,1783603744.7800496
12.562,21.125,20.812,13.75,1783603805.1319766
12.5,21.187,20.812,13.75,1783603864.4920647
12.437,21.187,20.812,13.687,1783603924.844067
12.312,21.187,20.812,13.687,1783603985.1960733
12.187,21.187,20.812,13.625,1783604044.556051
12.187,21.187,20.812,13.5,1783604104.9720263
12.187,21.187,20.812,13.5,1783604165.3240566
12.062,21.125,20.812,13.5,1783604225
12,21.187,20.812,13.437,1783604285.0359836
12.125,21.187,20.812,13.437,1783604344.3960598
12.187,21.125,20.812,13.437,1783604404.7480617
12.25,21.187,20.812,13.437,1783604465.1639845
12.437,21.125,20.812,13.5,1783604524.5240679
12.437,21.125,20.812,13.5,1783604584.876055
12.437,21.187,20.812,13.562,1783604645.1643744
12.437,21.125,20.812,13.562,1783604704.5560658
12.437,21.187,20.812,13.562,1783604764.9080546
12.375,21.125,20.812,13.562,1783604825.2000747
12.187,21.125,20.812,13.5,1783604884.588068
12.25,21.187,20.812,13.5,1783604944.9400518
12.125,21.125,20.812,13.5,1783605005.292061
12.062,21.125,20.812,13.437,1783605064.6520662
11.875,21.187,20.812,13.375,1783605125.0039768
11.937,21.187,20.812,13.312,1783605184.4280653
11.812,21.187,20.812,13.312,1783605244.780059
11.625,21.125,20.812,13.25,1783605305.131968
11.437,21.125,20.812,13.187,1783605364.4920583
11.437,21.187,20.75,13.125,1783605424.8440661
11.437,21.125,20.812,13.125,1783605485.1319828
11.5,21.125,20.812,13.125,1783605544.5560539
11.437,21.187,20.812,13.125,1783605604.908069
11.437,21.187,20.812,13.125,1783605665.2600553
11.5,21.125,20.812,13.062,1783605724.6200702
11.562,21.187,20.812,13.125,1783605785
11.687,21.187,20.812,13.125,1783605845.3240533
11.75,21.187,20.812,13.125,1783605904.7480538
11.937,21.187,20.812,13.187,1783605965.099982
12.062,21.187,20.812,13.25,1783606024.4600525
12,21.187,20.75,13.25,1783606084.7485094
11.937,21.187,20.812,13.312,1783606145.068407
12,21.187,20.812,13.25,1783606204.3960638
12.062,21.125,20.812,13.312,1783606264.8120563
11.937,21.125,20.812,13.312,1783606325.163975
12,21.187,20.812,13.312,1783606384.5240662
12.062,21.187,20.812,13.312,1783606444.8760548
12.187,21.187,20.812,13.375,1783606505.228067
12.25,21.125,20.812,13.375,1783606564.5880532
12.187,21.187,20.812,13.375,1783606625.0039935
12.25,21.187,20.812,13.375,1783606684.3640678
12.187,21.187,20.812,13.437,1783606744.7160616
12.25,21.187,20.812,13.437,1783606805.0679998
12.312,21.125,20.812,13.437,1783606864.4280627
12.25,21.125,20.812,13.437,1783606924.7800515
12.25,21.187,20.812,13.437,1783606985.1319864
12.187,21.125,20.812,13.437,1783607044.524058
12,21.125,20.812,13.437,1783607104.8760674
12.062,21.125,20.812,13.437,1783607165.2280645
12.125,21.125,20.812,13.437,1783607224.5880494
12,21.125,20.812,13.375,1783607284.8760543
12,21.187,20.812,13.375,1783607345.2280624
12.062,21.125,20.812,13.312,1783607404.6520514
12.062,21.187,20.812,13.375,1783607465.0039861
12.187,21.125,20.75,13.375,1783607524.3640676
12.25,21.187,20.812,13.375,1783607584.652522
12.25,21.125,20.812,13.375,1783607644.9724588
12.187,21.125,20.812,13.375,1783607704.364062
12.187,21.125,20.812,13.312,1783607764.7800589
12.062,21.125,20.812,13.375,1783607825.1319854
12.062,21.125,20.812,13.312,1783607884.4920487
11.875,21.125,20.812,13.312,1783607944.8440711
11.562,21.125,20.812,13.25,1783608005.1960707
11.312,21.125,20.812,13.187,1783608064.4920645
10.937,21.187,20.812,13.062,1783608124.9080591
10.687,21.125,20.812,13,1783608185.260048
10.437,21.125,20.812,12.875,1783608244.6200538
10.312,21.187,20.812,12.812,1783608304.9720438
10.25,21.187,20.812,12.75,1783608365.3240685
10.375,21.187,20.812,12.625,1783608424.6844935
10.375,21.187,20.812,12.625,1783608485.1319816
10.375,21.125,20.812,12.562,1783608544.4924998
10.312,21.125,20.812,12.562,1783608604.876067
10.437,21.187,20.812,12.562,1783608665.2285187
10.5,21.187,20.812,12.562,1783608724.6200578
10.5,21.125,20.812,12.562,1783608784.972033
10.5,21.187,20.812,12.625,1783608845
10.625,21.187,20.812,12.625,1783608904.7160518
10.625,21.187,20.812,12.625,1783608965.0679758
10.875,21.187,20.812,12.687,1783609024.428068
10.875,21.125,20.812,12.75,1783609084.7800634
11,21.187,20.812,12.75,1783609145
11.125,21.125,20.812,12.812,1783609204.5560532
11.125,21.187,20.812,12.812,1783609264.9080667
11,21.187,20.812,12.812,1783609325.2600558
11,21.187,20.812,12.812,1783609384.5565023
11.062,21.125,20.812,12.812,1783609445
11.062,21.187,20.812,12.812,1783609505.2920532
11.062,21.125,20.812,12.812,1783609564.716057
11.125,21.187,20.812,12.812,1783609625
11.125,21.187,20.812,12.812,1783609684.4280522
11.125,21.125,20.812,12.812,1783609744.7800448
11.125,21.187,20.812,12.812,1783609805.1319797
11.125,21.187,20.812,12.812,1783609864.4920487
11.125,21.125,20.812,12.75,1783609924.9080548
11.187,21.125,20.812,12.812,1783609985.2920663
11.187,21.187,20.812,12.812,1783610044.6520658
11.187,21.187,20.812,12.812,1783610104.9404914
11.25,21.125,20.812,12.812,1783610165.324065
11.312,21.125,20.812,12.875,1783610224.6840694
11.312,21.125,20.812,12.875,1783610285.0999854
11.375,21.187,20.812,12.875,1783610344.4600663
11.25,21.125,20.812,12.875,1783610404.8120642
11.312,21.125,20.812,12.875,1783610465.1639788
11.375,21.125,20.812,12.875,1783610524.5240648
11.375,21.187,20.812,12.875,1783610584.8760552
11.375,21.187,20.812,12.875,1783610645.2280662
11.437,21.125,20.812,12.937,1783610704.6200514
11.312,21.187,20.812,12.937,1783610764.9720342
11.375,21.125,20.812,12.937,1783610825.2605019
11.312,21.187,20.812,12.937,1783610884.6520643
11.312,21.187,20.812,12.937,1783610944.940064
11.375,21.125,20.812,12.875,1783611005.292071
11.375,21.125,20.812,12.937,1783611064.7160597
11.375,21.125,20.812,12.875,1783611125.0679767
11.312,21.125,20.812,12.875,1783611184.428053
11.375,21.125,20.812,12.875,1783611244.8120716
11.25,21.125,20.812,12.875,1783611305.196055
11.312,21.187,20.812,12.875,1783611364.5560563
11.437,21.125,20.812,12.875,1783611424.9720418
11.375,21.187,20.812,12.875,1783611485.3560715
11.375,21.125,20.812,12.875,1783611544.7160623
11.437,21.125,20.812,12.875,1783611605.0044203
11.312,21.125,20.812,12.875,1783611664.3320637
11.375,21.125,20.812,12.875,1783611724.6200693
11.437,21.125,20.812,12.875,1783611785.0359738
11.312,21.125,20.812,12.937,1783611844.3960633
11.25,21.125,20.812,12.875,1783611904.7480617
11.187,21.125,20.812,12.875,1783611965.0999782
11.125,21.125,20.812,12.875,1783612024.396468
11.062,21.125,20.812,12.812,1783612084.7800596
10.937,21.125,20.812,12.812,1783612145.1319861
11,21.187,20.812,12.812,1783612204.5240605
11,21.125,20.812,12.812,1783612264.8760567
10.937,21.125,20.812,12.812,1783612325.1643887
10.937,21.125,20.812,12.812,1783612384.556063
10.875,21.125,20.812,12.75,1783612444.8440652
10.812,21.125,20.812,12.75,1783612505.196076
10.812,21.125,20.812,12.75,1783612564.6200552
10.812,21.125,20.812,12.687,1783612624.972031
10.875,21.125,20.812,12.687,1783612685.3240511
10.937,21.125,20.812,12.687,1783612744.6840715
11.062,21.125,20.812,12.687,1783612805.067971
11.187,21.125,20.812,12.687,1783612864.4280703
11.312,21.187,20.812,12.687,1783612924.844057
11.375,21.187,20.812,12.75,1783612985.200068
11.375,21.125,20.812,12.812,1783613044.4925153
11.375,21.125,20.812,12.812,1783613104.8760664
11.312,21.125,20.812,12.812,1783613165.2280607
11.375,21.125,20.812,12.875,1783613224.588067
11.375,21.125,20.812,12.875,1783613285.0039914
11.25,21.187,20.812,12.937,1783613344.3640697
11.25,21.125,20.812,12.937,1783613404.7160685
11.187,21.125,20.812,12.937,1783613465.0679915
11.25,21.125,20.812,12.875,1783613524.4280527
11.25,21.187,20.812,12.937,1783613584.7800522
11.25,21.187,20.812,12.875,1783613645.0999787
11.125,21.125,20.812,12.875,1783613704.4920635
10.937,21.125,20.812,12.812,1783613764.844067
10.812,21.125,20.812,12.75,1783613825.132384
10.687,21.125,20.812,12.75,1783613884.4920661
10.437,21.125,20.812,12.687,1783613944.7800462
10.312,21.125,20.812,12.562,1783614005.131978
10,21.187,20.812,12.437,1783614064.5560644
9.875,21.187,20.812,12.312,1783614124.9080627
9.875,21.125,20.812,12.25,1783614185.2600656
9.687,21.125,20.812,12.187,1783614244.6200523
9.625,21.125,20.812,12.062,1783614304.972032
9.625,21.125,20.812,12,1783614365.3240445
9.562,21.187,20.812,12,1783614424.748048
9.5,21.125,20.812,12,1783614485.0999887
9.5,21.125,20.812,11.937,1783614544.460072
9.5,21.125,20.812,11.875,1783614604.812064
9.625,21.125,20.812,11.875,1783614665.1003697
9.75,21.125,20.812,11.875,1783614724.4920452
10,21.125,20.812,12,1783614784.9080575
9.812,21.125,20.812,12,1783614845.2600515
9.875,21.125,20.812,12,1783614904.6200633
9.812,21.187,20.812,12,1783614964.972027
9.937,21.125,20.812,12.062,1783615025.3240519
10.125,21.125,20.812,12.125,1783615084.6200516
10.25,21.187,20.812,12.125,1783615145.0359902
10.125,21.125,20.812,12.125,1783615204
10.062,21.125,20.812,12.125,1783615264.7480576
9.812,21.125,20.812,12,1783615325.0999753
9.812,21.125,20.812,11.937,1783615384.396493
9.875,21.125,20.812,11.875,1783615444.7800498
9.875,21.125,20.812,11.937,1783615505.1319733
9.812,21.125,20.812,11.875,1783615564.5240521
9.937,21.125,20.812,11.875,1783615624.8760576
10,21.125,20.812,11.937,1783615685.1644151
9.875,21.125,20.812,11.937,1783615744.5560617
9.875,21.125,20.812,11.875,1783615804.844067
9.625,21.125,20.812,11.812,1783615865
9.75,21.125,20.812,11.812,1783615924.5560713
9.75,21.125,20.812,11.75,1783615984.9080486
9.812,21.125,20.812,11.687,1783616045.1966822
9.687,21.125,20.812,11.687,1783616104.524503
9.625,21.187,20.812,11.75,1783616164.908056
9.562,21.125,20.812,11.687,1783616225.2600543
9.562,21.125,20.812,11.625,1783616284.6840699
9.625,21.125,20.812,11.625,1783616345.0359745
9.562,21.187,20.812,11.625,1783616404.3325047
9.687,21.125,20.812,11.625,1783616464.6525166
9.687,21.125,20.812,11.625,1783616525.0359874
9.812,21.187,20.812,11.687,1783616584.396062
9.937,21.187,20.812,11.75,1783616644.8120515
9.937,21.187,20.812,11.812,1783616705.1639793
10,21.187,20.812,11.812,1783616764.5240698
9.937,21.187,20.812,11.812,1783616824.8760653
9.875,21.187,20.812,11.812,1783616885.2280655
9.812,21.187,20.812,11.812,1783616944.5880556
9.812,21.187,20.812,11.812,1783617005.0039914
9.75,21.187,20.812,11.812,1783617064.3640678
9.875,21.187,20.812,11.812,1783617124.7160707
9.937,21.187,20.812,11.812,1783617185
9.812,21.187,20.812,11.812,1783617244.4280558
9.812,21.125,20.812,11.812,1783617304.812056
9.937,21.187,20.875,11.812,1783617365.131986
9.875,21.187,20.812,11.812,1783617424.524068
9.937,21.125,20.812,11.812,1783617484.876065
10,21.187,20.812,11.875,1783617545.2280648
10.062,21.125,20.812,11.875,1783617604.588052
10.062,21.187,20.812,11.875,1783617664.9400525
10,21.187,20.812,11.875,1783617725.2920506
9.937,21.187,20.812,11.875,1783617784.7160633
9.875,21.187,20.812,11.812,1783617845.0679698
9.812,21.187,20.812,11.812,1783617904.4280505
9.875,21.187,20.812,11.812,1783617964.7800453
9.937,21.187,20.812,11.875,1783618025.1319869
10,21.187,20.875,11.875,1783618084.4920702
10.062,21.187,20.812,11.875,1783618144.9080546
10.125,21.187,20.812,11.875,1783618205.2920597
10.25,21.187,20.875,11.937,1783618264.652518
10.25,21.187,20.812,12,1783618325.035981
10.312,21.187,20.812,12,1783618384.3960493
10.375,21.187,20.812,12,1783618444.7480528
10.375,21.187,20.812,12.062,1783618505.163982
10.625,21.187,20.875,12.062,1783618564.524055
10.562,21.187,20.812,12.125,1783618624.8760722
10.687,21.187,20.875,12.125,1783618685.2280712
10.562,21.187,20.812,12.125,1783618744.5245254
10.625,21.187,20.812,12.187,1783618804.8440502
10.625,21.187,20.812,12.187,1783618865.163997
10.625,21.187,20.875,12.187,1783618924.5560684
10.625,21.187,20.812,12.187,1783618984.908059
10.625,21.187,20.812,12.187,1783619045.2920613
10.625,21.187,20.812,12.187,1783619104.6520512
10.75,21.187,20.812,12.187,1783619165.0039816
10.75,21.125,20.812,12.25,1783619224.4280696
10.75,21.187,20.812,12.25,1783619284.812068
10.75,21.187,20.812,12.25,1783619345.1639795
10.625,21.187,20.812,12.25,1783619404.524064
10.312,21.187,20.812,12.187,1783619464.8760629
9.937,21.187,20.875,12.062,1783619525.2280695
9.812,21.187,20.812,11.937,1783619584.6520698
9.687,21.125,20.875,11.812,1783619645.0039904
9.5,21.187,20.812,11.687,1783619704.3004897
9.5,21.187,20.812,11.687,1783619764.6840606
9.437,21.125,20.812,11.625,1783619825.0359867
9.437,21.187,20.812,11.562,1783619884.3960636
9.375,21.187,20.812,11.5,1783619944.8440685
9.437,21.125,20.812,11.5,1783620005.2000606
9.5,21.125,20.812,11.5,1783620064.5560558
9.5,21.187,20.812,11.437,1783620124.8444922
9.562,21.125,20.812,11.437,1783620185.1644175
9.562,21.187,20.875,11.5,1783620244.5560515
9.75,21.187,20.812,11.5,1783620304.9720294
9.75,21.125,20.812,11.5,1783620365.3240733
9.812,21.187,20.812,11.5,1783620424.6840696
9.812,21.187,20.812,11.562,1783620485.0359714
9.812,21.125,20.812,11.562,1783620544.3960547
9.687,21.125,20.875,11.562,1783620604.7480564
9.187,21.125,20.812,11.5,1783620665.1639707
9.062,21.125,20.875,11.437,1783620724.5240517
8.937,21.187,20.812,11.375,1783620784.8760576
8.875,21.125,20.812,11.312,1783620845.1643744
8.687,21.125,20.812,11.187,1783620904.492514
8.75,21.187,20.812,11.125,1783620964.8120549
8.687,21.125,20.875,11.125,1783621025.2280545
8.687,21.125,20.812,11.062,1783621084.588069
8.812,21.125,20.812,11.062,1783621144.940068
8.75,21.125,20.812,11.062,1783621205.292065
8.812,21.125,20.812,11,1783621264.5884905
8.687,21.187,20.875,11,1783621324.9720333
8.687,21.125,20.812,10.937,1783621385.2920558
8.687,21.125,20.812,10.937,1783621444.684067
8.812,21.125,20.812,11,1783621505.0359957
9.187,21.125,20.812,11,1783621564.3960612
9.125,21.125,20.812,11.125,1783621624.7480652
9.187,21.125,20.875,11.187,1783621685.1319726
9.312,21.125,20.812,11.25,1783621744.5560524
9.437,21.125,20.812,11.375,1783621804.9080763
9.437,21.125,20.812,11.375,1783621865.2600648
9.687,21.125,20.812,11.437,1783621924.6200671
9.687,21.125,20.812,11.562,1783621984.9720335
9.562,21.125,20.812,11.625,1783622045.3240612
9.562,21.125,20.812,11.687,1783622104.748062
9.625,21.125,20.812,11.687,1783622165.0999818
9.5,21.125,20.812,11.625,1783622224.4600635
9.5,21.125,20.812,11.562,1783622284.812054
9.25,21.125,20.812,11.5,1783622345.1003702
9.375,21.125,20.812,11.437,1783622404.4920535
9.187,21.125,20.812,11.375,1783622464.9080703
9,21.187,20.812,11.312,1783622525.2600567
9.062,21.125,20.875,11.25,1783622584.6200583
9.187,21.125,20.812,11.25,1783622644.972039
9.062,21.125,20.812,11.187,1783622705.3240652
9.062,21.125,20.875,11.187,1783622764.6840518
9.062,21.125,20.812,11.187,1783622825.0999763
9.062,21.125,20.812,11.125,1783622884.4600585
9.125,21.125,20.812,11.125,1783622944.8120532
8.937,21.125,20.875,11.062,1783623005.1639771
8.937,21.125,20.875,11,1783623064.5240626
9.062,21.125,20.812,11,1783623124.8760533
9.125,21.125,20.812,11,1783623185.1960537
9.062,21.125,20.812,10.937,1783623244.588061
9,21.125,20.812,10.875,1783623304.940069
8.937,21.125,20.812,10.812,1783623365.2284791
8.937,21.125,20.812,10.812,1783623424.6200666
9.062,21.125,20.812,10.812,1783623484.9720433
8.937,21.125,20.812,10.75,1783623545.324062
9,21.125,20.812,10.687,1783623604.748063
8.875,21.125,20.812,10.687,1783623665.099985
8.937,21.125,20.812,10.687,1783623724.460068
8.937,21.062,20.812,10.687,1783623784.8120546
9.062,21.125,20.812,10.625,1783623845.163983
9.062,21.125,20.875,10.625,1783623904.5240483
9.062,21.125,20.812,10.625,1783623964.9400666
9,21.125,20.812,10.562,1783624025.2920642
8.937,21.125,20.812,10.562,1783624084.588518
8.875,21.125,20.812,10.5,1783624144.9085236
8.875,21.125,20.812,10.5,1783624205.2920647
8.812,21.062,20.812,10.437,1783624264.6520596
8.875,21.125,20.812,10.437,1783624325.0679832
8.812,21.125,20.812,10.437,1783624384.4280555
8.75,21.062,20.812,10.437,1783624444.8120549
8.687,21.125,20.875,10.375,1783624505.1003635
8.75,21.125,20.812,10.312,1783624564.492052
8.875,21.125,20.812,10.375,1783624624.780056
8.875,21.125,20.812,10.375,1783624685.100375
8.937,21.125,20.812,10.437,1783624744.5240707
9,21.125,20.812,10.437,1783624804.8760636
8.937,21.062,20.812,10.5,1783624865.2320528
9.062,21.062,20.812,10.5,1783624924.5880606
9.125,21.125,20.812,10.5,1783624984.9400525
9.062,21.125,20.812,10.562,1783625045.292054
9.062,21.062,20.812,10.562,1783625104.7160678
9.187,21.125,20.812,10.625,1783625165.0679789
9.312,21.125,20.812,10.625,1783625224.4280567
9.375,21.125,20.812,10.687,1783625284.780047
9.437,21.125,20.812,10.812,1783625345.1319776
9.5,21.125,20.812,10.812,1783625404.4600515
9.375,21.125,20.812,10.875,1783625464.876054
9.187,21.125,20.812,10.875,1783625525.2600682
9.312,21.125,20.812,10.937,1783625584.620063
9.375,21.125,20.812,11,1783625644.9720287
9.375,21.062,20.812,11,1783625705.3240585
9.375,21.125,20.812,11.062,1783625764.6840668
9.375,21.125,20.812,11.125,1783625825.0999706
9.437,21.125,20.812,11.125,1783625884.4600606
9.562,21.125,20.812,11.187,1783625944.8120568
9.625,21.125,20.812,11.312,1783626005.1003623
9.75,21.125,20.812,11.375,1783626064.4920683
9.75,21.125,20.812,11.437,1783626124.8440564
9.875,21.125,20.812,11.562,1783626185.2000577
9.875,21.125,20.812,11.625,1783626244.6200554
10.062,21.125,20.875,11.75,1783626304.9720294
10.375,21.125,20.812,11.937,1783626365.3240633
10.625,21.125,20.812,12.125,1783626424.684066
10.375,21.187,20.875,12.312,1783626484.972034
10.625,21.125,20.812,12.312,1783626545.3240595
10.687,21.187,20.812,12.625,1783626604.7480695
10.562,21.125,20.812,12.687,1783626665.0999799
10.375,21.125,20.812,12.687,1783626724.460055
10.187,21.125,20.812,12.625,1783626784.7485166
10.125,21.125,20.812,12.562,1783626845.0683596
10,21.125,20.812,12.5,1783626904.4600532
9.875,21.125,20.812,12.375,1783626964.8760557
9.875,21.187,20.812,12.375,1783627025.2280579
10.125,21.187,20.812,12.375,1783627084.588063
10.125,21.187,20.812,12.375,1783627144.9400678
10,21.187,20.812,12.312,1783627205.2920642
10.187,21.125,20.812,12.312,1783627264.588053
10,21.125,20.812,12.375,1783627325.003986
10.125,21.125,20.812,12.437,1783627384.3640656
10.187,21.187,20.812,12.5,1783627444.716066
10.187,21.187,20.812,12.562,1783627505.0679846
10.187,21.187,20.812,12.625,1783627564.4280643
10.125,21.187,20.812,12.562,1783627624.7800584
10.062,21.187,20.812,12.562,1783627685
10,21.125,20.812,12.5,1783627744.5560687
9.937,21.187,20.812,12.5,1783627804.9080517
9.937,21.187,20.812,12.437,1783627865.1966448
10,21.187,20.812,12.437,1783627924.588053
9.937,21.187,20.812,12.437,1783627984.9400678
10.062,21.187,20.812,12.5,1783628045.2920663
10.062,21.187,20.812,12.562,1783628104.7160566
10.187,21.187,20.812,12.562,1783628165.0679777
10.25,21.187,20.812,12.625,1783628224.4280567
10.312,21.187,20.875,12.625,1783628285
10.062,21.187,20.812,12.562,1783628345.099977
9.937,21.125,20.812,12.562,1783628404.3960583
9.812,21.187,20.875,12.5,1783628464.8120575
9.812,21.125,20.812,12.437,1783628525.1639786
9.875,21.187,20.812,12.437,1783628584.524059
9.937,21.187,20.875,12.375,1783628644.876047
10,21.187,20.812,12.375,1783628705.1643784
10.125,21.187,20.812,12.375,1783628764.5564902
10.062,21.187,20.875,12.375,1783628825.0039835
10,21.187,20.875,12.312,1783628884.3640542
9.875,21.187,20.875,12.25,1783628944.7160647
9.812,21.187,20.812,12.187,1783629005.0999713
9.875,21.187,20.812,12.125,1783629064.4600527
9.812,21.187,20.812,12.062,1783629124.8120499
9.75,21.187,20.812,12.062,1783629185.0999799
9.687,21.187,20.812,12,1783629244.4920485
9.687,21.187,20.875,12,1783629304.8440516
9.625,21.187,20.812,11.937,1783629365.1960537
9.562,21.125,20.812,11.875,1783629424.5560508
9.625,21.187,20.875,11.875,1783629484.9080672
9.687,21.125,20.875,11.875,1783629545.2640538
9.625,21.187,20.812,11.875,1783629604.6840723
9.625,21.187,20.812,11.875,1783629665.0359912
9.562,21.187,20.812,11.875,1783629724.3960478
9.562,21.187,20.875,11.812,1783629784.748069
9.562,21.187,20.875,11.812,1783629845.099975
9.625,21.187,20.812,11.812,1783629904.4600625
9.75,21.187,20.812,11.812,1783629964.8760555
9.75,21.187,20.875,11.812,1783630025.2280679
9.687,21.187,20.812,11.812,1783630084.5880527
9.625,21.125,20.875,11.75,1783630144.9400544
9.812,21.187,20.812,11.812,1783630205.292063
10,21.125,20.812,11.875,1783630264.5880532
9.937,21.125,20.812,11.812,1783630325.003989
9.812,21.187,20.812,11.875,1783630384.3640568
9.75,21.187,20.875,11.875,1783630444.7160594
9.875,21.187,20.812,11.812,1783630505.0679758
9.75,21.187,20.812,11.812,1783630564.4280572
9.75,21.187,20.812,11.812,1783630624.7160575
9.937,21.187,20.812,11.812,1783630685.035969
9.812,21.187,20.812,11.812,1783630744.4280562
9.937,21.125,20.812,11.812,1783630804.7800453
9.937,21.125,20.812,11.875,1783630865.0683856
9.937,21.187,20.812,11.875,1783630924.3964648
9.937,21.187,20.812,11.875,1783630984.7160676
9.937,21.125,20.812,11.875,1783631045.0039854
10,21.125,20.875,11.875,1783631104.4280589
10,21.125,20.812,11.875,1783631164.7800612
10.062,21.187,20.812,11.875,1783631225.1319826
9.937,21.125,20.875,11.875,1783631284.492053
9.937,21.125,20.875,11.875,1783631344.8440547
9.937,21.125,20.812,11.875,1783631405.2280629
9.937,21.125,20.812,11.812,1783631464.6520681
10,21.125,20.812,11.875,1783631525.0359972
10.062,21.125,20.875,11.875,1783631584.3960533
10.062,21.125,20.812,11.812,1783631644.7480547
10.062,21.187,20.812,11.875,1783631705.0363913
10.062,21.125,20.812,11.812,1783631764.3640592
10.062,21.187,20.812,11.812,1783631824.7800434
10,21.125,20.812,11.812,1783631885.1319747
9.937,21.125,20.812,11.812,1783631944.4920573
9.812,21.125,20.875,11.812,1783632004.7804828
9.687,21.125,20.812,11.812,1783632065.100367
9.687,21.125,20.812,11.812,1783632124.492047
9.75,21.187,20.812,11.75,1783632184.9080565
9.875,21.125,20.812,11.75,1783632245.2600522
9.937,21.125,20.875,11.75,1783632304.6200616
10,21.125,20.812,11.75,1783632365
9.937,21.125,20.812,11.687,1783632425.3240736
9.812,21.125,20.812,11.687,1783632484.6840663
9.75,21.125,20.812,11.687,1783632545.1319802
9.75,21.125,20.875,11.687,1783632604.4920595
9.812,21.125,20.812,11.687,1783632664.8440526
9.75,21.125,20.875,11.625,1783632725.1960688
9.875,21.125,20.812,11.687,1783632784.556063
9.937,21.125,20.812,11.625,1783632844.9400535
9.937,21.125,20.812,11.625,1783632905.2600667
10,21.125,20.812,11.625,1783632964.6520689
9.937,21.125,20.875,11.625,1783633025.0039833
9.875,21.125,20.812,11.625,1783633084.3640513
9.875,21.125,20.812,11.625,1783633144.7160583
9.812,21.125,20.812,11.625,1783633205.0679686
9.75,21.125,20.812,11.625,1783633264.4920607
9.812,21.125,20.812,11.625,1783633324.844061
9.812,21.125,20.812,11.625,1783633385.2000525
9.812,21.125,20.812,11.562,1783633444.4925005
9.937,21.125,20.875,11.562,1783633504.8124907
10,21.125,20.812,11.562,1783633565.2000728
9.937,21.125,20.812,11.562,1783633624.6200666
10.062,21.125,20.812,11.562,1783633684.9720404
10.062,21.125,20.812,11.5,1783633745.324048
10.062,21.125,20.875,11.5,1783633804.6840632
10.125,21.125,20.875,11.437,1783633864.9724865
10.062,21.125,20.812,11.437,1783633924.3640687
10.062,21.125,20.812,11.437,1783633984.7800453
10.062,21.125,20.812,11.437,1783634045.1319945
10.125,21.125,20.812,11.437,1783634104.4285448
10.187,21.125,20.812,11.437,1783634165
10.125,21.125,20.875,11.437,1783634225.1639807
10.187,21.125,20.812,11.437,1783634284.4600606
10.125,21.125,20.875,11.437,1783634344.8760512
10.125,21.125,20.875,11.375,1783634405.2280695
10.187,21.125,20.812,11.375,1783634464.5880544
10.187,21.125,20.812,11.312,1783634524.9720306
10.187,21.125,20.812,11.312,1783634585.260489
10.125,21.125,20.812,11.312,1783634644.6200643
10.187,21.125,20.812,11.25,1783634705.0679817
10.187,21.125,20.812,11.25,1783634764.4280658
10.187,21.125,20.812,11.25,1783634824.780048
10.187,21.125,20.812,11.25,1783634885.1639822
10.25,21.125,20.875,11.187,1783634944.5240536
10.25,21.125,20.812,11.187,1783635004.8760517
10.25,21.125,20.812,11.187,1783635065.1960673
10.25,21.125,20.812,11.187,1783635124.5880733
10.25,21.062,20.812,11.125,1783635184.940062
10.25,21.125,20.812,11.187,1783635245.2920587
10.187,21.125,20.812,11.125,1783635304.6520534
10.187,21.125,20.812,11.187,1783635365.0039818
10.25,21.125,20.812,11.187,1783635424.4280548
10.312,21.125,20.812,11.187,1783635484.7800682
10.25,21.125,20.812,11.187,1783635545.1319864
10.187,21.125,20.812,11.187,1783635604.4920542
10.187,21.125,20.812,11.125,1783635664.8440504
10.187,21.125,20.812,11.125,1783635725.1960523
10.187,21.125,20.812,11.125,1783635784.6200528
10.125,21.125,20.812,11.125,1783635844.9720469
10.062,21.125,20.812,11.125,1783635905.324055
10,21.062,20.812,11.125,1783635964.6840649
9.937,21.125,20.812,11.062,1783636024.9724534
9.875,21.125,20.812,11.062,1783636084.3640513
9.875,21.062,20.812,11.062,1783636144.7800598
9.812,21.125,20.812,10.937,1783636205.1319814
9.75,21.062,20.812,10.937,1783636264.492059
9.562,21.062,20.812,10.812,1783636324.8440478
9.5,21.125,20.812,10.75,1783636385.1323755
9.5,21.062,20.812,10.75,1783636444.460048
9.625,21.062,20.812,10.75,1783636504.8764834
9.625,21.125,20.812,10.75,1783636565.260067
9.687,21.125,20.812,10.75,1783636624.6205122
9.625,21.062,20.812,10.75,1783636685.0039873
9.687,21.062,20.812,10.75,1783636744.364056
9.687,21.062,20.812,10.75,1783636804.7160628
9.687,21.062,20.812,10.75,1783636865.1319797
9.687,21.062,20.812,10.75,1783636924.492053
9.75,21.062,20.812,10.75,1783636984.8440695
9.812,21.062,20.812,10.75,1783637045.196068
9.812,21.062,20.812,10.75,1783637104.5560594
9.937,21.062,20.812,10.75,1783637164.908057
9.937,21.062,20.812,10.75,1783637225.2280617
10,21.062,20.812,10.75,1783637284.620529
10,21.062,20.812,10.812,1783637345.0039876
10,21.062,20.812,10.75,1783637404.3640473
10,21.062,20.812,10.75,1783637464.7160542
10,21.062,20.812,10.812,1783637525.0679874
10,21.062,20.812,10.75,1783637584.4920495
10.062,21.062,20.812,10.75,1783637644.8440585
10.062,21.062,20.812,10.75,1783637705.2000606
10.062,21.125,20.812,10.75,1783637764.556064
10.062,21.062,20.812,10.75,1783637824.908057
10.062,21.062,20.75,10.75,1783637885.2600617
10.125,21.062,20.812,10.75,1783637944.6840522
10.125,21.062,20.812,10.75,1783638005.0359855
10.125,21.125,20.812,10.75,1783638064.3324862
10.125,21.062,20.812,10.812,1783638124.7160566
10.187,21.062,20.812,10.75,1783638185.0679753
10.187,21.062,20.812,10.75,1783638244.4280608
10.125,21.062,20.812,10.75,1783638304.8440714
10.125,21.062,20.812,10.75,1783638365.196056
10.125,21.062,20.812,10.75,1783638424.5560524
10.187,21.062,20.75,10.75,1783638484.9080575
10.187,21.125,20.812,10.75,1783638545.2600663
10.187,21.062,20.812,10.75,1783638604.6200545
10.187,21.125,20.812,10.75,1783638665.035991
10.187,21.062,20.812,10.75,1783638724.3960495
10.187,21.062,20.812,10.687,1783638784.7480478
10.25,21.125,20.75,10.687,1783638845.0999806
10.187,21.062,20.812,10.687,1783638904.3964465
10.25,21.062,20.812,10.687,1783638964.7800477
10.25,21.062,20.812,10.687,1783639025.1319768
10.25,21.062,20.812,10.687,1783639084.5240512
10.25,21.125,20.812,10.687,1783639144.8760648
10.187,21.062,20.812,10.687,1783639205.164372
10.187,21.062,20.812,10.687,1783639265
10.187,21.062,20.75,10.687,1783639324.8440711
10.187,21.062,20.812,10.687,1783639385.1960523
10.187,21.062,20.812,10.687,1783639444.6200612
10.187,21.062,20.812,10.687,1783639504.972036
10.187,21,20.75,10.625,1783639565.3240716
10.187,21.062,20.812,10.687,1783639624.6840665
10.187,21.062,20.812,10.625,1783639685.0359948
10.187,21.062,20.812,10.625,1783639744.3640547
10.187,21.062,20.812,10.687,1783639804.7840652
10.187,21.062,20.812,10.625,1783639865.1319768
10.187,21.062,20.812,10.625,1783639924.428493
10.125,21.062,20.75,10.625,1783639984.8120651
10.125,21.062,20.812,10.625,1783640045.163976
10.125,21.062,20.812,10.625,1783640104.4920638
10.062,21.062,20.75,10.625,1783640164.9080665
10.125,21.062,20.812,10.625,1783640225.2600527
10.062,21.125,20.75,10.625,1783640284.6200638
10.125,21.062,20.812,10.625,1783640344.972032
10.062,21.062,20.812,10.625,1783640405.324053
10.125,21.062,20.75,10.625,1783640464.684059
10.062,21.062,20.812,10.625,1783640525.1003814
10.062,21.062,20.812,10.625,1783640584.4920526
10.125,21.062,20.812,10.625,1783640644.844064
10.062,21.062,20.75,10.562,1783640705.1323757
10.062,21.062,20.812,10.562,1783640764.4605067
10.062,21.062,20.812,10.625,1783640825
10.062,21.062,20.812,10.625,1783640885.2280645
10.062,21.062,20.75,10.687,1783640944.6200535
10.062,21.062,20.75,10.625,1783641004.9720304
10.062,21.125,20.812,10.625,1783641065.3560514
10.062,21.062,20.812,10.625,1783641124.7165186
10.062,21.125,20.75,10.625,1783641185.035972
10,21.062,20.75,10.625,1783641244.460064
9.937,21.062,20.75,10.625,1783641304.8440547
10,21.062,20.75,10.625,1783641365.1960568
9.875,21.062,20.812,10.625,1783641424.4925008
9.812,21.062,20.75,10.625,1783641484.8760703
9.687,21.062,20.812,10.562,1783641545.228069
9.625,21.062,20.812,10.5,1783641604.6520617
9.562,21.125,20.812,10.5,1783641665.0039845
9.187,21.062,20.75,10.437,1783641724.3640625
9.062,21.062,20.812,10.312,1783641784.7160692
9.062,21.062,20.812,10.25,1783641845.0043845
9,21.062,20.75,10.187,1783641904.3640604
8.937,21.062,20.75,10.062,1783641964.7800658
8.875,21.062,20.812,10,1783642025.1319828
8.937,21.062,20.75,9.937,1783642084.4920578
8.937,21.062,20.812,9.937,1783642144.780523
8.937,21.062,20.812,9.875,1783642205.1003695
9,21.062,20.812,9.875,1783642264
8.937,21.062,20.75,9.812,1783642324.8120687
9,21.062,20.812,9.812,1783642385.1639714
9.062,21.062,20.75,9.812,1783642444.524061
9.125,21.062,20.75,9.812,1783642504.876053
9.125,21.062,20.75,9.875,1783642565.2280502
9.125,21,20.812,9.875,1783642624.5240653
9.187,21.062,20.75,9.875,1783642684.940067
9.312,21.062,20.812,9.875,1783642745.2920673
9.312,21.062,20.75,9.937,1783642804.6520572
9,21,20.75,9.937,1783642864.9404888
8.875,21,20.75,9.875,1783642925.3240614
8.812,21,20.812,9.875,1783642984.6840699
8.812,21.062,20.812,9.875,1783643045.099977
8.812,21,20.75,9.875,1783643104.4600651
8.812,21,20.75,9.875,1783643164.8120525
8.875,21.062,20.75,9.812,1783643225.2000568
8.937,21,20.75,9.812,1783643284.4925127
9.125,21,20.75,9.875,1783643344.8760688
9.125,21,20.75,9.875,1783643405.1960685
9.187,21,20.75,9.875,1783643464.588069
9.187,21,20.75,9.812,1783643524.9400668
9.25,21.062,20.75,9.875,1783643585.228523
9.312,21,20.75,9.875,1783643644.5880506
9.25,21.062,20.75,9.875,1783643704.9400523
9.312,21.062,20.75,9.875,1783643765.2920563
9.25,21.062,20.75,9.875,1783643824.7165225
9.312,21,20.75,9.875,1783643885.0999765
9.25,21.062,20.75,9.875,1783643944.4600503
9.187,21.062,20.75,9.875,1783644004.8120575
9.062,21.062,20.75,9.875,1783644065.1639795
9.062,21,20.75,9.875,1783644124.5240612
9,21.062,20.75,9.875,1783644184.9400675
8.937,21.062,20.75,9.812,1783644245.2920706
8.937,21.062,20.75,9.812,1783644304.6520708
8.937,21.062,20.75,9.812,1783644365
8.812,21.062,20.75,9.75,1783644425.324058
8.75,21.062,20.812,9.75,1783644484.6840682
8.687,21.062,20.75,9.687,1783644545.0999882
8.687,21.062,20.75,9.687,1783644604.4600596
8.687,21.062,20.75,9.625,1783644664.8120556
8.687,21.062,20.75,9.687,1783644725.1004045
8.687,21.062,20.75,9.625,1783644784.4285204
8.5,21.062,20.75,9.625,1783644844.8120654
8.5,21.062,20.75,9.562,1783644905.163984
8.5,21.062,20.75,9.5,1783644964.5560741
8.5,21.062,20.75,9.562,1783645024.9080596
8.5,21.062,20.75,9.5,1783645085.2600534
8.437,21.062,20.75,9.5,1783645144.6200573
8.437,21.062,20.75,9.5,1783645204.908068
8.562,21.062,20.75,9.437,1783645265.2600665
8.5,21.062,20.75,9.437,1783645324.6844993
8.5,21.062,20.75,9.437,1783645385.067977
8.562,21.062,20.75,9.437,1783645444.4280596
8.562,21.062,20.75,9.437,1783645504.7800426
8.562,21.062,20.812,9.437,1783645565.1319778
8.625,21.125,20.75,9.437,1783645624.492051
8.562,21.125,20.75,9.437,1783645684.9080675
8.625,21.062,20.75,9.437,1783645745.2605145
8.625,21.062,20.75,9.437,1783645804.6520693
8.562,21.062,20.75,9.437,1783645865.0359933
8.5,21.062,20.75,9.375,1783645924.3960545
8.5,21.062,20.75,9.312,1783645984.7480655
8.5,21.125,20.75,9.312,1783646045.1639783
8.625,21.125,20.75,9.312,1783646104.5240548
8.687,21.062,20.75,9.312,1783646164.8760536
8.812,21.125,20.75,9.375,1783646225.2280514
8.812,21.125,20.75,9.375,1783646284.5880518
8.812,21.125,20.75,9.375,1783646344.9400585
8.812,21.125,20.75,9.375,1783646405.2604883
8.875,21.125,20.75,9.437,1783646464.652057
8.812,21.125,20.75,9.437,1783646525.003992
8.812,21.125,20.75,9.437,1783646584.3005106
8.812,21.125,20.75,9.5,1783646644.6840565
8.875,21.125,20.75,9.437,1783646705.0359826
8.875,21.125,20.75,9.5,1783646764.4600523
8.937,21.125,20.75,9.5,1783646824.8120532
9,21.125,20.75,9.5,1783646885.163974
8.937,21.125,20.75,9.5,1783646944.5240521
9,21.125,20.75,9.5,1783647004.812505
9,21.125,20.75,9.5,1783647065.1960487
9.062,21.125,20.75,9.5,1783647124.6200676
9.062,21.125,20.75,9.562,1783647184.9720354
9.062,21.125,20.75,9.562,1783647245.3240693
9.062,21.125,20.75,9.562,1783647304.6840677
9.125,21.125,20.75,9.562,1783647365.0359857
9.062,21.125,20.75,9.562,1783647424.396055
9.062,21.125,20.75,9.562,1783647484.8120522
9.125,21.125,20.75,9.562,1783647545.1639767
9.187,21.187,20.75,9.562,1783647604.4604902
9.187,21.125,20.75,9.562,1783647664.7804952
9.25,21.125,20.75,9.625,1783647725.1639903
9.25,21.125,20.75,9.625,1783647784.4925058
9.312,21.187,20.75,9.625,1783647844.9400542
9.312,21.187,20.75,9.625,1783647905.2920463
8.812,21.187,20.75,9.625,1783647964.6525104
8.75,21.187,20.75,9.625,1783648025.0359972
8.812,21.187,20.75,9.625,1783648084.3960512
8.875,21.187,20.75,9.625,1783648144.748071
8.875,21.187,20.75,9.625,1783648205.1639907
8.875,21.187,20.75,9.625,1783648264.5240576
8.812,21.187,20.75,9.625,1783648324.876068
8.875,21.187,20.812,9.625,1783648385.2280586
8.937,21.187,20.75,9.625,1783648444.524487
8.937,21.187,20.75,9.625,1783648504.8440638
8.937,21.187,20.75,9.687,1783648565.1960533
9,21.187,20.75,9.625,1783648624.588062
9.062,21.187,20.75,9.687,1783648684.9400463
9.062,21.187,20.75,9.687,1783648745.2920523
9.062,21.187,20.75,9.687,1783648804.6520677
9,21.25,20.75,9.687,1783648865.003986
9.125,21.25,20.75,9.687,1783648924.428065
9.062,21.25,20.75,9.625,1783648984.7800539
9.062,21.25,20.75,9.625,1783649045.1319776
9,21.25,20.75,9.625,1783649104.492047
9.125,21.187,20.75,9.625,1783649164.7804956
9.125,21.25,20.812,9.625,1783649225.1639822
9.125,21.25,20.75,9.687,1783649284.5880566
9.125,21.25,20.75,9.687,1783649344.9400532
9.125,21.25,20.75,9.687,1783649405.2920694
9.062,21.25,20.812,9.687,1783649464.6520581
9,21.25,20.75,9.687,1783649524.9405184
9,21.25,20.75,9.687,1783649585.3240664
9.062,21.25,20.812,9.687,1783649644.7480688
9.062,21.25,20.75,9.687,1783649705.1319802
9.062,21.25,20.75,9.687,1783649764.4924967
9.125,21.25,20.75,9.687,1783649824.8125286
9.125,21.312,20.75,9.687,1783649885.1324208
9.187,21.25,20.812,9.687,1783649944.524053
9.25,21.25,20.75,9.687,1783650004.9400682
9.25,21.25,20.812,9.687,1783650065.2920556
9.312,21.25,20.75,9.75,1783650124.652499
9.312,21.312,20.75,9.75,1783650185.0359814
9.312,21.25,20.75,9.75,1783650244.396051
9.312,21.312,20.812,9.812,1783650304.748059
9.312,21.25,20.75,9.812,1783650365.1639757
9.375,21.312,20.75,9.812,1783650424.5240517
9.437,21.312,20.812,9.812,1783650484.9080637
9.437,21.312,20.75,9.875,1783650545.2600636
9.375,21.25,20.75,9.812,1783650604.6200676
9.375,21.312,20.75,9.812,1783650664.972033
9.437,21.312,20.812,9.875,1783650725.3240645
9.437,21.312,20.75,9.875,1783650784.716069
9.437,21.312,20.812,9.875,1783650845.0679843
9.437,21.312,20.75,9.875,1783650904.428068
9.5,21.312,20.75,9.875,1783650964.7800422
9.5,21.312,20.812,9.875,1783651025.1319754
9.5,21.312,20.75,9.937,1783651084.556047
9.5,21.312,20.812,9.937,1783651144.9080489
9.5,21.312,20.812,9.875,1783651205.260066
9.5,21.312,20.75,9.937,1783651264.620061
9.562,21.312,20.812,9.937,1783651324.9720323
9.562,21.375,20.812,9.937,1783651385.324053
9.625,21.312,20.812,9.937,1783651444.7480671
9.625,21.312,20.812,9.937,1783651505.100384
9.625,21.375,20.812,10,1783651564.492052
9.687,21.375,20.812,9.937,1783651624.8440642
9.75,21.375,20.812,9.937,1783651685.228054
9.75,21.375,20.812,9.937,1783651744.5880494
9.812,21.312,20.812,9.937,1783651805.003973
9.875,21.375,20.812,9.937,1783651864.364063
9.812,21.312,20.812,10,1783651924.7160494
9.812,21.375,20.812,9.937,1783651985.0044262
9.75,21.375,20.812,10,1783652044.3960528
9.812,21.375,20.812,10,1783652104.7480552
9.875,21.375,20.812,10,1783652165.0999818
9.812,21.375,20.812,10,1783652224.4920542
9.875,21.375,20.812,10,1783652284.8440537
9.625,21.375,20.812,10,1783652345.1323733
9.062,21.375,20.812,10,1783652404.5240626
8.812,21.375,20.812,9.937,1783652464.876068
8.562,21.312,20.812,9.812,1783652525.228062
8.5,21.312,20.812,9.75,1783652584.652052
8.437,21.312,20.812,9.625,1783652645.0359786
8.375,21.375,20.812,9.562,1783652704.3960505
8.312,21.375,20.812,9.5,1783652764.7480695
8.312,21.375,20.812,9.437,1783652825.0999775
8.375,21.375,20.812,9.437,1783652884.4280598
8.437,21.375,20.812,9.375,1783652944.844068
8.25,21.375,20.812,9.375,1783653005.1960583
8.187,21.375,20.812,9.375,1783653064.556557
8.125,21.375,20.812,9.312,1783653124.9400628
8.062,21.375,20.812,9.312,1783653185.2920709
8,21.375,20.812,9.25,1783653244.6520627
8,21.375,20.812,9.25,1783653305.0679774
7.937,21.375,20.812,9.187,1783653364.4280632
8,21.375,20.812,9.187,1783653424.7800586
7.937,21.375,20.812,9.187,1783653485.131992
7.937,21.375,20.812,9.187,1783653544.4920492
8.062,21.375,20.812,9.125,1783653604.844051
8,21.437,20.812,9.187,1783653665.1960573
8.062,21.375,20.812,9.187,1783653724.588055
8.125,21.437,20.812,9.125,1783653784.9400516
8.25,21.437,20.812,9.125,1783653845.2325315
8.437,21.375,20.812,9.187,1783653904.588047
8.562,21.375,20.812,9.187,1783653964.9400592
8.5,21.375,20.812,9.25,1783654025.2920675
8.437,21.375,20.812,9.25,1783654084.7160563
8.187,21.437,20.812,9.187,1783654145.0679762
8.125,21.437,20.812,9.125,1783654204.3645136
8.187,21.375,20.812,9.125,1783654264.748068
8.187,21.437,20.812,9.062,1783654325.099975
7.875,21.375,20.812,9.062,1783654384.4280503
7.875,21.437,20.812,9,1783654444.8440666
7.75,21.437,20.812,8.875,1783654505.196051
7.812,21.437,20.812,8.875,1783654564.556052
7.875,21.437,20.812,8.875,1783654624.9085078
7.875,21.437,20.812,8.875,1783654685.2285242
7.75,21.437,20.875,8.875,1783654744.620054
7.875,21.437,20.812,8.875,1783654805.035986
7.937,21.437,20.812,8.875,1783654864.3960512
7.937,21.5,20.875,8.875,1783654924.7480547
8,21.437,20.812,8.875,1783654985.131979
8,21.5,20.812,8.875,1783655044.4920478
8.062,21.5,20.812,8.875,1783655104.8440688
8,21.437,20.812,8.937,1783655165.196716
8,21.437,20.812,8.937,1783655224.6200535
8.125,21.5,20.812,8.875,1783655284.9720285
8.187,21.437,20.875,8.937,1783655345.3240564
8.187,21.437,20.875,8.875,1783655404.6840653
8.187,21.437,20.875,8.875,1783655464.9720411
8.125,21.5,20.875,8.875,1783655525.292068
8.125,21.5,20.812,8.875,1783655584.7160556
8.125,21.5,20.875,8.875,1783655645.0679698
8.062,21.5,20.812,8.875,1783655704.4280696
8.187,21.5,20.812,8.875,1783655764.812068
8.125,21.5,20.875,8.875,1783655825.1639667
8.25,21.5,20.812,8.875,1783655884.5240629
8.25,21.5,20.812,8.875,1783655944.9720366
8.062,21.5,20.875,8.875,1783656005.3240697
7.875,21.5,20.875,8.812,1783656064.6840565
7.937,21.5,20.875,8.812,1783656124.9724607
8.062,21.5,20.812,8.812,1783656184.3640623
8.125,21.5,20.875,8.812,1783656244.7160506
8.062,21.5,20.875,8.875,1783656305.131982
8.062,21.5,20.875,8.875,1783656364.4920511
8.125,21.562,20.875,8.875,1783656424.8440554
8.125,21.562,20.875,8.875,1783656485.1960537
8.125,21.562,20.875,8.812,1783656544.556067
8.125,21.562,20.875,8.875,1783656604.9084795
8.062,21.562,20.875,8.875,1783656665.2600665
8.125,21.562,20.875,8.875,1783656724.652071
8.125,21.562,20.875,8.875,1783656785.0039935
8.125,21.562,20.875,8.875,1783656844.3640556
8.187,21.562,20.875,8.875,1783656904.716059
8.187,21.562,20.875,8.875,1783656965.0679805
8.187,21.562,20.875,8.875,1783657024.4920502
8.25,21.562,20.875,8.875,1783657084.8440568
8.25,21.562,20.875,8.875,1783657145.196064
8.25,21.625,20.875,8.937,1783657204.556053
8.25,21.562,20.875,8.937,1783657265
8.312,21.562,20.875,8.875,1783657325.2600684
8.312,21.625,20.875,8.875,1783657384.684065
8.312,21.625,20.875,8.937,1783657445.0359972
8.312,21.625,20.875,8.937,1783657504.396061
8.312,21.625,20.875,8.937,1783657564.6845155
8.25,21.625,20.875,9,1783657625.0679748
8.187,21.625,20.875,9,1783657684.4280448
8.187,21.625,20.875,8.937,1783657744.8440628
8.25,21.625,20.875,8.937,1783657805.1960678
8.312,21.625,20.875,8.937,1783657864.4925094
8.375,21.625,20.875,8.937,1783657924.8764975
8.375,21.625,20.875,8.937,1783657985
8.125,21.625,20.937,8.937,1783658044.588054
7.875,21.625,20.875,8.875,1783658105.0039952
7.812,21.625,20.875,8.75,1783658164.3640554
7.812,21.625,20.875,8.687,1783658224.7160704
7.812,21.625,20.937,8.625,1783658285.004426
7.812,21.687,20.937,8.625,1783658344.364064
7.812,21.625,20.875,8.625,1783658404.7160678
7.75,21.625,20.937,8.562,1783658465.035987
7.75,21.625,20.875,8.562,1783658524.4280713
7.812,21.687,20.875,8.562,1783658584.7800508
7.875,21.687,20.875,8.562,1783658645.131973
7.875,21.687,20.937,8.562,1783658704.4285052
7.937,21.687,20.937,8.625,1783658764.812058
8,21.687,20.937,8.625,1783658825.1319833
8.062,21.625,20.937,8.625,1783658884.5560539
8.125,21.687,20.937,8.625,1783658944.908054
8.187,21.687,20.937,8.625,1783659005.2600634
8.25,21.687,20.937,8.625,1783659064.6200645
8.312,21.75,20.937,8.687,1783659124.9085183
8.312,21.687,20.937,8.687,1783659185.292059
8.312,21.687,20.937,8.687,1783659244.7165203
8.375,21.75,20.937,8.687,1783659305.100386
8.375,21.75,20.937,8.75,1783659364.492525
8.375,21.75,20.937,8.75,1783659424.8760512
8.5,21.75,20.937,8.75,1783659485.2280607
8.437,21.75,20.937,8.75,1783659544.588055
8.5,21.75,20.937,8.75,1783659605.0039885
8.562,21.75,20.937,8.812,1783659664.3640587
8.562,21.812,20.937,8.812,1783659724.7160573
8.687,21.75,20.937,8.875,1783659785.004398
8.625,21.75,20.937,8.875,1783659844.3960574
8.687,21.75,20.937,8.875,1783659904.6840546
8.75,21.75,20.937,8.875,1783659965.0359867
8.75,21.75,20.937,8.937,1783660024.4280612
8.687,21.75,20.937,8.937,1783660084.7800474
8.687,21.75,20.937,8.937,1783660145.1319792
8.687,21.812,20.937,8.937,1783660204.492062
8.812,21.812,21,8.937,1783660264.8440516
8.812,21.812,21,8.937,1783660325.1960917
8.812,21.812,21,9,1783660384.6200671
8.875,21.812,20.937,9,1783660444.9720268
8.875,21.812,21,9,1783660505.3560505
8.812,21.812,21,9,1783660564.7160485
8.812,21.812,21,9,1783660625.0679753
8.937,21.812,21,9,1783660684.4280515
8.937,21.812,21,9,1783660744.8440561
8.937,21.812,20.937,9.062,1783660805.196093
8.562,21.812,21,9,1783660864.5560625
8.312,21.812,21,9,1783660924.9080598
8.187,21.875,21,8.937,1783660985.2600684
8.187,21.812,21,8.875,1783661044.6200533
8.25,21.812,21,8.875,1783661105.0359764
8.312,21.875,21,8.875,1783661164.3960755
8.375,21.875,21,8.875,1783661224.7800417
8.437,21.812,21,8.875,1783661285.1319792
8.437,21.875,21,8.875,1783661344.4920576
8.5,21.875,21,8.875,1783661404.8440597
8.437,21.875,21,8.875,1783661465.1960711
8.437,21.812,21.062,8.812,1783661524.5880663
8.437,21.875,21,8.875,1783661584.9400632
8.5,21.875,21,8.875,1783661645.228501
8.5,21.875,21,8.875,1783661704.6200702
8.562,21.875,21,8.875,1783661764.9720354
8.625,21.875,21.062,8.937,1783661825.3240535
8.687,21.875,21.062,8.937,1783661884.7480683
8.75,21.875,21,8.937,1783661945.099989
8.75,21.875,21.062,8.937,1783662004.460501
8.75,21.875,21,8.937,1783662064.844065
8.875,21.875,21.062,8.937,1783662125.2280521
8.812,21.875,21.062,8.937,1783662184.5880568
8.75,21.875,21.062,8.937,1783662245.003982
8.75,21.937,21.062,8.937,1783662304.3640673
8.687,21.875,21.062,8.875,1783662364.716054
8.687,21.937,21.062,8.875,1783662425.0679762
8.687,21.937,21.062,8.875,1783662484.4280553
8.687,21.937,21.062,8.875,1783662544.7800457
8.75,21.937,21.062,8.875,1783662605.0999708
8.75,21.937,21.062,8.875,1783662664.4920716
8.812,21.937,21.062,8.875,1783662724.8445332
8.812,21.937,21.062,8.875,1783662785.1643696
8.687,21.937,21.062,8.937,1783662844.5560665
8.812,21.937,21.062,8.937,1783662904.9080522
8.812,21.937,21.062,8.937,1783662965.2600656
8.875,21.937,21.062,8.937,1783663024.6840649
8.875,21.937,21.062,8.937,1783663085.0359893
8.875,21.937,21.062,8.937,1783663144.396063
8.937,21.937,21.062,9,1783663204.7480626
8.937,21.937,21.125,9,1783663265
8.937,21.937,21.062,9,1783663324.4600449
8.937,22,21.062,9,1783663384.8760617
9,21.937,21.125,9.062,1783663445.2280684
9,21.937,21.125,9.062,1783663504.5880535
9.062,21.937,21.062,9.062,1783663564.9720387
8.875,21.937,21.062,9.125,1783663625.324061
8.812,21.937,21.062,9.187,1783663684.6840653
8.812,21.937,21.062,9.187,1783663745.0999863
8.875,21.937,21.125,9.187,1783663804.4600644
8.937,22,21.125,9.187,1783663864.8120549
8.937,22,21.125,9.25,1783663925.1639729
9.062,22,21.125,9.25,1783663984.5240571
9.125,22,21.125,9.25,1783664044.8760545
9.125,22,21.125,9.25,1783664105.2280638
9.125,22,21.125,9.25,1783664164.6200676
9.125,22,21.125,9.312,1783664224.9720342
9.125,22,21.125,9.312,1783664285.3240519
9.062,22,21.125,9.312,1783664345
9.062,22,21.125,9.312,1783664405.035983
9.125,22,21.125,9.312,1783664464.4600484
9.125,22,21.125,9.375,1783664524.816159
9.125,22,21.125,9.375,1783664585.1960764
9.125,22,21.125,9.375,1783664644.5560555
9.125,22,21.125,9.375,1783664704.9080632
9.125,22.062,21.125,9.375,1783664765.2600524
9.125,22,21.187,9.375,1783664824.684064
9.125,22.062,21.125,9.375,1783664885.0679932
9.187,22,21.125,9.375,1783664944.4280617
9.187,22,21.125,9.437,1783665004.8120582
9.187,22.062,21.125,9.375,1783665065.100373
9.187,22.062,21.187,9.437,1783665124.492496
9.187,22,21.125,9.375,1783665184.9400523
9.125,22.062,21.125,9.375,1783665245.292065
9.125,22.062,21.187,9.375,1783665304.6520545
9.125,22.062,21.187,9.375,1783665365.0039883
9.187,22,21.187,9.375,1783665424.3640513
9.187,22.062,21.187,9.437,1783665484.7160583
9.25,22.062,21.187,9.437,1783665545.1319718
9.25,22.062,21.187,9.437,1783665604.4920497
9.312,22.062,21.187,9.5,1783665665
9.25,22.062,21.187,9.5,1783665725.1323836
9.375,22.062,21.187,9.562,1783665784.4605107
9.312,22.062,21.187,9.562,1783665844.8440652
9.312,22.062,21.187,9.625,1783665905.1639864
9.375,22.062,21.187,9.625,1783665964.5564935
9.375,22.062,21.187,9.625,1783666024.9400637
9.375,22.062,21.187,9.625,1783666085.228517
9.375,22.062,21.187,9.687,1783666144.620064
9.375,22.062,21.187,9.687,1783666204.9080617
9.437,22.125,21.187,9.687,1783666265.2600598
9.437,22.125,21.187,9.75,1783666324.6840718
9.437,22.062,21.25,9.75,1783666385.0679808
9.437,22.062,21.187,9.75,1783666444.4280562
9.437,22.125,21.25,9.75,1783666504.7164967
9.5,22.125,21.25,9.75,1783666565.0999768
9.5,22.125,21.187,9.75,1783666624.460055
9.562,22.125,21.187,9.812,1783666684.8760655
9.562,22.125,21.25,9.812,1783666745.2280552
9.562,22.125,21.25,9.812,1783666804.524524
9.562,22.187,21.25,9.875,1783666864.8444917
9.562,22.125,21.25,9.875,1783666925.2280653
9.562,22.187,21.25,9.875,1783666984.5240517
9.562,22.187,21.25,9.875,1783667044.940067
9.562,22.187,21.25,9.875,1783667105.3240664
9.562,22.25,21.25,9.937,1783667164.620498
9.562,22.187,21.25,9.875,1783667225.0039847
9.625,22.25,21.25,9.937,1783667284.3640637
9.625,22.25,21.25,9.937,1783667344.716066
9.625,22.25,21.187,9.937,1783667405.163994
9.687,22.25,21.25,9.937,1783667464.5240664
9.687,22.312,21.25,10,1783667524.876051
9.687,22.312,21.25,9.937,1783667585.2280674
9.625,22.25,21.25,10,1783667644.5245106
9.625,22.25,21.25,10,1783667704.908068
9.625,22.25,21.25,10,1783667765.2600505
9.687,22.25,21.25,10,1783667824.6520617
9.687,22.312,21.25,10,1783667885.0039797
9.687,22.312,21.25,10,1783667944.3640482
9.687,22.312,21.25,10,1783668004.748064
9.75,22.312,21.25,10,1783668065.0999782
9.812,22.312,21.25,10,1783668124.5240474
9.812,22.312,21.312,10,1783668184.8760684
9.812,22.312,21.25,10.062,1783668245.2324924
9.875,22.312,21.312,10,1783668304.6204941
9.875,22.312,21.25,10,1783668365.0039885
9.875,22.312,21.312,10.062,1783668424.3640509
9.875,22.312,21.25,10,1783668484.7800474
9.937,22.375,21.25,10,1783668545.1319814
10,22.312,21.25,10,1783668604.4920552
10,22.312,21.312,10,1783668664.8440602
10,22.375,21.312,10,1783668725.1323874
10,22.375,21.312,9.937,1783668784.5240564
10,22.375,21.312,10,1783668844.940062
10,22.375,21.312,10,1783668905.2920601
10,22.375,21.312,10,1783668964.6520617
10,22.375,21.312,10,1783669025.003986
10,22.375,21.312,10,1783669084.3640563
10,22.375,21.312,10,1783669144.7160625
10.062,22.375,21.312,10,1783669205.1319747
10.062,22.375,21.312,10.062,1783669264.4920592
10,22.375,21.25,10.062,1783669324.8440628
10,22.375,21.312,10.062,1783669385.1960876
10,22.375,21.312,10.062,1783669444.5560563
10,22.375,21.312,10.062,1783669504.9080694
10,22.375,21.312,10.062,1783669565.2280626
10,22.375,21.312,10.062,1783669624.6200562
10,22.375,21.375,10.062,1783669684.972033
10.062,22.437,21.312,10.062,1783669745.3240623
10.125,22.437,21.375,10.125,1783669804.6205177
10.125,22.437,21.312,10.125,1783669864.9400704
10.125,22.437,21.312,10.125,1783669925.2600586
10.125,22.437,21.375,10.187,1783669984.684069
10.125,22.437,21.375,10.187,1783670045.0359924
10.062,22.437,21.375,10.187,1783670104.3960552
10.062,22.437,21.375,10.25,1783670164.748069
10.187,22.437,21.375,10.312,1783670225.0999832
10.125,22.437,21.312,10.25,1783670284.4600658
10.187,22.437,21.312,10.312,1783670344.8760588
10.187,22.437,21.312,10.312,1783670405.2280664
10.187,22.437,21.312,10.312,1783670464.5880532
10.25,22.437,21.375,10.375,1783670524.9400666
10.25,22.437,21.375,10.375,1783670585.2920554
10.25,22.437,21.375,10.375,1783670644.6520646
10.25,22.437,21.312,10.437,1783670705.0679746
10.25,22.437,21.375,10.437,1783670764.4280539
10.187,22.437,21.375,10.437,1783670824.7800486
10.187,22.437,21.375,10.437,1783670885.131974
10.187,22.437,21.375,10.375,1783670944.492059
10.187,22.437,21.375,10.5,1783671004.844067
10.25,22.437,21.375,10.437,1783671065.1319742
10.312,22.437,21.375,10.437,1783671124.5240576
10.25,22.375,21.375,10.5,1783671184.8760698
10.25,22.437,21.375,10.5,1783671245.164393
10.187,22.437,21.375,10.5,1783671304.5240684
10.25,22.437,21.375,10.5,1783671364.8760564
10.25,22.437,21.375,10.5,1783671425.1639888
10.312,22.437,21.375,10.562,1783671484.5880587
10.312,22.437,21.375,10.562,1783671544.940055
10.375,22.437,21.375,10.562,1783671605.2920692
10.375,22.437,21.375,10.562,1783671664.5884962
10.312,22.437,21.375,10.562,1783671725
10.375,22.437,21.375,10.562,1783671785.3240685
10.312,22.437,21.375,10.562,1783671844.7480528
10.312,22.437,21.375,10.625,1783671905.0999777
10.375,22.437,21.375,10.625,1783671964.4600601
10.375,22.437,21.375,10.625,1783672024.7484822
10.437,22.437,21.375,10.625,1783672085.0683856
10.375,22.437,21.375,10.625,1783672144.4600637
10.312,22.437,21.375,10.625,1783672204.8760586
10.312,22.437,21.437,10.625,1783672265.2280664
10.375,22.437,21.375,10.625,1783672324.5245173
10.312,22.437,21.375,10.625,1783672384.9080524
10.375,22.375,21.375,10.625,1783672445.260056
10.375,22.375,21.375,10.625,1783672504.5560555
10.437,22.437,21.375,10.625,1783672564.972032
10.437,22.437,21.437,10.625,1783672625.3240585
10.437,22.375,21.437,10.625,1783672684.6840565
10.5,22.437,21.437,10.687,1783672745.0359862
10.562,22.437,21.437,10.687,1783672804.3960545
10.5,22.375,21.437,10.687,1783672864.7480648
10.5,22.375,21.437,10.687,1783672925.163983
10.437,22.375,21.437,10.687,1783672984.5240643
10.5,22.437,21.375,10.687,1783673044.8760498
10.5,22.437,21.437,10.687,1783673105.164384
10.5,22.375,21.437,10.687,1783673164.4924874
10.437,22.437,21.437,10.687,1783673224.8760576
10.562,22.375,21.437,10.687,1783673285.1639843
10.625,22.375,21.437,10.75,1783673344.5560598
10.562,22.375,21.437,10.75,1783673404.9080586
10.562,22.375,21.437,10.812,1783673465.196675
10.562,22.375,21.437,10.812,1783673524.5560622
10.5,22.375,21.437,10.75,1783673584.9085112
10.5,22.375,21.437,10.75,1783673645.292057
10.562,22.437,21.437,10.812,1783673704.716523
10.812,22.375,21.437,10.875,1783673765.0999784
10.937,22.375,21.437,10.937,1783673824.4600716
11,22.375,21.437,11,1783673884.844066
10.937,22.375,21.437,11.062,1783673945.1960664
11,22.375,21.437,11.125,1783674004.5240655
10.812,22.375,21.437,11.125,1783674064.9400644
10.75,22.375,21.437,11.125,1783674125.2920604
10.75,22.375,21.437,11.125,1783674184.6520624
10.625,22.375,21.437,11.062,1783674245.0039945
10.625,22.375,21.437,11.062,1783674304.364072
10.5,22.312,21.437,11,1783674364.716063
10.5,22.375,21.437,11,1783674425.131971
10.5,22.375,21.437,10.937,1783674484.492059
10.562,22.375,21.437,10.937,1783674544.8440666
10.625,22.312,21.437,10.937,1783674605.1323812
10.75,22.375,21.437,10.937,1783674664.4605217
10.75,22.375,21.437,11,1783674724.7800512
10.812,22.375,21.437,11,1783674785.1961358
10.812,22.312,21.437,11,1783674844.5560656
10.75,22.375,21.437,11.062,1783674904.9080691
10.875,22.375,21.437,11.062,1783674965.1966667
10.937,22.312,21.437,11.125,1783675024.5245233
10.937,22.312,21.437,11.125,1783675084.9080682
10.937,22.312,21.437,11.187,1783675145.2280507
11,22.312,21.437,11.187,1783675204.6200564
10.812,22.312,21.437,11.25,1783675264.9724717
10.75,22.312,21.437,11.25,1783675324.364067
10.75,22.312,21.437,11.25,1783675384.7160683
10.75,22.312,21.437,11.25,1783675445.067994
10.625,22.312,21.437,11.187,1783675504.4920547
10.562,22.312,21.437,11.187,1783675564.8440626
10.5,22.312,21.437,11.187,1783675625.2280653
10.5,22.312,21.437,11.187,1783675684.588058
10.562,22.312,21.437,11.125,1783675744.9400532
10.687,22.312,21.437,11.187,1783675805.2920609
10.625,22.312,21.437,11.187,1783675864.7164965
10.687,22.312,21.437,11.187,1783675925.103979
10.687,22.312,21.437,11.187,1783675984.3964477
10.625,22.25,21.437,11.187,1783676044.7480624
10.687,22.25,21.437,11.187,1783676105.0363886
10.75,22.312,21.437,11.187,1783676164.428064
10.812,22.25,21.437,11.25,1783676224.8760583
10.812,22.25,21.437,11.25,1783676285.2280674
10.75,22.25,21.437,11.25,1783676344.5880523
10.75,22.312,21.437,11.25,1783676404.9400702
10.687,22.25,21.437,11.25,1783676465.3240676
10.687,22.25,21.437,11.187,1783676524.6840715
10.687,22.25,21.437,11.187,1783676585.0999804
10.75,22.25,21.437,11.25,1783676644.4600532
10.75,22.25,21.437,11.25,1783676704.8120584
10.812,22.25,21.437,11.312,1783676765.1639798
10.75,22.25,21.437,11.312,1783676825
10.875,22.25,21.437,11.312,1783676884.876067
10.812,22.25,21.437,11.312,1783676945.1960824
10.812,22.25,21.437,11.312,1783677004.5880718
10.812,22.25,21.437,11.312,1783677064.9400551
10.812,22.25,21.437,11.312,1783677125.232523
10.812,22.25,21.437,11.312,1783677184.5565026
10.75,22.25,21.437,11.25,1783677244.8760698
10.687,22.187,21.437,11.25,1783677305.1639912
10.687,22.25,21.437,11.187,1783677364.5560668
10.687,22.25,21.437,11.187,1783677424.9400516
10.812,22.25,21.437,11.187,1783677485.2284992
10.937,22.25,21.437,11.187,1783677544.6200516
10.937,22.187,21.437,11.187,1783677604.9720309
10.875,22.25,21.437,11.25,1783677665.2600574
10.812,22.187,21.437,11.312,1783677724.684056
10.937,22.187,21.437,11.25,1783677785.0359833
10.875,22.187,21.437,11.312,1783677844.396054
10.875,22.187,21.437,11.25,1783677904.7480721
10.937,22.187,21.437,11.312,1783677965.0999765
11,22.187,21.437,11.312,1783678024.4280627
11.062,22.187,21.437,11.312,1783678084.8440545
10.937,22.187,21.437,11.375,1783678145.1960845
11.062,22.187,21.437,11.375,1783678204.5560665
11.125,22.187,21.437,11.375,1783678264.9080544
11.062,22.187,21.437,11.375,1783678325.260068
11,22.187,21.437,11.375,1783678384.5560665
10.937,22.187,21.437,11.312,1783678444.9720387
10.875,22.187,21.437,11.312,1783678505.324073
10.875,22.125,21.437,11.312,1783678564.6840572
10.75,22.187,21.437,11.25,1783678624.9724665
10.812,22.125,21.437,11.25,1783678684.3000624
10.812,22.125,21.437,11.187,1783678744.6520598
11,22.125,21.375,11.25,1783678805.067974
11.062,22.125,21.437,11.25,1783678864.428064
11.187,22.062,21.437,11.312,1783678924.780049
10.937,22.125,21.437,11.312,1783678985.1319785
10.875,22.125,21.375,11.312,1783679044.4920535
10.875,22.125,21.437,11.312,1783679104.7800512
10.937,22.062,21.375,11.312,1783679165
11,22.062,21.375,11.312,1783679224.5240555
11.062,22.062,21.437,11.375,1783679284.908055
11.125,22.062,21.375,11.312,1783679345.2600458
11.187,22,21.437,11.375,1783679404.5565076
11.062,22,21.375,11.375,1783679464.8760514
11,22.062,21.375,11.375,1783679525.2285254
11.062,22,21.375,11.375,1783679584.6844995
11.062,22,21.375,11.375,1783679645.0679796
11,22,21.375,11.375,1783679704.4280663
11.125,22,21.375,11.375,1783679764.7800574
11.062,22,21.375,11.375,1783679825.1319773
11.062,21.937,21.375,11.312,1783679884.4920516
11.062,22,21.375,11.375,1783679944.9080522
11.062,21.937,21.375,11.375,1783680005.2600698
11.187,21.937,21.375,11.437,1783680064.6200576
11.187,21.937,21.375,11.437,1783680124.9720354
11.187,21.937,21.375,11.5,1783680185.3240714
11.187,21.937,21.375,11.5,1783680244.684053
11,21.937,21.375,11.5,1783680305.0999694
11.125,21.875,21.375,11.5,1783680364.4600637
11.125,21.875,21.375,11.5,1783680424.8120677
11.187,21.875,21.375,11.5,1783680485.163985
11.25,21.875,21.375,11.562,1783680544.4605143
11.25,21.875,21.375,11.562,1783680604.8440604
11.25,21.812,21.375,11.562,1783680665.1319797
11.312,21.812,21.375,11.625,1783680724.5240586
11.25,21.75,21.312,11.625,1783680784.8765228
11.187,21.812,21.375,11.687,1783680845.1966953
11.125,21.812,21.312,11.687,1783680904.588055
11.187,21.812,21.312,11.687,1783680964.876064
11.25,21.812,21.312,11.687,1783681025.2280638
11.25,21.75,21.312,11.687,1783681084.6520548
11.25,21.812,21.312,11.687,1783681145.0039883
11.312,21.812,21.312,11.687,1783681204.300514
11.375,21.75,21.312,11.687,1783681264.6205196
11.437,21.75,21.312,11.687,1783681325.0039775
11.437,21.812,21.312,11.75,1783681384.3640616
11.437,21.75,21.312,11.687,1783681444.7800577
11.375,21.75,21.312,11.75,1783681505.1319754
11.375,21.75,21.312,11.687,1783681564.4285123
11.312,21.687,21.312,11.687,1783681624.812068
11.375,21.687,21.312,11.687,1783681685.1003773
11.375,21.687,21.312,11.687,1783681744.4920576
11.375,21.687,21.312,11.687,1783681804.9400694
11.375,21.687,21.312,11.687,1783681865.2920516
11.375,21.687,21.312,11.687,1783681924.5885186
11.25,21.687,21.312,11.687,1783681984.9720395
11.312,21.625,21.312,11.625,1783682045.3240569
11.187,21.687,21.312,11.625,1783682104.684072
11.312,21.625,21.312,11.625,1783682165.099996
11.5,21.562,21.25,11.687,1783682224.460058
11.437,21.562,21.25,11.687,1783682284.8440704
11.375,21.562,21.25,11.75,1783682345.2000566
11.25,21.562,21.25,11.75,1783682404.4925294
11.312,21.562,21.25,11.687,1783682464.8760645
11.375,21.5,21.25,11.687,1783682525.1960611
11.375,21.5,21.25,11.687,1783682584.5880706
11.312,21.5,21.25,11.687,1783682645
11.375,21.5,21.25,11.687,1783682705.2920694
11.312,21.5,21.25,11.75,1783682764.6520715
11.375,21.5,21.25,11.75,1783682825.0039787
11.375,21.5,21.25,11.75,1783682884.4280646
11.437,21.5,21.25,11.75,1783682944.780055
11.562,21.5,21.25,11.812,1783683005.1319747
11.687,21.437,21.25,11.875,1783683064.492058
11.625,21.437,21.25,11.875,1783683124.7804806
11.625,21.437,21.25,11.937,1783683185.099978
11.687,21.437,21.187,12,1783683244.5240538
11.5,21.437,21.25,12,1783683304.8760629
11.562,21.437,21.25,12,1783683365.2280471
11.5,21.437,21.25,12.062,1783683424.588059
11.562,21.437,21.25,12.062,1783683484.9400454
11.75,21.437,21.25,12.125,1783683545.2920535
11.812,21.437,21.187,12.125,1783683604.7160547
11.875,21.437,21.187,12.125,1783683665.067987
11.937,21.437,21.187,12.187,1783683724.4280586
12,21.437,21.187,12.25,1783683784.780052
12.062,21.437,21.187,12.312,1783683845.1319885
12.062,21.437,21.187,12.312,1783683904.4920633
12.125,21.437,21.187,12.312,1783683964.9080584
12.187,21.437,21.187,12.375,1783684025.2600667
12.125,21.437,21.187,12.437,1783684084.6200576
12.125,21.437,21.187,12.375,1783684144.9720352
12.125,21.437,21.187,12.437,1783684205.324067
12.125,21.375,21.187,12.5,1783684264.6840622
12.25,21.437,21.187,12.5,1783684325.0999782
12.062,21.437,21.187,12.5,1783684384.4600565
12,21.437,21.187,12.5,1783684444.8440557
11.937,21.375,21.187,12.5,1783684505.1960669
12,21.375,21.125,12.5,1783684564.5560577
12,21.375,21.187,12.562,1783684624.9080613
12,21.375,21.187,12.5,1783684685.260067
12.125,21.375,21.125,12.562,1783684744.6520686
12.062,21.437,21.187,12.562,1783684805.0039845
12.125,21.375,21.125,12.562,1783684864.364067
12.187,21.375,21.125,12.562,1783684924.7160575
12,21.437,21.187,12.562,1783684985.0039937
11.937,21.437,21.125,12.562,1783685044.4280524
11.812,21.375,21.125,12.562,1783685104.7800512
11.687,21.375,21.125,12.562,1783685165.1319802
11.875,21.437,21.125,12.562,1783685224
12.062,21.375,21.125,12.562,1783685284.8440578
12,21.375,21.125,12.562,1783685345.196078
12,21.375,21.125,12.562,1783685404.6200683
11.812,21.437,21.125,12.562,1783685464.9720342
11.875,21.375,21.125,12.625,1783685525.3240662
12.187,21.375,21.125,12.625,1783685584.6840708
12.375,21.375,21.125,12.687,1783685645.0359957
12.125,21.375,21.125,12.75,1783685704.3960552
12.125,21.375,21.125,12.75,1783685764.844065
12.125,21.375,21.125,12.75,1783685825.1960924
12,21.375,21.125,12.75,1783685884.5560534
12.125,21.375,21.125,12.812,1783685944.9080524
12.125,21.375,21.125,12.812,1783686005.196674
12,21.375,21.062,12.812,1783686064.5880537
11.937,21.375,21.125,12.812,1783686125.0039968
11.875,21.375,21.125,12.812,1783686184.3640637
11.937,21.375,21.125,12.812,1783686244.7160673
12,21.375,21.062,12.812,1783686305.0679724
11.937,21.375,21.062,12.812,1783686364.4280522
12,21.375,21.062,12.75,1783686424.7800543
12,21.375,21.062,12.812,1783686485.099977
12.25,21.375,21.062,12.875,1783686544.4920592
12.25,21.375,21.062,12.875,1783686604.844055
12.312,21.375,21.062,12.937,1783686665.200055
12.187,21.375,21.125,12.937,1783686724.5560546
12.187,21.375,21.062,12.937,1783686784.908048
12.062,21.375,21.125,12.937,1783686845.2600656
12,21.375,21.062,12.937,1783686904.6840525
12.25,21.375,21.062,12.937,1783686965.0363648
12.375,21.375,21.062,13,1783687024.428048
12.062,21.375,21.062,13,1783687084.716474
11.937,21.375,21.062,13,1783687145.100368
12.125,21.375,21.062,13,1783687204.4280496
12.25,21.375,21.062,13,1783687264.8444867
12.312,21.375,21.062,13.062,1783687325.228067
12.562,21.375,21.062,13.062,1783687384.5245264
12.562,21.375,21.062,13.125,1783687444.9080532
12.687,21.375,21.062,13.125,1783687505.2600694
12.875,21.375,21.062,13.187,1783687564.6200724
12.875,21.375,21.062,13.187,1783687625.0359817
12.75,21.375,21.062,13.187,1783687684.3960688
12.625,21.375,21,13.25,1783687744.7480643
12.25,21.375,21.062,13.25,1783687805.0999827
12.187,21.375,21.062,13.25,1783687864
12.25,21.375,21.062,13.187,1783687924.780048
12.375,21.375,21.062,13.187,1783687985.1319811
12.375,21.375,21.062,13.25,1783688044.5240676
12.375,21.375,21.062,13.25,1783688104.876059
12.562,21.375,21,13.312,1783688165.2280486
12.687,21.312,21.062,13.312,1783688224.5880544
12.312,21.312,21.062,13.312,1783688284.9400663
12.375,21.375,21.062,13.312,1783688345.2920647
12.312,21.375,21,13.312,1783688405
12.187,21.375,21.062,13.312,1783688465.067986
12.125,21.312,21,13.187,1783688524.4280527
12,21.375,21,13.25,1783688584.7165115
12.062,21.312,21,13.187,1783688645.0999956
12,21.375,21.062,13.187,1783688704.396053
12.062,21.375,21,13.125,1783688764.812069
12,21.375,21,13.125,1783688825.1639886
12.25,21.375,21,13.125,1783688884.460512
12.187,21.375,21,13.125,1783688944.780494
12.312,21.312,21,13.187,1783689005.100383
12.25,21.375,21,13.187,1783689064.4920497
12.312,21.375,21,13.25,1783689124.9085295
12.187,21.375,21,13.187,1783689185.292052
12.312,21.375,21,13.25,1783689244.6520658
12.25,21.375,21,13.25,1783689305.0039868
12.312,21.375,21,13.25,1783689364.364053
12.437,21.375,21,13.25,1783689424.7160597
12.5,21.375,21,13.312,1783689485.1319723
12.437,21.375,21,13.312,1783689544.4920516
12.562,21.375,21,13.312,1783689604.8440506
12.687,21.375,21,13.375,1783689665.132375
12.625,21.375,21,13.375,1783689724.4920678
12.687,21.312,21,13.375,1783689784.8440506
12.625,21.375,21,13.437,1783689845.1960735
12.875,21.375,21,13.437,1783689904.5920591
12.687,21.375,21,13.437,1783689964.9400578
12.625,21.375,21,13.437,1783690025.292055
12.562,21.312,21,13.5,1783690084.6520529
12.687,21.312,21,13.5,1783690144.9400551
12.625,21.312,21,13.5,1783690205.2920482
12.687,21.312,21,13.5,1783690264.7160673
12.687,21.312,21,13.562,1783690325.0679827
12.625,21.312,21,13.562,1783690384.3645277
12.75,21.375,21,13.562,1783690444.7480516
12.875,21.437,21,13.562,1783690505.0363994
12.75,21.5,21,13.625,1783690564.3960702
